{
"type": "FeatureCollection",
"name": "PRC_Edificacion",
"crs": { "type": "name", "properties": { "name": "urn:ogc:def:crs:OGC:1.3:CRS84" } },
"features": [
{ "type": "Feature", "properties": { "OBJECTID": 11, "NOMBRE": "AREAS DE EDIFICACIÓN ALTA", "NOMBRE_ZON": "FRANJA AV. RECOLETA SUR", "ZONA": "E-A1", "Shape_STAr": 526741.29871999996, "Shape_STLe": 7291.14045592 }, "geometry": { "type": "MultiPolygon", "coordinates": [ [ [ [ -70.644303759583451, -33.420401066661675 ], [ -70.644298993640575, -33.420402000116603 ], [ -70.644298976374117, -33.420401939922932 ], [ -70.642741790826207, -33.420693273853182 ], [ -70.642863232270997, -33.421082241333529 ], [ -70.64298419063023, -33.421469652182878 ], [ -70.643246844315399, -33.422311006163156 ], [ -70.643386984644707, -33.422759911479972 ], [ -70.643565589920101, -33.423332021556348 ], [ -70.643636398172319, -33.42355883287091 ], [ -70.643722047425385, -33.423751815504623 ], [ -70.643932186787993, -33.424225499738363 ], [ -70.644179115305434, -33.424782038310909 ], [ -70.644415156129526, -33.425314028591934 ], [ -70.644530006198067, -33.425578037359585 ], [ -70.644705973488101, -33.426419497921927 ], [ -70.644771693322113, -33.426919823843349 ], [ -70.645103031056522, -33.428062956698454 ], [ -70.645403004683956, -33.429100389986004 ], [ -70.64566830895285, -33.430020394521399 ], [ -70.645858646520495, -33.430672911956286 ], [ -70.646047167931016, -33.431290033808864 ], [ -70.646256391371267, -33.43197491249758 ], [ -70.646330202006155, -33.432145313142264 ], [ -70.646400426557562, -33.432307435676691 ], [ -70.64489446799837, -33.432628301883689 ], [ -70.642970493193687, -33.433030450264404 ], [ -70.642398814049528, -33.433150595457469 ], [ -70.642335487197727, -33.43317131054232 ], [ -70.641666650447846, -33.433390867156817 ], [ -70.641223548014196, -33.433526469990454 ], [ -70.640032063154919, -33.433892673028744 ], [ -70.638676586975649, -33.434314935359581 ], [ -70.637871536302924, -33.434412088241736 ], [ -70.637158918670963, -33.434498019629331 ], [ -70.636495596982414, -33.434472404719166 ], [ -70.63559371280185, -33.434432711130512 ], [ -70.635593111743859, -33.434432664949327 ], [ -70.635531479714615, -33.434793197761174 ], [ -70.63553130911346, -33.434794194729122 ], [ -70.636961112664338, -33.43487098984442 ], [ -70.63705119826011, -33.434875828313579 ], [ -70.638571007338342, -33.434709734473181 ], [ -70.638672061259683, -33.434680609144365 ], [ -70.639141262618622, -33.434540828484131 ], [ -70.640038174542696, -33.434266758132033 ], [ -70.640546139288986, -33.434111536941479 ], [ -70.641150391754522, -33.433897949951692 ], [ -70.64241262603764, -33.433456812237274 ], [ -70.642626742906231, -33.434018256033568 ], [ -70.642632712230693, -33.434016871106664 ], [ -70.646325110531734, -33.4331689469088 ], [ -70.647930631217235, -33.43277029761424 ], [ -70.647789551492622, -33.432153272774009 ], [ -70.648021960099612, -33.432027897197038 ], [ -70.648182892460795, -33.431970206506108 ], [ -70.648562215765295, -33.431851569752006 ], [ -70.651242071447768, -33.431308613343404 ], [ -70.651687298547301, -33.431217235510104 ], [ -70.651694870984727, -33.431140169137002 ], [ -70.651701819518465, -33.431069457228674 ], [ -70.651682805442817, -33.430890118001798 ], [ -70.651584899995456, -33.430013278944074 ], [ -70.651483513356169, -33.428621475089521 ], [ -70.651417646549646, -33.427913938141238 ], [ -70.651345834055832, -33.427107060084737 ], [ -70.648017460585919, -33.428226657184425 ], [ -70.647835504354262, -33.427476833524786 ], [ -70.647666549993801, -33.426789204432765 ], [ -70.647513508204611, -33.426166333096255 ], [ -70.647336727709742, -33.425446832080674 ], [ -70.647154815885102, -33.424706430428245 ], [ -70.647137759701749, -33.42464630841571 ], [ -70.647146471925922, -33.424588959956097 ], [ -70.647060506456782, -33.424302761140801 ], [ -70.646921464350768, -33.423856719093131 ], [ -70.646699815716858, -33.423162263890163 ], [ -70.646611042429612, -33.422883660163265 ], [ -70.646583452138429, -33.422796902615161 ], [ -70.646523234871339, -33.422623135118506 ], [ -70.646484685969767, -33.422511894090832 ], [ -70.646468280750952, -33.422464553947833 ], [ -70.646364501622969, -33.422165077978924 ], [ -70.646343847108184, -33.422105474340754 ], [ -70.646282837599273, -33.421890314240557 ], [ -70.646247642564475, -33.421766194665274 ], [ -70.645500906758386, -33.421853728102342 ], [ -70.645406758498098, -33.421560941275921 ], [ -70.64535530552736, -33.421393863849687 ], [ -70.644614565331523, -33.421499188426438 ], [ -70.644322850318389, -33.420484947027354 ], [ -70.644303759583451, -33.420401066661675 ] ], [ [ -70.651136014679651, -33.427239226561959 ], [ -70.65120236186543, -33.4272118817102 ], [ -70.65124709130167, -33.42722634481914 ], [ -70.65124797949403, -33.427226675686455 ], [ -70.651248858398333, -33.427232308520757 ], [ -70.651269380407271, -33.427408804239391 ], [ -70.651300021702667, -33.427672330416236 ], [ -70.651323035373409, -33.427870260027923 ], [ -70.651342364315823, -33.428036499787567 ], [ -70.651353154241733, -33.428129294810589 ], [ -70.651361630206551, -33.428202188460205 ], [ -70.651353381577579, -33.428207108653744 ], [ -70.651344327828909, -33.428216425154375 ], [ -70.651338238836715, -33.428234631164855 ], [ -70.651344267352513, -33.428248040415902 ], [ -70.651361165880672, -33.428260520321011 ], [ -70.651361388745869, -33.428261724899798 ], [ -70.651373749432551, -33.428346763125184 ], [ -70.651376195629936, -33.428615080058108 ], [ -70.651359746349712, -33.428633362714606 ], [ -70.651273427934569, -33.428655502223805 ], [ -70.651248513141596, -33.428398716740659 ], [ -70.65118206488232, -33.427713860191844 ], [ -70.651136014679651, -33.427239226561959 ] ], [ [ -70.651374644289788, -33.430901188082949 ], [ -70.651372636050681, -33.430736579112406 ], [ -70.651370053446598, -33.430549881223236 ], [ -70.651494391893436, -33.430523276234368 ], [ -70.651493076617513, -33.430509884487449 ], [ -70.651522900760796, -33.4305048284318 ], [ -70.651526020673401, -33.430544611554822 ], [ -70.65155625840363, -33.43054441082954 ], [ -70.651577707815292, -33.430820748814369 ], [ -70.651594259555353, -33.43101631767022 ], [ -70.651585722298435, -33.431017881519153 ], [ -70.651584181914416, -33.431049209856539 ], [ -70.651552220358411, -33.431051536611733 ], [ -70.651526367605882, -33.431064741897799 ], [ -70.651494708640158, -33.431110179145854 ], [ -70.651377536523881, -33.43113818123161 ], [ -70.651374644289788, -33.430901188082949 ] ], [ [ -70.651317552740267, -33.429448352978724 ], [ -70.651435409888791, -33.429426255138786 ], [ -70.651462542491885, -33.429715523661812 ], [ -70.651497956934392, -33.430093069924631 ], [ -70.65152000049963, -33.430328062086581 ], [ -70.651496702482461, -33.430364719617437 ], [ -70.651410241559759, -33.430382319542893 ], [ -70.651374205763773, -33.430026752752902 ], [ -70.651342785063477, -33.429705969262578 ], [ -70.651317552740267, -33.429448352978724 ] ], [ [ -70.647926916039083, -33.43113875730721 ], [ -70.647993905652868, -33.431340446308504 ], [ -70.648044840101178, -33.431483173442267 ], [ -70.648090775310564, -33.431621910576162 ], [ -70.648117353351125, -33.431703066277976 ], [ -70.648112471931526, -33.431709811896624 ], [ -70.648110229058062, -33.431711559688907 ], [ -70.648107286062512, -33.431712458247127 ], [ -70.648103890002531, -33.431713457519059 ], [ -70.648098750288355, -33.431712571699748 ], [ -70.648094749305628, -33.431711669843139 ], [ -70.648089538512068, -33.431706967532946 ], [ -70.647928501971094, -33.431528241819343 ], [ -70.647863943973931, -33.431455130988638 ], [ -70.647844110127721, -33.431429624848484 ], [ -70.647835783541197, -33.431410646520803 ], [ -70.647732253930201, -33.431263130586593 ], [ -70.647719356535703, -33.431243258854806 ], [ -70.647718761355804, -33.431211770438146 ], [ -70.64772311469892, -33.431201213514029 ], [ -70.647729573111675, -33.431181561643221 ], [ -70.647732337200054, -33.431177230410533 ], [ -70.647733421834047, -33.431174352695223 ], [ -70.647749679876455, -33.431161251340363 ], [ -70.647756426869677, -33.431156867180391 ], [ -70.647768375589024, -33.431156708399008 ], [ -70.647773479189141, -33.431155685543779 ], [ -70.647885701689631, -33.431130810721605 ], [ -70.647887977020886, -33.431130780483429 ], [ -70.647914160948659, -33.431130909574051 ], [ -70.647921307105776, -33.431135920750101 ], [ -70.647926916039083, -33.43113875730721 ] ], [ [ -70.647903636044148, -33.430995639147646 ], [ -70.647656724320754, -33.43103113265699 ], [ -70.647580255113283, -33.430749396930132 ], [ -70.647811438931328, -33.430703875045793 ], [ -70.647903636044148, -33.430995639147646 ] ], [ [ -70.651407693911636, -33.42921820389514 ], [ -70.651322290388023, -33.429234105949512 ], [ -70.651315649588724, -33.429166229986421 ], [ -70.651292383505336, -33.428928423177332 ], [ -70.651275302139638, -33.428753829638914 ], [ -70.651355293488109, -33.42873624474263 ], [ -70.651392429455328, -33.428753949066675 ], [ -70.651418478642626, -33.428981446983734 ], [ -70.651441398630723, -33.429181602579519 ], [ -70.651407693911636, -33.42921820389514 ] ], [ [ -70.651433941236448, -33.429408398681751 ], [ -70.651315827912967, -33.429431166381626 ], [ -70.651298452162251, -33.429253589930781 ], [ -70.651385785974767, -33.429235853120815 ], [ -70.651390753897175, -33.429234943752419 ], [ -70.651419529729225, -33.429252185836766 ], [ -70.651433941236448, -33.429408398681751 ] ] ] ] } },
{ "type": "Feature", "properties": { "OBJECTID": 12, "NOMBRE": "AREAS DE EDIFICACIÓN ALTA", "NOMBRE_ZON": "FRANJA AV. RECOLETA SUR", "ZONA": "E-A1", "Shape_STAr": 441389.58709400002, "Shape_STLe": 4694.45044435 }, "geometry": { "type": "MultiPolygon", "coordinates": [ [ [ [ -70.64335196916403, -33.418029510180503 ], [ -70.643892929700428, -33.418015437546501 ], [ -70.643892981782912, -33.418015462107398 ], [ -70.643892922953967, -33.418015079609425 ], [ -70.643806399799544, -33.417233177335845 ], [ -70.643735296867916, -33.416225556151446 ], [ -70.643729569414319, -33.416123127328746 ], [ -70.643689802690389, -33.415411955139781 ], [ -70.643632815080423, -33.414392783448577 ], [ -70.643526510480498, -33.412591086426957 ], [ -70.644937846892986, -33.412312586823589 ], [ -70.644891539048018, -33.411410893287474 ], [ -70.644837718389937, -33.410622192204684 ], [ -70.64481627070974, -33.41048533701521 ], [ -70.6448103715732, -33.410447695266988 ], [ -70.644813081728444, -33.410413607099201 ], [ -70.644793394219164, -33.41009804340392 ], [ -70.644721908757987, -33.408997621264611 ], [ -70.647128309115232, -33.408496181470618 ], [ -70.646160470766759, -33.405082911239724 ], [ -70.64572423452077, -33.403701885700137 ], [ -70.644440496177992, -33.403948772539323 ], [ -70.64438236443128, -33.402515477205192 ], [ -70.643686156962303, -33.402943134166868 ], [ -70.643068315588252, -33.403442270181088 ], [ -70.643131251562565, -33.404186779958309 ], [ -70.642465138078492, -33.404137545103055 ], [ -70.6410791371339, -33.404115336038124 ], [ -70.641056125351682, -33.404427425536056 ], [ -70.641051316624115, -33.404523467552991 ], [ -70.641050275072388, -33.404816282814515 ], [ -70.641051007653985, -33.404990170723465 ], [ -70.641061819558061, -33.405099161108552 ], [ -70.641118714543126, -33.405672673471123 ], [ -70.641115378017105, -33.405773009458485 ], [ -70.641100376073808, -33.40622415462461 ], [ -70.641081976821297, -33.406777439300555 ], [ -70.641059902659052, -33.407441260483807 ], [ -70.641044197939934, -33.40791353664212 ], [ -70.641039405958722, -33.408057637007524 ], [ -70.641051986154963, -33.408299432941057 ], [ -70.641054404341318, -33.40834590480496 ], [ -70.641150235559422, -33.408755008228766 ], [ -70.641260155274139, -33.409224246835244 ], [ -70.641573305008833, -33.410523708393029 ], [ -70.643146365046334, -33.409904156642455 ], [ -70.643176596572232, -33.410970838781729 ], [ -70.64323323259535, -33.412842486000422 ], [ -70.643258483673549, -33.413701160534849 ], [ -70.643353117434955, -33.413682289453703 ], [ -70.643342081588841, -33.413997123152001 ], [ -70.641521327866059, -33.414015334141325 ], [ -70.641086792519772, -33.414020642491785 ], [ -70.641275241764347, -33.414414894098414 ], [ -70.641601715760345, -33.415057164498883 ], [ -70.641652684978354, -33.415157434495704 ], [ -70.641750045180416, -33.415341652361462 ], [ -70.641827593214757, -33.415473602573762 ], [ -70.642005011306807, -33.415769931136595 ], [ -70.64249696131229, -33.416595947378312 ], [ -70.64335196916403, -33.418029510180503 ] ] ] ] } },
{ "type": "Feature", "properties": { "OBJECTID": 18, "NOMBRE": "AREAS DE EDIFICACIÓN ALTA", "NOMBRE_ZON": "FRANJA AV. RECOLETA NORTE EL SALTO, PERÚ Y A. VES", "ZONA": "E-A2", "Shape_STAr": 186748.301905, "Shape_STLe": 5952.7051554999998 }, "geometry": { "type": "MultiPolygon", "coordinates": [ [ [ [ -70.641165982583715, -33.420917506897361 ], [ -70.640450779749841, -33.421020109471947 ], [ -70.64044681047271, -33.421040072582251 ], [ -70.640371819246752, -33.4210514283427 ], [ -70.640401996261502, -33.420974930955033 ], [ -70.640138604109978, -33.420976209636464 ], [ -70.640081612277527, -33.421050507599269 ], [ -70.639977941360726, -33.421241395482063 ], [ -70.639933140784635, -33.421323885816655 ], [ -70.639917379286203, -33.421386352086429 ], [ -70.639865204277754, -33.421423664427472 ], [ -70.639774888911035, -33.421508992174935 ], [ -70.63973489044298, -33.421559252465187 ], [ -70.639721073805916, -33.421579483734533 ], [ -70.639688099336269, -33.421624039050563 ], [ -70.639634523919781, -33.421664615499857 ], [ -70.639565761790209, -33.421720569605661 ], [ -70.639509919681174, -33.421777760627528 ], [ -70.639490762928446, -33.421799114904921 ], [ -70.639468930933504, -33.421838744062192 ], [ -70.639421681062089, -33.421924510480771 ], [ -70.639359743575099, -33.422014910748182 ], [ -70.639293158028977, -33.42213919015758 ], [ -70.639214831691788, -33.422261191582898 ], [ -70.639197486587136, -33.42229248348702 ], [ -70.639124979007633, -33.4223742458394 ], [ -70.638998913732635, -33.422505988385517 ], [ -70.638922355215513, -33.422585270017919 ], [ -70.638823230578353, -33.422676653868749 ], [ -70.63873619162591, -33.422755321759396 ], [ -70.638697706316009, -33.422790361381963 ], [ -70.638901092332006, -33.422799692406556 ], [ -70.638852988558071, -33.423020908561618 ], [ -70.639383692457343, -33.42292939084421 ], [ -70.639056936198628, -33.424796534550538 ], [ -70.638861737235842, -33.425915062087434 ], [ -70.638667394926728, -33.425945249749724 ], [ -70.638675422927193, -33.425970966661353 ], [ -70.638674964566007, -33.426006035861647 ], [ -70.638673840083101, -33.426092015844013 ], [ -70.638669594568938, -33.426378634673199 ], [ -70.638669050714569, -33.426458139957163 ], [ -70.638690762021398, -33.42655164154624 ], [ -70.638762097313617, -33.426817363600655 ], [ -70.638832136135306, -33.427043955206592 ], [ -70.638924899446778, -33.427306159081361 ], [ -70.638999408494726, -33.427526429176787 ], [ -70.639003807459261, -33.427566824403193 ], [ -70.639007513797125, -33.427591315099598 ], [ -70.638989448986479, -33.427733817474959 ], [ -70.638989420660849, -33.427734027073811 ], [ -70.63899904182928, -33.427739721219012 ], [ -70.639035994703264, -33.427817635153048 ], [ -70.639055975078676, -33.427873142902804 ], [ -70.639098073289404, -33.427938636446946 ], [ -70.639151735120805, -33.428022120127366 ], [ -70.639253825172887, -33.428180944536273 ], [ -70.639293810835269, -33.428243150807369 ], [ -70.639313860588601, -33.42826034877929 ], [ -70.639411363255036, -33.428330017511499 ], [ -70.639698219530288, -33.428534982913028 ], [ -70.639810465456449, -33.428615185429528 ], [ -70.639893608659833, -33.428671778646105 ], [ -70.639990994731036, -33.428744176477295 ], [ -70.640099738139668, -33.428819060962098 ], [ -70.640156427804001, -33.428846446422305 ], [ -70.640664262460248, -33.429091762552552 ], [ -70.640971606455778, -33.42923476240081 ], [ -70.641083452367113, -33.429328229506282 ], [ -70.641185874759969, -33.429464728443413 ], [ -70.641266244625129, -33.42968784944739 ], [ -70.641287204810212, -33.429855971422121 ], [ -70.64142371315647, -33.430950919025854 ], [ -70.641505219177233, -33.43160468037069 ], [ -70.641562012418817, -33.432138470238776 ], [ -70.641598114537942, -33.432528515570212 ], [ -70.641677604382153, -33.43338727173316 ], [ -70.642335487197727, -33.43317131054232 ], [ -70.642333724836078, -33.433125269401955 ], [ -70.642332355173124, -33.433054514770276 ], [ -70.642314440760444, -33.433026405782805 ], [ -70.642300731058867, -33.432991171670139 ], [ -70.642299603996804, -33.432932949235585 ], [ -70.642296529739895, -33.432803516274817 ], [ -70.642285440373314, -33.432650171076432 ], [ -70.642284442418728, -33.432598571759215 ], [ -70.642292417577039, -33.432591246995294 ], [ -70.64232280840038, -33.432590909405477 ], [ -70.642356386585931, -33.43262136309972 ], [ -70.642381573225009, -33.432905347083803 ], [ -70.642391741711393, -33.433011233126528 ], [ -70.642393590927966, -33.433106751920548 ], [ -70.642396238809809, -33.433151437606327 ], [ -70.642398814049528, -33.433150595457469 ], [ -70.642969928587945, -33.433030568670432 ], [ -70.642969922103902, -33.433030338790196 ], [ -70.642880555368677, -33.432327415132541 ], [ -70.642769490452238, -33.431456284778776 ], [ -70.64271075017966, -33.430996242191306 ], [ -70.642657465389306, -33.430580239303033 ], [ -70.642568260240765, -33.429881583095813 ], [ -70.642516578957583, -33.429507960994343 ], [ -70.642454007105783, -33.429236751371192 ], [ -70.642430809474874, -33.429168857833041 ], [ -70.642320600850852, -33.428943640150678 ], [ -70.642233252179508, -33.428845970076743 ], [ -70.642137381117848, -33.428735794407224 ], [ -70.641966517311602, -33.428545841181631 ], [ -70.641821300461956, -33.428378907310297 ], [ -70.641657619086189, -33.428222351555654 ], [ -70.641481871162398, -33.428050960588436 ], [ -70.641313071437068, -33.427886345720644 ], [ -70.641188299575958, -33.427764665678545 ], [ -70.641157466745909, -33.427703951370788 ], [ -70.64111788654111, -33.427623573000403 ], [ -70.640761266309866, -33.426925509164221 ], [ -70.640734911988005, -33.426887568894124 ], [ -70.640724839272423, -33.426867996293304 ], [ -70.64055670306054, -33.426295170161609 ], [ -70.640384439794758, -33.425710080217755 ], [ -70.640379979160471, -33.425677695904561 ], [ -70.640521755828672, -33.424897918445453 ], [ -70.640545440458695, -33.424767651469878 ], [ -70.640584633409503, -33.424552089891485 ], [ -70.640607741825804, -33.424424988731054 ], [ -70.640623071604921, -33.424264470365578 ], [ -70.640684408925367, -33.423647966195063 ], [ -70.640785300380173, -33.422724876515225 ], [ -70.640951075801226, -33.421897989404656 ], [ -70.640972810620468, -33.421790992781595 ], [ -70.640992192453993, -33.42174367071631 ], [ -70.641013130613658, -33.42168721325875 ], [ -70.641034782146306, -33.42157825444189 ], [ -70.641144287213862, -33.421027835300272 ], [ -70.641165865542476, -33.420918602366065 ], [ -70.641165982583715, -33.420917506897361 ] ], [ [ -70.64194794785017, -33.430053961039114 ], [ -70.641977757444877, -33.430214339820978 ], [ -70.641977829455357, -33.430214337063767 ], [ -70.641979175651272, -33.430221967646737 ], [ -70.642082914400433, -33.430810047137641 ], [ -70.642172246585233, -33.431418922237455 ], [ -70.642183742524253, -33.431504690795194 ], [ -70.642186415000708, -33.43152488521779 ], [ -70.642168244522182, -33.431533978208016 ], [ -70.642147418659818, -33.431534917759421 ], [ -70.642132597957726, -33.431531929677774 ], [ -70.64211536919116, -33.431524895416224 ], [ -70.642103669102937, -33.431447756446047 ], [ -70.642079779961065, -33.431325700993447 ], [ -70.642062934178512, -33.431193391358846 ], [ -70.642046247006448, -33.43105202616136 ], [ -70.642018389678128, -33.430816018576031 ], [ -70.641990406718563, -33.430614674419893 ], [ -70.641934592465574, -33.430294766516433 ], [ -70.641922158667228, -33.430227363446988 ], [ -70.641920590725974, -33.430218866436675 ], [ -70.641868634081206, -33.429952588751327 ], [ -70.641856480369839, -33.429892798807074 ], [ -70.641851133274216, -33.429854393984968 ], [ -70.641849122051781, -33.429804312304483 ], [ -70.641844617020908, -33.429753966039478 ], [ -70.641833834063178, -33.429653594584991 ], [ -70.641826337829215, -33.429595532195215 ], [ -70.641824729914234, -33.429585710925309 ], [ -70.641823888930006, -33.42957886275056 ], [ -70.641817433737202, -33.429557174465273 ], [ -70.641807773964914, -33.42951644050072 ], [ -70.641799066443241, -33.429488519736232 ], [ -70.641783581521665, -33.429440704177559 ], [ -70.641764998746567, -33.429379508615035 ], [ -70.641757358989807, -33.429351572807718 ], [ -70.641755142475603, -33.429328337675699 ], [ -70.641752243286149, -33.429306603206818 ], [ -70.641751424757089, -33.42930094695155 ], [ -70.641747327586586, -33.429291158636957 ], [ -70.641737999184087, -33.429268017663126 ], [ -70.641732577046696, -33.42924452736785 ], [ -70.641729535317523, -33.429234128068252 ], [ -70.641729039022692, -33.429226678318074 ], [ -70.641726130759849, -33.429185556451692 ], [ -70.641723621185733, -33.429165606051619 ], [ -70.641723209121551, -33.429162629159123 ], [ -70.641718971584922, -33.429145386380611 ], [ -70.641710213572651, -33.429114780629327 ], [ -70.641708594459374, -33.42910436339622 ], [ -70.641689115948495, -33.429090006238319 ], [ -70.641686868927579, -33.42908114215065 ], [ -70.641663129532986, -33.42904772984123 ], [ -70.641636514273259, -33.429010268511071 ], [ -70.641615868055865, -33.428970052426955 ], [ -70.641610484509869, -33.428959975416561 ], [ -70.641609901429092, -33.428958882904418 ], [ -70.641298587840097, -33.42876202223286 ], [ -70.641163385840414, -33.428655460536618 ], [ -70.640996110703782, -33.428518336281542 ], [ -70.640814660145779, -33.428346559895623 ], [ -70.640739616620877, -33.428267625532456 ], [ -70.640695798381472, -33.428219738294125 ], [ -70.640666855392126, -33.428179654356192 ], [ -70.640634690756102, -33.428134974025404 ], [ -70.640570737987815, -33.428046583232444 ], [ -70.640509309919679, -33.427964724319573 ], [ -70.640477635272646, -33.427918982321351 ], [ -70.640397730820297, -33.427810997384206 ], [ -70.640371083898089, -33.427767001523321 ], [ -70.640290863443397, -33.427634545042807 ], [ -70.640212493617682, -33.427505143772635 ], [ -70.64020142557348, -33.42749286205823 ], [ -70.640200963180618, -33.4274578780973 ], [ -70.640205893513482, -33.427445135869327 ], [ -70.64021386061782, -33.427434024563816 ], [ -70.640230379776696, -33.427431004081164 ], [ -70.640239054895503, -33.427443578073422 ], [ -70.640252227824959, -33.427466383346079 ], [ -70.640270695932927, -33.427490236844186 ], [ -70.640318520451245, -33.427573311136612 ], [ -70.640375736973823, -33.427671955703481 ], [ -70.640472310978978, -33.427798580093203 ], [ -70.640554503787996, -33.427916772272013 ], [ -70.640564096767761, -33.42793067872325 ], [ -70.640611772630209, -33.427994679363429 ], [ -70.640686638044158, -33.428094630593414 ], [ -70.64070737824683, -33.428118843548226 ], [ -70.640753612996008, -33.428168779329944 ], [ -70.640939080045371, -33.428375063464841 ], [ -70.64105951236894, -33.428485813281924 ], [ -70.641166852072814, -33.428580829793987 ], [ -70.641239751496514, -33.428645359390124 ], [ -70.641281120367807, -33.428682059189022 ], [ -70.641346028702429, -33.428727508075475 ], [ -70.641653986663314, -33.428924373373334 ], [ -70.641702260185227, -33.42899964933185 ], [ -70.641721277076016, -33.429029303108294 ], [ -70.641780231147152, -33.429081462636702 ], [ -70.641780568076001, -33.429099354067503 ], [ -70.641802987782498, -33.42923208149346 ], [ -70.64180949803324, -33.429275541905326 ], [ -70.641821086837766, -33.429324303662057 ], [ -70.641852045435172, -33.429419337005491 ], [ -70.641882045853407, -33.429614599649618 ], [ -70.641895055273409, -33.429700923593096 ], [ -70.641908524145975, -33.429811698143467 ], [ -70.641928372866758, -33.429921195995362 ], [ -70.64194794785017, -33.430053961039114 ] ], [ [ -70.640158035133126, -33.42714962885011 ], [ -70.640105728439522, -33.427200295546164 ], [ -70.640037705844506, -33.427198686305758 ], [ -70.640006126400877, -33.427149171462958 ], [ -70.639981878495817, -33.427080827752484 ], [ -70.639948866438417, -33.426938275664597 ], [ -70.639899484104262, -33.426714126978716 ], [ -70.639849938904973, -33.426502805332937 ], [ -70.639822624135107, -33.426390266493421 ], [ -70.639777789555623, -33.426247713753042 ], [ -70.639756696812285, -33.426181441247465 ], [ -70.6397151229352, -33.425992254135835 ], [ -70.639759117776052, -33.425931757545634 ], [ -70.63981272798334, -33.425943509227935 ], [ -70.639852097009467, -33.425977884024299 ], [ -70.639863865525768, -33.426023477314203 ], [ -70.639923523820144, -33.426266039885292 ], [ -70.640014682072604, -33.426635651309589 ], [ -70.640086115326014, -33.426896300245055 ], [ -70.640158035133126, -33.42714962885011 ] ], [ [ -70.639966853119731, -33.424844173430586 ], [ -70.639914526247637, -33.424889985758611 ], [ -70.639815989026005, -33.424859761710593 ], [ -70.639988151744845, -33.423968741701835 ], [ -70.640026037514744, -33.423943512503783 ], [ -70.64010932803231, -33.423942761792901 ], [ -70.640139647477156, -33.423967377561816 ], [ -70.639966853119731, -33.424844173430586 ] ], [ [ -70.640135501118465, -33.423839221055573 ], [ -70.639992255575891, -33.423866143964645 ], [ -70.639999493579396, -33.423828804475882 ], [ -70.640041752375183, -33.423553300231703 ], [ -70.640172429349903, -33.422889355570334 ], [ -70.640240659243048, -33.422883010619273 ], [ -70.640301650274552, -33.422914006954279 ], [ -70.640299250752932, -33.422942471586467 ], [ -70.640283583656725, -33.423049863101319 ], [ -70.640135501118465, -33.423839221055573 ] ], [ [ -70.640333931912835, -33.422762461226696 ], [ -70.640274066645432, -33.422783590216703 ], [ -70.640204132141733, -33.422746304649877 ], [ -70.640195032854038, -33.422719386329526 ], [ -70.640215899026998, -33.422630131298995 ], [ -70.640254680129942, -33.422448130497408 ], [ -70.640274786412348, -33.422310020748078 ], [ -70.640335269433251, -33.421876192634301 ], [ -70.640403295913799, -33.421856789994138 ], [ -70.640457207194927, -33.421886106015258 ], [ -70.640474163346568, -33.421919177286689 ], [ -70.640333931912835, -33.422762461226696 ] ], [ [ -70.640657944291689, -33.421037454572911 ], [ -70.640535362181623, -33.421768483583399 ], [ -70.640399815832723, -33.421768178013977 ], [ -70.640481147030087, -33.421311903454161 ], [ -70.640508348038466, -33.421075090992773 ], [ -70.64054523941229, -33.421028231781662 ], [ -70.640582153274991, -33.421018299501448 ], [ -70.640657944291689, -33.421037454572911 ] ], [ [ -70.639803208650477, -33.425645792337896 ], [ -70.639750402875691, -33.425654273381589 ], [ -70.63968903289279, -33.425629928312951 ], [ -70.639795590967609, -33.425006836696383 ], [ -70.639841183776298, -33.424987759828291 ], [ -70.639878771292004, -33.424979414161953 ], [ -70.63991005634945, -33.424993367501834 ], [ -70.639925400425781, -33.425041230311585 ], [ -70.639869492144257, -33.425404371710009 ], [ -70.639803208650477, -33.425645792337896 ] ], [ [ -70.642304763621212, -33.432504437615911 ], [ -70.642295649117855, -33.432512088601634 ], [ -70.642272495520203, -33.432512346563755 ], [ -70.642260134247365, -33.43250123742861 ], [ -70.642243811015973, -33.43249552139288 ], [ -70.642224541595098, -33.432347350989957 ], [ -70.642155782404529, -33.431828395439489 ], [ -70.642143009372532, -33.431731360119173 ], [ -70.642166827210147, -33.431714302244373 ], [ -70.642186742098858, -33.431711250045886 ], [ -70.642199765670455, -33.431711104619936 ], [ -70.642211884344832, -33.431718534811971 ], [ -70.642213962744378, -33.431733114200789 ], [ -70.642226627352599, -33.431828843297197 ], [ -70.64229877243632, -33.432354110943713 ], [ -70.642310379336763, -33.432464821673008 ], [ -70.642311491789229, -33.432493039575618 ], [ -70.642307493452378, -33.432499812957431 ], [ -70.642304763621212, -33.432504437615911 ] ] ] ] } },
{ "type": "Feature", "properties": { "OBJECTID": 57, "NOMBRE": "AREAS DE EDIFICACIÓN ALTA", "NOMBRE_ZON": "FRANJA AV. RECOLETA NORTE EL SALTO, PERÚ Y A. VES", "ZONA": "E-A2", "Shape_STAr": 260394.73540500001, "Shape_STLe": 7921.1077130100002 }, "geometry": { "type": "MultiPolygon", "coordinates": [ [ [ [ -70.647153988497379, -33.380057887839719 ], [ -70.646171554225276, -33.380431501293991 ], [ -70.645435100429879, -33.380710509652445 ], [ -70.644642350083259, -33.38101070624478 ], [ -70.644373642159621, -33.381112379692816 ], [ -70.644359316352492, -33.381085720102945 ], [ -70.644355850981256, -33.381087162063679 ], [ -70.644248552460596, -33.381131812404888 ], [ -70.642736298957146, -33.381902033487812 ], [ -70.64218695994694, -33.38221281809583 ], [ -70.641131068940979, -33.382853596049081 ], [ -70.640971493930778, -33.38295317856646 ], [ -70.640514182920825, -33.383238559787799 ], [ -70.640896337131622, -33.384181207464835 ], [ -70.641346605491862, -33.385300975800178 ], [ -70.641691280613003, -33.386165550166659 ], [ -70.641885666040451, -33.386636729869828 ], [ -70.641051960797526, -33.386873857053828 ], [ -70.641397395352683, -33.38775825958691 ], [ -70.641600896037403, -33.387865352183674 ], [ -70.641718109418136, -33.389726563440647 ], [ -70.64180176058251, -33.391156855630229 ], [ -70.641823169828271, -33.391600838244997 ], [ -70.6418519982211, -33.391938243127903 ], [ -70.641895021944521, -33.392820688952519 ], [ -70.64231501092894, -33.392804067441851 ], [ -70.642323381216471, -33.39294177485332 ], [ -70.641901870830623, -33.392961168031853 ], [ -70.641910723420864, -33.393142730676999 ], [ -70.641970270100458, -33.394099140650482 ], [ -70.64200826613714, -33.394846331653802 ], [ -70.642019324349221, -33.395113169458867 ], [ -70.642067423256648, -33.396047234347606 ], [ -70.642099999189057, -33.397122269857405 ], [ -70.6421009161093, -33.397143234357962 ], [ -70.642101265859552, -33.397143194557103 ], [ -70.642530655027187, -33.397041661714354 ], [ -70.642589035051657, -33.397081682282689 ], [ -70.642613477836591, -33.397122035831025 ], [ -70.642632135224261, -33.397162558864373 ], [ -70.642633394062258, -33.397193515649867 ], [ -70.642634438902476, -33.39721921397517 ], [ -70.64211126557754, -33.397334004604332 ], [ -70.642109287183416, -33.397334570087132 ], [ -70.642142249826861, -33.398088043604758 ], [ -70.642168427868711, -33.398464009413885 ], [ -70.642811844803589, -33.398432229855189 ], [ -70.64287580816702, -33.400011583908032 ], [ -70.642198992812624, -33.400024041546573 ], [ -70.642244032412762, -33.400334776886965 ], [ -70.642297247347273, -33.40095207211769 ], [ -70.642355181777873, -33.402095947835839 ], [ -70.642369817835885, -33.402408253397489 ], [ -70.642369823305486, -33.402408486899638 ], [ -70.642371409164255, -33.40240842532134 ], [ -70.642440674315736, -33.402405728956147 ], [ -70.64290213738181, -33.402389285141247 ], [ -70.642908529667025, -33.402700963874175 ], [ -70.64261444175618, -33.402711788951734 ], [ -70.642383871912841, -33.402718992949019 ], [ -70.642382348412596, -33.402719054603814 ], [ -70.642387542012827, -33.402800883034018 ], [ -70.642416678267082, -33.403394807410216 ], [ -70.642440177436782, -33.403830761183727 ], [ -70.642466148062098, -33.404137620109879 ], [ -70.643131251562565, -33.404186779958309 ], [ -70.643068315588252, -33.403442270181088 ], [ -70.643686156962303, -33.402943134166868 ], [ -70.643658097619735, -33.402281808328112 ], [ -70.643625627658352, -33.401608680853741 ], [ -70.643602213399248, -33.4011100668233 ], [ -70.643590297597655, -33.400897144274104 ], [ -70.643575415784298, -33.400790092838527 ], [ -70.643562389128959, -33.400623742086665 ], [ -70.64353287758837, -33.400216440811057 ], [ -70.643507030259144, -33.399541617363894 ], [ -70.643488030365489, -33.399045692540398 ], [ -70.643471564753469, -33.398592581070801 ], [ -70.643424674797885, -33.397874585885432 ], [ -70.643409488890413, -33.397500249596014 ], [ -70.643398036955418, -33.397218012195573 ], [ -70.643388699102118, -33.396988724046061 ], [ -70.643381969875762, -33.396796625386237 ], [ -70.643380323420985, -33.396740525233703 ], [ -70.642909297889588, -33.39682311744194 ], [ -70.642866039050986, -33.39680636247796 ], [ -70.642862511135462, -33.396660675691273 ], [ -70.643375315856659, -33.396569857463142 ], [ -70.643366418786087, -33.396271628240171 ], [ -70.643350379460315, -33.395756201454489 ], [ -70.643324847753107, -33.395308029205921 ], [ -70.643308679289333, -33.395024205618306 ], [ -70.643255863733032, -33.394105519596337 ], [ -70.642721523990687, -33.394036152731559 ], [ -70.642718385741034, -33.393999872944832 ], [ -70.64277287159301, -33.393953896609027 ], [ -70.643250591770666, -33.394013813458429 ], [ -70.643247089264477, -33.393952882391339 ], [ -70.643243773510264, -33.393891477191211 ], [ -70.64307028357689, -33.393852493486101 ], [ -70.643238839462356, -33.393800072295356 ], [ -70.643218341412549, -33.393420414927981 ], [ -70.643129198121414, -33.392239151206645 ], [ -70.643043738582406, -33.390864376118543 ], [ -70.642981193985975, -33.389869793561289 ], [ -70.642916587033838, -33.388842405939705 ], [ -70.642853031005927, -33.387831683610052 ], [ -70.642834800269029, -33.387557628514095 ], [ -70.64267940001325, -33.387183095295207 ], [ -70.642498066523288, -33.386752739785109 ], [ -70.642330350351472, -33.386314286509418 ], [ -70.642183555362095, -33.385928293547067 ], [ -70.642050872345678, -33.385573060972852 ], [ -70.641970199019525, -33.385359096889658 ], [ -70.64189981107333, -33.385175743794584 ], [ -70.641819061592912, -33.384961575878862 ], [ -70.641717947526729, -33.384722577469987 ], [ -70.641576378805652, -33.384399056705305 ], [ -70.641214539230262, -33.383541950412585 ], [ -70.64112929674053, -33.383612163809055 ], [ -70.641521808488591, -33.384556077432904 ], [ -70.641218919039403, -33.384658760976862 ], [ -70.640721092489301, -33.383299597404374 ], [ -70.641556220318421, -33.382829522707077 ], [ -70.641632229623156, -33.382783430814641 ], [ -70.641786341716255, -33.383080932771392 ], [ -70.64185875754211, -33.383043593698169 ], [ -70.641707848615596, -33.382697479323546 ], [ -70.643155516698172, -33.382004860143951 ], [ -70.643259803419724, -33.382256770306235 ], [ -70.643259898559009, -33.382256741991299 ], [ -70.64326062425981, -33.382258461198511 ], [ -70.643262141714473, -33.382257982971311 ], [ -70.643361413053128, -33.382226693130825 ], [ -70.644602322169462, -33.381859368107314 ], [ -70.644487955703553, -33.381214853591878 ], [ -70.647735000930581, -33.381050794651962 ], [ -70.647548119970324, -33.380503630561542 ], [ -70.647438275103468, -33.380234544916235 ], [ -70.647280803432125, -33.380254531398442 ], [ -70.647250419630538, -33.380223094563803 ], [ -70.647153988497379, -33.380057887839719 ] ], [ [ -70.643523398318123, -33.401583735154418 ], [ -70.643135321421937, -33.40162867927436 ], [ -70.64304513256198, -33.401015271487573 ], [ -70.643481802492431, -33.400986828670646 ], [ -70.643489207162204, -33.40109261650597 ], [ -70.643474484547099, -33.401093077593487 ], [ -70.643523398318123, -33.401583735154418 ] ], [ [ -70.641421881140175, -33.387564146777031 ], [ -70.641976617872103, -33.387244662287301 ], [ -70.642053317605544, -33.387494065039071 ], [ -70.64159343109624, -33.38768597688204 ], [ -70.641421881140175, -33.387564146777031 ] ], [ [ -70.642357224883682, -33.396087840613596 ], [ -70.642112846088637, -33.396107324706293 ], [ -70.642110334929214, -33.395984810534991 ], [ -70.642181785038971, -33.395922678119121 ], [ -70.642353739358825, -33.395917785687971 ], [ -70.642357224883682, -33.396087840613596 ] ] ] ] } },
{ "type": "Feature", "properties": { "OBJECTID": 85, "NOMBRE": "AREAS DE EDIFICACIÓN ALTA", "NOMBRE_ZON": "FRANJA AV. RECOLETA NORTE EL SALTO, PERÚ Y A. VES", "ZONA": "E-A2", "Shape_STAr": 920517.84201300004, "Shape_STLe": 17663.849736600001 }, "geometry": { "type": "MultiPolygon", "coordinates": [ [ [ [ -70.627600296283404, -33.392691780374243 ], [ -70.626304002255736, -33.39346851746172 ], [ -70.625573775641314, -33.393845655895753 ], [ -70.624966052228459, -33.394145679434601 ], [ -70.625210164062082, -33.39460068882061 ], [ -70.624695008937223, -33.395125245269647 ], [ -70.62401884194837, -33.395813699575825 ], [ -70.623429182060761, -33.396414836148324 ], [ -70.623021639486765, -33.396827054465724 ], [ -70.622440465587303, -33.397414850931376 ], [ -70.621228860064463, -33.398641311951273 ], [ -70.620757503143281, -33.399276086121198 ], [ -70.62055054593641, -33.39955219593152 ], [ -70.620522425647692, -33.399589957011983 ], [ -70.62043700320983, -33.399726277068453 ], [ -70.620406318487568, -33.399778168227456 ], [ -70.620373717655326, -33.399830344135296 ], [ -70.620304294372659, -33.399941455317567 ], [ -70.620274622271509, -33.399985408781212 ], [ -70.620258349647486, -33.40001137596122 ], [ -70.620257934379026, -33.400012579023837 ], [ -70.620260625273673, -33.400011346240149 ], [ -70.620539619706491, -33.399819428378251 ], [ -70.620612182656387, -33.399782926475631 ], [ -70.62305555650218, -33.398554988292162 ], [ -70.624594776343201, -33.397773011700679 ], [ -70.626231978940837, -33.396929615657236 ], [ -70.626232952302772, -33.396929576744995 ], [ -70.626231956717575, -33.396928422819627 ], [ -70.626191038159305, -33.396883845740213 ], [ -70.626146007298274, -33.396833503000863 ], [ -70.626105704005653, -33.396752403390195 ], [ -70.626104914703546, -33.396697163656746 ], [ -70.626103769118629, -33.396617431119985 ], [ -70.626125042285466, -33.396583685155505 ], [ -70.626158855998796, -33.396516238237794 ], [ -70.626207394752811, -33.396480469181533 ], [ -70.626292289224267, -33.396429739152772 ], [ -70.626431300883795, -33.396427531746454 ], [ -70.626776196563384, -33.396907857490739 ], [ -70.626777007700554, -33.396907825210576 ], [ -70.626817663895395, -33.396953422802234 ], [ -70.626739746056302, -33.396992853695316 ], [ -70.626467784350737, -33.397048712390969 ], [ -70.626454246719106, -33.397102353405479 ], [ -70.626611727617629, -33.398527570037466 ], [ -70.626687208004697, -33.398676478054206 ], [ -70.62862796442964, -33.401318751699819 ], [ -70.632727263287919, -33.407043770065314 ], [ -70.633911953526905, -33.406859405408298 ], [ -70.634128873815413, -33.407172445660052 ], [ -70.634445528141597, -33.40762940798993 ], [ -70.634728330066025, -33.408037967784132 ], [ -70.633662306146164, -33.40834963155303 ], [ -70.634516609454877, -33.409681731999349 ], [ -70.634659863518593, -33.410064107882206 ], [ -70.634794516268045, -33.410418358738653 ], [ -70.634902595277197, -33.410702691592476 ], [ -70.634957688988109, -33.410859667951037 ], [ -70.634989358668463, -33.410955625731319 ], [ -70.635254847996123, -33.411758885297651 ], [ -70.635150108095431, -33.411788581861138 ], [ -70.635296448208067, -33.41245856902146 ], [ -70.635119869670888, -33.41290950078357 ], [ -70.635211440929567, -33.412936471313316 ], [ -70.635346988683565, -33.412576479175968 ], [ -70.635441747206542, -33.412603003497502 ], [ -70.635422749045247, -33.41265273031425 ], [ -70.635344715327321, -33.412853595285981 ], [ -70.635303776304326, -33.412960489021508 ], [ -70.635302601598767, -33.412963334458716 ], [ -70.635302681408291, -33.41296334693395 ], [ -70.635855371636396, -33.413126126260046 ], [ -70.637178826593839, -33.41346073030568 ], [ -70.637530292279635, -33.413553224149432 ], [ -70.637842404608023, -33.413640599303946 ], [ -70.637698479375317, -33.414278752784668 ], [ -70.637406445778623, -33.415570951460033 ], [ -70.637316809313646, -33.415966281132278 ], [ -70.637284935216456, -33.416038652722932 ], [ -70.637288761207017, -33.416039557255161 ], [ -70.637458984073703, -33.416311038369635 ], [ -70.637674490488706, -33.416654737851744 ], [ -70.637828372914555, -33.416901586002375 ], [ -70.637816928237214, -33.416919036061763 ], [ -70.637730500100233, -33.416953472969091 ], [ -70.637644198360505, -33.417077580831894 ], [ -70.637693187510706, -33.417194160290613 ], [ -70.63786658021013, -33.417602749354501 ], [ -70.638487792177614, -33.418308621876882 ], [ -70.638593077148641, -33.418428252982828 ], [ -70.638618206171557, -33.418456806615161 ], [ -70.638733741982023, -33.418408259510635 ], [ -70.638829826465098, -33.418367885602223 ], [ -70.638901767701, -33.41833093747244 ], [ -70.638907107536596, -33.418335366142614 ], [ -70.63905900167093, -33.418270398414549 ], [ -70.639290171041097, -33.418619014701271 ], [ -70.639632898193426, -33.418467806801999 ], [ -70.640272717377414, -33.419386111621172 ], [ -70.640362741209032, -33.419516360924909 ], [ -70.640361805738991, -33.419516769201515 ], [ -70.640426625414932, -33.419608445950864 ], [ -70.640493714737318, -33.419714148568204 ], [ -70.640640504511467, -33.419959173921136 ], [ -70.640665331775295, -33.420044399412852 ], [ -70.640676314176147, -33.420088649424606 ], [ -70.640687412027361, -33.420184367163046 ], [ -70.64069269727274, -33.42022995690737 ], [ -70.640689458525102, -33.420276513451618 ], [ -70.640685729007032, -33.420313446744984 ], [ -70.64067426110077, -33.42035269099366 ], [ -70.640630927281222, -33.420475818477591 ], [ -70.640577506162074, -33.420627610588753 ], [ -70.640428932614043, -33.420974800117577 ], [ -70.640401996261502, -33.420974930955033 ], [ -70.640371819246752, -33.4210514283427 ], [ -70.64044681047271, -33.421040072582251 ], [ -70.640450779749841, -33.421020109471947 ], [ -70.642784168703258, -33.420685345460782 ], [ -70.644298976374117, -33.420401939922932 ], [ -70.644298993640575, -33.420402000116603 ], [ -70.644303759583451, -33.420401066661675 ], [ -70.644279217548657, -33.420293232022999 ], [ -70.644138435597824, -33.419510350657937 ], [ -70.643995083532431, -33.418678261353989 ], [ -70.643892981782912, -33.418015462107398 ], [ -70.643892929700428, -33.418015437546501 ], [ -70.64335196916403, -33.418029510180503 ], [ -70.64249696131229, -33.416595947378312 ], [ -70.642005011306807, -33.415769931136595 ], [ -70.641827593214757, -33.415473602573762 ], [ -70.641750045180416, -33.415341652361462 ], [ -70.641652684978354, -33.415157434495704 ], [ -70.641601715760345, -33.415057164498883 ], [ -70.641275241764347, -33.414414894098414 ], [ -70.641086792519772, -33.414020642491785 ], [ -70.641521327866059, -33.414015334141325 ], [ -70.641495325124083, -33.413130103709648 ], [ -70.639527968393153, -33.412572857425694 ], [ -70.639673234874962, -33.412300228077505 ], [ -70.639487585551066, -33.412234095157018 ], [ -70.639242852487385, -33.412146920303584 ], [ -70.638655619116889, -33.411937742432286 ], [ -70.638379459431647, -33.411839370841854 ], [ -70.638080778706893, -33.411632536937205 ], [ -70.638095300798653, -33.411616603673693 ], [ -70.637573084338385, -33.411146634053118 ], [ -70.637461628454716, -33.411171575670416 ], [ -70.637377256416158, -33.411037911585815 ], [ -70.636849454456112, -33.410350541954109 ], [ -70.635956518611678, -33.409187616077986 ], [ -70.63590299063479, -33.409067724487215 ], [ -70.635586543273533, -33.408545982122966 ], [ -70.635240825482086, -33.407972505997549 ], [ -70.63512256822743, -33.407831209188686 ], [ -70.634728739005581, -33.407217733576452 ], [ -70.63460760780896, -33.407081400817319 ], [ -70.634548578655171, -33.406987677386979 ], [ -70.634364501745551, -33.406709325238936 ], [ -70.634301610835195, -33.406614687596594 ], [ -70.634139228084919, -33.406370332437859 ], [ -70.634064043964642, -33.4062571949732 ], [ -70.634049036867438, -33.40623809433292 ], [ -70.633978109810641, -33.406144874535663 ], [ -70.633964827176655, -33.406126561916935 ], [ -70.633934123065288, -33.40608274947045 ], [ -70.633895006085268, -33.40602693259909 ], [ -70.633822289549514, -33.40592317219842 ], [ -70.633752646641668, -33.405823795663736 ], [ -70.633486979639002, -33.405444724886408 ], [ -70.6332788890182, -33.405134865066067 ], [ -70.633014847182622, -33.404741686930279 ], [ -70.632940752857991, -33.404631353493222 ], [ -70.632790618405977, -33.404420215606955 ], [ -70.63258432610138, -33.40413666616989 ], [ -70.632328377133632, -33.403784860652188 ], [ -70.632060688879932, -33.403415755806364 ], [ -70.63195002138896, -33.403264798187962 ], [ -70.631892071637637, -33.403185143990235 ], [ -70.631720820867585, -33.402949751669482 ], [ -70.631555296402666, -33.40272222803182 ], [ -70.631463648494488, -33.402596252202343 ], [ -70.631379136552383, -33.402480083693284 ], [ -70.631288013382417, -33.402354829502052 ], [ -70.631205275353565, -33.402241098641156 ], [ -70.631115580665934, -33.402117805052988 ], [ -70.63105730138814, -33.402037694822454 ], [ -70.630813969783844, -33.401703212845035 ], [ -70.630575660099467, -33.401375630102905 ], [ -70.63037172527244, -33.401095296734404 ], [ -70.630130442745738, -33.400763621716607 ], [ -70.62994922689019, -33.400514514480214 ], [ -70.629735877638538, -33.400221232460026 ], [ -70.629501136115636, -33.399898540817446 ], [ -70.629483965310541, -33.399873773805076 ], [ -70.629466807057668, -33.399851348690582 ], [ -70.629417710929417, -33.39978385721335 ], [ -70.629351743408819, -33.399693172960838 ], [ -70.629298215861269, -33.399616136894018 ], [ -70.629218201941796, -33.399501926895141 ], [ -70.629203274685921, -33.399480645728708 ], [ -70.629059666164707, -33.399281118461552 ], [ -70.628831159263981, -33.398963203539104 ], [ -70.628633837387127, -33.398688510453987 ], [ -70.628482544662418, -33.398478181039735 ], [ -70.628322139760868, -33.398255009844156 ], [ -70.628216557624995, -33.398108112212334 ], [ -70.628157889070948, -33.398026321861323 ], [ -70.628105033138723, -33.397952783648314 ], [ -70.628050973016656, -33.397877568467905 ], [ -70.627953192391928, -33.397741523706031 ], [ -70.627795836726577, -33.397522590053697 ], [ -70.627599179126676, -33.397248971343188 ], [ -70.62737778593889, -33.39694093714472 ], [ -70.62731738586379, -33.39685689824541 ], [ -70.627224023807301, -33.396726998618718 ], [ -70.627159649356074, -33.396637430301418 ], [ -70.627039143813292, -33.396469762314716 ], [ -70.627033309831674, -33.396394648261314 ], [ -70.627016464059267, -33.396186970765939 ], [ -70.626994635238276, -33.39591786692705 ], [ -70.626973762954407, -33.395648678380425 ], [ -70.626950250334687, -33.395351571133098 ], [ -70.626924597311842, -33.395027407091355 ], [ -70.626898007864554, -33.394691404276649 ], [ -70.626874165277471, -33.394390113163666 ], [ -70.626864312453506, -33.39422884525375 ], [ -70.626864018910567, -33.394226131870525 ], [ -70.626877722738868, -33.394218190972772 ], [ -70.626877458576601, -33.394218207964244 ], [ -70.626622942274707, -33.394353370145538 ], [ -70.626140868043933, -33.394609375599984 ], [ -70.626044510114454, -33.393834714791893 ], [ -70.626703306982535, -33.39345050547977 ], [ -70.62717605524152, -33.394042226324082 ], [ -70.627178379041325, -33.394045135832691 ], [ -70.627481720577975, -33.393870278058515 ], [ -70.631563723017322, -33.391467768930241 ], [ -70.631186075216604, -33.391094189794202 ], [ -70.6315681717941, -33.390807226668855 ], [ -70.631946178269999, -33.390532619939378 ], [ -70.633364175533046, -33.389493971324093 ], [ -70.633762635000735, -33.389200840403504 ], [ -70.634101256071716, -33.388937664395037 ], [ -70.635398321334748, -33.387926730869992 ], [ -70.636178414308532, -33.387360880748474 ], [ -70.637518058335729, -33.386389412868205 ], [ -70.640120565318, -33.384489137032404 ], [ -70.63960128979177, -33.383881217612583 ], [ -70.639572958907209, -33.38390185258941 ], [ -70.638077454614276, -33.38499112045502 ], [ -70.636919329331548, -33.385844405725535 ], [ -70.635568256611492, -33.386845300435127 ], [ -70.633790592254741, -33.388155311457901 ], [ -70.633003748278782, -33.388736189068212 ], [ -70.63178712303808, -33.38963028416763 ], [ -70.631019593899381, -33.390203498633859 ], [ -70.63010404038279, -33.390893186514852 ], [ -70.629688967559815, -33.391209788828988 ], [ -70.627600296283404, -33.392691780374243 ] ], [ [ -70.641347641996404, -33.418793234410295 ], [ -70.641608889582557, -33.418668604064067 ], [ -70.640977783127056, -33.417615893925444 ], [ -70.640804078318723, -33.417325823156965 ], [ -70.640780899924493, -33.417285962263094 ], [ -70.640723112547136, -33.417303812831548 ], [ -70.640539199687836, -33.416955723044531 ], [ -70.64054694423082, -33.416953697900297 ], [ -70.640546520899377, -33.416948857963618 ], [ -70.6405478510043, -33.416941073803628 ], [ -70.640550388310814, -33.416933379189437 ], [ -70.640551368472771, -33.416930888895344 ], [ -70.640824811430505, -33.416822571767675 ], [ -70.640830090592516, -33.416816858269129 ], [ -70.64085959027642, -33.416817860416621 ], [ -70.64086445005826, -33.416821122974618 ], [ -70.640873204834392, -33.416821065766747 ], [ -70.640879841298428, -33.416829994467875 ], [ -70.640884991228418, -33.416834446308243 ], [ -70.640899331873214, -33.416858754806341 ], [ -70.64097536312488, -33.416831823934906 ], [ -70.641110392528816, -33.41708426513572 ], [ -70.641273004219386, -33.417016481709084 ], [ -70.641489044952323, -33.417446994496132 ], [ -70.641599121029401, -33.417402666346099 ], [ -70.6417548982824, -33.417676504940339 ], [ -70.642023511953468, -33.41814869413404 ], [ -70.641877038671026, -33.418214884210471 ], [ -70.642170687173291, -33.418669249679844 ], [ -70.642009966661831, -33.41875049614098 ], [ -70.641863388520449, -33.418824593946773 ], [ -70.641730684345532, -33.418891677464792 ], [ -70.641669691940237, -33.418921784398776 ], [ -70.641608405095241, -33.418947791873101 ], [ -70.641502463663301, -33.41899603157956 ], [ -70.641476197003811, -33.418995028291974 ], [ -70.641347641996404, -33.418793234410295 ] ], [ [ -70.638699460994118, -33.41382050768113 ], [ -70.638672335580111, -33.41419405201956 ], [ -70.638640711808222, -33.414570519081039 ], [ -70.638615324307892, -33.4149154081706 ], [ -70.638603240189298, -33.415180901918703 ], [ -70.638587392726805, -33.41548844095125 ], [ -70.63858172272586, -33.415610684231751 ], [ -70.638589535570276, -33.415663074804165 ], [ -70.638652208237829, -33.41603066105732 ], [ -70.638691881892356, -33.416203844886937 ], [ -70.638766310265879, -33.416470104698931 ], [ -70.638808903897811, -33.416556395443578 ], [ -70.638952230005913, -33.41685515034181 ], [ -70.639117948011489, -33.417194649634638 ], [ -70.639283757031578, -33.417538919952307 ], [ -70.639368462294641, -33.417685738463412 ], [ -70.639620455731148, -33.418073726995217 ], [ -70.639826461222199, -33.418376424551468 ], [ -70.639793016685431, -33.418474219368342 ], [ -70.639680931636477, -33.418445158982941 ], [ -70.639374622758965, -33.417952900157651 ], [ -70.639111852113373, -33.417536419495299 ], [ -70.639094210506002, -33.417506110340966 ], [ -70.63901117121712, -33.417326819029384 ], [ -70.638786409356925, -33.416873567241318 ], [ -70.638613525646207, -33.416516027207294 ], [ -70.63850124400193, -33.416112828311213 ], [ -70.638418995176295, -33.415611878951964 ], [ -70.638449525156744, -33.414934778415713 ], [ -70.638496377794254, -33.414278458621986 ], [ -70.638544422552968, -33.413746200593586 ], [ -70.638631682997982, -33.41354461573826 ], [ -70.63873111101654, -33.413506079016443 ], [ -70.638786361541591, -33.413599838412551 ], [ -70.638699460994118, -33.41382050768113 ] ], [ [ -70.633110980530034, -33.406298702248996 ], [ -70.632433173012814, -33.406565323003491 ], [ -70.63219743526713, -33.406195064194115 ], [ -70.633193616437367, -33.406214577965308 ], [ -70.633110980530034, -33.406298702248996 ] ], [ [ -70.630135464007168, -33.403143565666831 ], [ -70.630630941734978, -33.403836630851686 ], [ -70.630467145368073, -33.403836091873067 ], [ -70.629897135708973, -33.403044548296926 ], [ -70.630020353788581, -33.402983610219493 ], [ -70.630135464007168, -33.403143565666831 ] ], [ [ -70.641615922758859, -33.417020003806286 ], [ -70.641482688628969, -33.416792571527516 ], [ -70.641930552688308, -33.416621280859331 ], [ -70.642049001794859, -33.416835786763322 ], [ -70.641615922758859, -33.417020003806286 ] ], [ [ -70.641814304323205, -33.417212595262434 ], [ -70.641812226275803, -33.417032672426046 ], [ -70.642462674378493, -33.417028411558313 ], [ -70.642464539133769, -33.417207101677825 ], [ -70.641814304323205, -33.417212595262434 ] ], [ [ -70.629646311283707, -33.402403920220927 ], [ -70.629499465987763, -33.402462161565886 ], [ -70.629098170963132, -33.401934852785743 ], [ -70.629224538218779, -33.401853455710807 ], [ -70.629236784181273, -33.401862403411322 ], [ -70.629646311283707, -33.402403920220927 ] ], [ [ -70.638445138158474, -33.41334594373491 ], [ -70.638401892671396, -33.413372496763138 ], [ -70.638061270057136, -33.413264793485872 ], [ -70.638231475372905, -33.412915213169946 ], [ -70.638439026406886, -33.413186292063877 ], [ -70.638489115749039, -33.413272319843045 ], [ -70.638496741028874, -33.413286745813664 ], [ -70.638501260464693, -33.413301674550787 ], [ -70.638445138158474, -33.41334594373491 ] ], [ [ -70.632294005651261, -33.406086532990855 ], [ -70.632142167072757, -33.406095749197391 ], [ -70.63211411250154, -33.406056031820334 ], [ -70.631696923179064, -33.405471674970137 ], [ -70.631837408337901, -33.405471781232919 ], [ -70.631908809931986, -33.40557483056763 ], [ -70.632294005651261, -33.406086532990855 ] ], [ [ -70.631328011076732, -33.404799108204152 ], [ -70.631718000144204, -33.405337513279356 ], [ -70.631703417852506, -33.405336551649533 ], [ -70.631557618565623, -33.405325207933942 ], [ -70.631506054509671, -33.405247785517162 ], [ -70.631137487676085, -33.404727644270039 ], [ -70.631278173637554, -33.404729237474854 ], [ -70.631328011076732, -33.404799108204152 ] ], [ [ -70.64036874008805, -33.418482712637072 ], [ -70.640662043401093, -33.41836673450554 ], [ -70.640801129394461, -33.418608003629238 ], [ -70.640507834449195, -33.418722629240271 ], [ -70.64036874008805, -33.418482712637072 ] ], [ [ -70.640535598648157, -33.418244046525139 ], [ -70.64024238785511, -33.418358870592172 ], [ -70.640102986685577, -33.418118350780723 ], [ -70.640396405262024, -33.418003456664692 ], [ -70.640535598648157, -33.418244046525139 ] ], [ [ -70.631154539284935, -33.404590011211546 ], [ -70.631155742242726, -33.404591666491832 ], [ -70.631143519680307, -33.404590444698911 ], [ -70.631032587567546, -33.404594805429859 ], [ -70.631019613513757, -33.404578056708644 ], [ -70.631017176751868, -33.404577812786648 ], [ -70.630969318237845, -33.404513124898543 ], [ -70.630565729893121, -33.403967608293165 ], [ -70.630708529249816, -33.403976143761028 ], [ -70.631112791992891, -33.404532552386847 ], [ -70.631154539284935, -33.404590011211546 ] ], [ [ -70.635107781269127, -33.410850605557442 ], [ -70.635375160550282, -33.411642959343638 ], [ -70.63526468183872, -33.41167397799866 ], [ -70.635043726229824, -33.410934128144532 ], [ -70.63510041695497, -33.410849487868887 ], [ -70.635107781269127, -33.410850605557442 ] ], [ [ -70.629967508415319, -33.402899895592796 ], [ -70.629843135877834, -33.402963495669063 ], [ -70.629769744510313, -33.402883077452422 ], [ -70.629576134192902, -33.402566140628956 ], [ -70.629577926393083, -33.402565266656154 ], [ -70.629689970427435, -33.402510147332791 ], [ -70.629967508415319, -33.402899895592796 ] ], [ [ -70.640913044681, -33.418775367240492 ], [ -70.641157327115948, -33.41868085617098 ], [ -70.641272879588584, -33.418880701232666 ], [ -70.641028698618712, -33.41897599758817 ], [ -70.640913044681, -33.418775367240492 ] ], [ [ -70.642635897455932, -33.417925037483002 ], [ -70.642918479592424, -33.417835846967236 ], [ -70.642996116129865, -33.418002075524598 ], [ -70.642713551069676, -33.418092424848744 ], [ -70.642635897455932, -33.417925037483002 ] ], [ [ -70.634914105559346, -33.40999999876842 ], [ -70.634800709986322, -33.410050395231821 ], [ -70.634676451630369, -33.409677772310914 ], [ -70.634783607175052, -33.409629232111925 ], [ -70.634914105559346, -33.40999999876842 ] ], [ [ -70.63503825735107, -33.410354403089372 ], [ -70.634947622411119, -33.410390386884202 ], [ -70.63484298820822, -33.410118809261419 ], [ -70.634938872592102, -33.410071120006876 ], [ -70.63503825735107, -33.410354403089372 ] ], [ [ -70.635159601037657, -33.410713144206191 ], [ -70.635088407612656, -33.410746720940267 ], [ -70.635047706728884, -33.410616875931566 ], [ -70.635016122101689, -33.410526083637841 ], [ -70.634992991139768, -33.410463665185212 ], [ -70.635064621363881, -33.410430798805024 ], [ -70.635084892706757, -33.410495606017477 ], [ -70.635139016243045, -33.410661625134772 ], [ -70.635159601037657, -33.410713144206191 ] ], [ [ -70.635806032252546, -33.411190573955047 ], [ -70.635749941775671, -33.411084163368031 ], [ -70.63582934640857, -33.411057814369187 ], [ -70.635874681997436, -33.411108162770226 ], [ -70.635973343179643, -33.411088906936442 ], [ -70.635974384189339, -33.41108862536182 ], [ -70.636004217770363, -33.411134488649012 ], [ -70.635806032252546, -33.411190573955047 ] ], [ [ -70.635399275824653, -33.411222426289513 ], [ -70.635493662216433, -33.411121112653746 ], [ -70.635532555063165, -33.411273427938752 ], [ -70.635427244236951, -33.411304067455326 ], [ -70.635399275824653, -33.411222426289513 ] ], [ [ -70.640677517881883, -33.419335678246632 ], [ -70.64057660623547, -33.419378769723892 ], [ -70.640537024781338, -33.419316658486984 ], [ -70.640630047300817, -33.419270092040783 ], [ -70.640630091127818, -33.419270077933547 ], [ -70.640677517881883, -33.419335678246632 ] ] ] ] } },
{ "type": "Feature", "properties": { "OBJECTID": 5343, "NOMBRE": "AREAS DE EDIFICACIÓN ALTA", "NOMBRE_ZON": "FRANJA AV. RECOLETA NORTE EL SALTO, PERÚ Y A. VES", "ZONA": "E-A2", "Shape_STAr": 0.10138890079, "Shape_STLe": 7.2680914633400002 }, "geometry": { "type": "MultiPolygon", "coordinates": [ [ [ [ -70.641636514273259, -33.429010268511071 ], [ -70.641633803627784, -33.429003628157247 ], [ -70.641621244913821, -33.428980116900014 ], [ -70.641636514273259, -33.429010268511071 ] ] ] ] } },
{ "type": "Feature", "properties": { "OBJECTID": 5346, "NOMBRE": "AREAS DE EDIFICACIÓN ALTA", "NOMBRE_ZON": "FRANJA AV. RECOLETA NORTE EL SALTO, PERÚ Y A. VES", "ZONA": "E-A2", "Shape_STAr": 0.04351982458, "Shape_STLe": 9.7113953515800002 }, "geometry": { "type": "MultiPolygon", "coordinates": [ [ [ [ -70.641636514273259, -33.429010268511071 ], [ -70.641621244913821, -33.428980116900014 ], [ -70.641619126733161, -33.428976152545211 ], [ -70.641615868055865, -33.428970052426955 ], [ -70.641636514273259, -33.429010268511071 ] ] ] ] } },
{ "type": "Feature", "properties": { "OBJECTID": 1, "NOMBRE": "ZONAS ESPECIALES", "NOMBRE_ZON": "AREAS VERDES", "ZONA": "Z-AV", "Shape_STAr": 77265.507246299996, "Shape_STLe": 2708.2706145900002 }, "geometry": { "type": "MultiPolygon", "coordinates": [ [ [ [ -70.647717602963368, -33.380551425734289 ], [ -70.647582241895108, -33.380603296463029 ], [ -70.647582526589488, -33.380604370375075 ], [ -70.647598763066341, -33.380597843763525 ], [ -70.647608819098281, -33.380593793580054 ], [ -70.647615437796929, -33.380591129160464 ], [ -70.647625140079299, -33.380587245100926 ], [ -70.647638724806072, -33.380582093818532 ], [ -70.647658921514505, -33.380574435121183 ], [ -70.647672319461549, -33.380569354854579 ], [ -70.64770503677876, -33.380556948584079 ], [ -70.647740013576737, -33.380543685320781 ], [ -70.647772668968173, -33.380531302400854 ], [ -70.647858849870644, -33.38049862266309 ], [ -70.647971763566787, -33.380455806556633 ], [ -70.648085221455361, -33.380412782914298 ], [ -70.648202246166619, -33.380368406840851 ], [ -70.648324467450024, -33.380322059664046 ], [ -70.648573096670816, -33.380227778922382 ], [ -70.648688418513785, -33.380184047285724 ], [ -70.648687776338235, -33.380183283847614 ], [ -70.649820326563969, -33.379753513367234 ], [ -70.653126378502662, -33.378509101848493 ], [ -70.657105418193339, -33.377012092347968 ], [ -70.657103213167062, -33.37700787776582 ], [ -70.657097880670946, -33.37699768250414 ], [ -70.656768887521864, -33.376414502910905 ], [ -70.655835545780008, -33.376776735032053 ], [ -70.654574908609504, -33.377218781763673 ], [ -70.652893553695534, -33.377821488793295 ], [ -70.652032791757236, -33.378144098663824 ], [ -70.650986691244867, -33.378532162573464 ], [ -70.649052896718416, -33.379264162795785 ], [ -70.647360771242347, -33.379903207267773 ], [ -70.645688914090229, -33.380532417008276 ], [ -70.644359316352492, -33.381085720102945 ], [ -70.644373642159621, -33.381112379692816 ], [ -70.644642350083259, -33.38101070624478 ], [ -70.645435100429879, -33.380710509652445 ], [ -70.646171554225276, -33.380431501293991 ], [ -70.647153988497379, -33.380057887839719 ], [ -70.647250419630538, -33.380223094563803 ], [ -70.647280803432125, -33.380254531398442 ], [ -70.647438275103468, -33.380234544916235 ], [ -70.64754106916503, -33.380487205274804 ], [ -70.64758217270446, -33.380603332553221 ], [ -70.647582241895108, -33.380603296463029 ], [ -70.647585610420577, -33.380601511198385 ], [ -70.647717602963368, -33.380551425734289 ] ] ] ] } },
{ "type": "Feature", "properties": { "OBJECTID": 2, "NOMBRE": "ZONAS ESPECIALES", "NOMBRE_ZON": "ZONA PARQUE SANTA MONICA", "ZONA": "Z-AV-2", "Shape_STAr": 16238.2616053, "Shape_STLe": 553.23828929800004 }, "geometry": { "type": "MultiPolygon", "coordinates": [ [ [ [ -70.657108870841114, -33.384353341140638 ], [ -70.656905310393967, -33.384363573529001 ], [ -70.65690531463332, -33.384363740311336 ], [ -70.655905222550444, -33.384411755207324 ], [ -70.655920925849443, -33.384444911636066 ], [ -70.656098991829964, -33.385685760421005 ], [ -70.656949001436843, -33.386174927470528 ], [ -70.657030701412438, -33.385183292230607 ], [ -70.65710910071077, -33.384353954923924 ], [ -70.657108813949492, -33.3843539686737 ], [ -70.657108870841114, -33.384353341140638 ] ] ] ] } },
{ "type": "Feature", "properties": { "OBJECTID": 4, "NOMBRE": "ZONAS ESPECIALES", "NOMBRE_ZON": "ARTESANOS - TIRSO DE MOLINA", "ZONA": "Z-S6", "Shape_STAr": 24726.010868000001, "Shape_STLe": 788.27091919600002 }, "geometry": { "type": "MultiPolygon", "coordinates": [ [ [ [ -70.648182892460795, -33.431970206506108 ], [ -70.648566063399485, -33.432629721534447 ], [ -70.64857041969529, -33.432628706777287 ], [ -70.651580090250647, -33.43192754804047 ], [ -70.651678861239205, -33.431303095391542 ], [ -70.651687298547301, -33.431217235510104 ], [ -70.651242071447768, -33.431308613343404 ], [ -70.648562215765295, -33.431851569752006 ], [ -70.648182892460795, -33.431970206506108 ] ] ] ] } },
{ "type": "Feature", "properties": { "OBJECTID": 5, "NOMBRE": "ZONAS ESPECIALES", "NOMBRE_ZON": "AREAS VERDES", "ZONA": "Z-AV", "Shape_STAr": 3853.8322590399998, "Shape_STLe": 254.11250473699999 }, "geometry": { "type": "MultiPolygon", "coordinates": [ [ [ [ -70.648566063399485, -33.432629721534447 ], [ -70.648182892460795, -33.431970206506108 ], [ -70.648021960099612, -33.432027897197038 ], [ -70.647789551492622, -33.432153272774009 ], [ -70.647930631217235, -33.43277029761424 ], [ -70.647986419333606, -33.432756445399406 ], [ -70.648545668707527, -33.432634472964587 ], [ -70.648566063399485, -33.432629721534447 ] ] ] ] } },
{ "type": "Feature", "properties": { "OBJECTID": 6, "NOMBRE": "ZONAS ESPECIALES", "NOMBRE_ZON": "AREAS VERDES", "ZONA": "Z-AV", "Shape_STAr": 33442.158647900011, "Shape_STLe": 1533.85332204 }, "geometry": { "type": "MultiPolygon", "coordinates": [ [ [ [ -70.63553130911346, -33.434794194729122 ], [ -70.635376468606154, -33.435699960981665 ], [ -70.635505334044822, -33.435673987610429 ], [ -70.635643780327669, -33.435646082257705 ], [ -70.635794647122111, -33.435615673545513 ], [ -70.637677494863681, -33.435177825702723 ], [ -70.639448830512521, -33.43475543393054 ], [ -70.642624142709693, -33.434018859533644 ], [ -70.642625081906161, -33.434018641474673 ], [ -70.642626742906231, -33.434018256033568 ], [ -70.64241262603764, -33.433456812237274 ], [ -70.641150391754522, -33.433897949951692 ], [ -70.640546139288986, -33.434111536941479 ], [ -70.640038174542696, -33.434266758132033 ], [ -70.639141262618622, -33.434540828484131 ], [ -70.638672061259683, -33.434680609144365 ], [ -70.638571007338342, -33.434709734473181 ], [ -70.63705119826011, -33.434875828313579 ], [ -70.636961112664338, -33.43487098984442 ], [ -70.63553130911346, -33.434794194729122 ] ] ] ] } },
{ "type": "Feature", "properties": { "OBJECTID": 7, "NOMBRE": "ZONAS DE RESTRICCIÓN LADERA CERRO SAN CRISTÓBAL", "NOMBRE_ZON": "ZONA DE RESTRICCION NO EDIFICABLE", "ZONA": "Z-R1", "Shape_STAr": 54942.253064299999, "Shape_STLe": 1804.04048332 }, "geometry": { "type": "MultiPolygon", "coordinates": [ [ [ [ -70.63675485719024, -33.429106114421117 ], [ -70.636455772445188, -33.42925703027921 ], [ -70.636393639815651, -33.429224348150832 ], [ -70.636001992578372, -33.429425603457851 ], [ -70.635929065787437, -33.429463077969096 ], [ -70.63592943056247, -33.429463602530824 ], [ -70.635932078949253, -33.429467405779071 ], [ -70.63566564433917, -33.429609901509025 ], [ -70.635698471727764, -33.429664499049849 ], [ -70.635826991732287, -33.429878247221446 ], [ -70.63619585624626, -33.429657245382394 ], [ -70.636397245710512, -33.429497478332031 ], [ -70.636636241515319, -33.429292248491443 ], [ -70.636726528383534, -33.429212557946762 ], [ -70.636789446340416, -33.429167562160558 ], [ -70.637029517620689, -33.428995876274186 ], [ -70.637347175321551, -33.428764167804324 ], [ -70.637377225722247, -33.428740446992308 ], [ -70.637464831051517, -33.42870948562566 ], [ -70.637547074835297, -33.42868041850042 ], [ -70.638103397891683, -33.428388702129375 ], [ -70.638176203788362, -33.428387535620303 ], [ -70.638220873514484, -33.428386820140652 ], [ -70.638408915658275, -33.428339641093878 ], [ -70.638719685617005, -33.428165132152898 ], [ -70.638807987371266, -33.428115546887675 ], [ -70.638887336767255, -33.428047563515307 ], [ -70.63895389328637, -33.427930699570972 ], [ -70.638977817544102, -33.427854557539725 ], [ -70.638981428627972, -33.427793139411158 ], [ -70.638989448986479, -33.427733817474959 ], [ -70.639007513797125, -33.427591315099598 ], [ -70.639003807459261, -33.427566824403193 ], [ -70.638999408494726, -33.427526429176787 ], [ -70.638924899446778, -33.427306159081361 ], [ -70.638832136135306, -33.427043955206592 ], [ -70.638762097313617, -33.426817363600655 ], [ -70.638690762021398, -33.42655164154624 ], [ -70.638669050714569, -33.426458139957163 ], [ -70.638669594568938, -33.426378634673199 ], [ -70.638673840083101, -33.426092015844013 ], [ -70.638674964566007, -33.426006035861647 ], [ -70.638675422927193, -33.425970966661353 ], [ -70.638667394926728, -33.425945249749724 ], [ -70.63872079387626, -33.425936955217956 ], [ -70.638724502742122, -33.425907970095132 ], [ -70.638723455119248, -33.425771942909002 ], [ -70.638722935149161, -33.425736150742736 ], [ -70.638717381980328, -33.425392552093243 ], [ -70.638710396100251, -33.424886874736821 ], [ -70.638706847541613, -33.42463001371506 ], [ -70.638612310714322, -33.424142112998432 ], [ -70.638509433127638, -33.423920442513591 ], [ -70.638386167703189, -33.42365484078082 ], [ -70.638385749575548, -33.423654166324944 ], [ -70.637131775185125, -33.423653535198717 ], [ -70.637390651325717, -33.424032112009208 ], [ -70.637408528589305, -33.424059405237635 ], [ -70.637430423477994, -33.424131350044739 ], [ -70.637438617034405, -33.424166256320881 ], [ -70.637448550050664, -33.424199408114255 ], [ -70.637457344488695, -33.424246037462709 ], [ -70.637536058349696, -33.424425581484662 ], [ -70.637583051541142, -33.424532771138146 ], [ -70.637584544463039, -33.424775072294949 ], [ -70.637608712924589, -33.424870934232381 ], [ -70.637637014063117, -33.425231327724646 ], [ -70.637692644377793, -33.425340134768092 ], [ -70.637713349650099, -33.425448401988888 ], [ -70.637723547597815, -33.425553534325623 ], [ -70.637745412514036, -33.425704524848065 ], [ -70.637759813163257, -33.42579159663665 ], [ -70.637768433894109, -33.425962942310299 ], [ -70.637784292120998, -33.426168145388544 ], [ -70.637799413918074, -33.426304021891134 ], [ -70.637808419290863, -33.426420543833586 ], [ -70.637934615694078, -33.427028780975419 ], [ -70.637882175781598, -33.427341506726172 ], [ -70.637871230014426, -33.427504151103186 ], [ -70.637908829296535, -33.42765420323655 ], [ -70.638089340767948, -33.427865963712186 ], [ -70.638116379132413, -33.427956210656589 ], [ -70.638076676300372, -33.427988804191742 ], [ -70.637952688994389, -33.428081488897014 ], [ -70.637894166185362, -33.428125236789612 ], [ -70.637382282585051, -33.42843261730625 ], [ -70.637293401000264, -33.428491592766719 ], [ -70.637212915220758, -33.428569654565592 ], [ -70.637069832543702, -33.428713683687548 ], [ -70.637027430778986, -33.428753913147354 ], [ -70.636948887166184, -33.428855872879943 ], [ -70.63675485719024, -33.429106114421117 ] ] ] ] } },
{ "type": "Feature", "properties": { "OBJECTID": 8, "NOMBRE": "AREAS DE EDIFICACIÓN MEDIA", "NOMBRE_ZON": "BELLAVISTA - BARRIO ORIENTE RECOLETA DOMINICA", "ZONA": "E-M3", "Shape_STAr": 304855.74946700002, "Shape_STLe": 2221.2567903 }, "geometry": { "type": "MultiPolygon", "coordinates": [ [ [ [ -70.63619585624626, -33.429657245382394 ], [ -70.635826991732287, -33.429878247221446 ], [ -70.636251080319568, -33.43058356515661 ], [ -70.635593111743859, -33.434432664949327 ], [ -70.63559371280185, -33.434432711130512 ], [ -70.636495596982414, -33.434472404719166 ], [ -70.637158918670963, -33.434498019629331 ], [ -70.637871536302924, -33.434412088241736 ], [ -70.638676586975649, -33.434314935359581 ], [ -70.640032063154919, -33.433892673028744 ], [ -70.641223548014196, -33.433526469990454 ], [ -70.641666650447846, -33.433390867156817 ], [ -70.641677604382153, -33.43338727173316 ], [ -70.641598114537942, -33.432528515570212 ], [ -70.641562012418817, -33.432138470238776 ], [ -70.641505219177233, -33.43160468037069 ], [ -70.64142371315647, -33.430950919025854 ], [ -70.641287204810212, -33.429855971422121 ], [ -70.641266244625129, -33.42968784944739 ], [ -70.641185874759969, -33.429464728443413 ], [ -70.641083452367113, -33.429328229506282 ], [ -70.640971606455778, -33.42923476240081 ], [ -70.640664262460248, -33.429091762552552 ], [ -70.640156427804001, -33.428846446422305 ], [ -70.640099738139668, -33.428819060962098 ], [ -70.639990994731036, -33.428744176477295 ], [ -70.639893608659833, -33.428671778646105 ], [ -70.639810465456449, -33.428615185429528 ], [ -70.639698219530288, -33.428534982913028 ], [ -70.639411363255036, -33.428330017511499 ], [ -70.639313860588601, -33.42826034877929 ], [ -70.639293810835269, -33.428243150807369 ], [ -70.639253825172887, -33.428180944536273 ], [ -70.639151735120805, -33.428022120127366 ], [ -70.639098073289404, -33.427938636446946 ], [ -70.639055975078676, -33.427873142902804 ], [ -70.639035994703264, -33.427817635153048 ], [ -70.63899904182928, -33.427739721219012 ], [ -70.638989420660849, -33.427734027073811 ], [ -70.638981428627972, -33.427793139411158 ], [ -70.638977817544102, -33.427854557539725 ], [ -70.63895389328637, -33.427930699570972 ], [ -70.638887336767255, -33.428047563515307 ], [ -70.638807987371266, -33.428115546887675 ], [ -70.638719685617005, -33.428165132152898 ], [ -70.638408915658275, -33.428339641093878 ], [ -70.638220873514484, -33.428386820140652 ], [ -70.638176203788362, -33.428387535620303 ], [ -70.638103397891683, -33.428388702129375 ], [ -70.637547074835297, -33.42868041850042 ], [ -70.637464831051517, -33.42870948562566 ], [ -70.637377225722247, -33.428740446992308 ], [ -70.637347175321551, -33.428764167804324 ], [ -70.637029517620689, -33.428995876274186 ], [ -70.636789446340416, -33.429167562160558 ], [ -70.636726528383534, -33.429212557946762 ], [ -70.636636241515319, -33.429292248491443 ], [ -70.636397245710512, -33.429497478332031 ], [ -70.63619585624626, -33.429657245382394 ] ] ] ] } },
{ "type": "Feature", "properties": { "OBJECTID": 9, "NOMBRE": "ZONAS ESPECIALES", "NOMBRE_ZON": "CEMENTERIOS", "ZONA": "Z-S1", "Shape_STAr": 100482.888767, "Shape_STLe": 1403.26482113 }, "geometry": { "type": "MultiPolygon", "coordinates": [ [ [ [ -70.641573305008833, -33.410523708393029 ], [ -70.640561301283512, -33.410910123184308 ], [ -70.640377143232925, -33.410979279014747 ], [ -70.639527968393153, -33.412572857425694 ], [ -70.641495325124083, -33.413130103709648 ], [ -70.641521327866059, -33.414015334141325 ], [ -70.643342081588841, -33.413997123152001 ], [ -70.643353117434955, -33.413682289453703 ], [ -70.643258483673549, -33.413701160534849 ], [ -70.64323323259535, -33.412842486000422 ], [ -70.643176596572232, -33.410970838781729 ], [ -70.643146365046334, -33.409904156642455 ], [ -70.641573305008833, -33.410523708393029 ] ] ] ] } },
{ "type": "Feature", "properties": { "OBJECTID": 10, "NOMBRE": "ZONAS ESPECIALES", "NOMBRE_ZON": "CERRO BLANCO", "ZONA": "Z-AV-1", "Shape_STAr": 217759.307592, "Shape_STLe": 1920.9864252100001 }, "geometry": { "type": "MultiPolygon", "coordinates": [ [ [ [ -70.644614565331523, -33.421499188426438 ], [ -70.64535530552736, -33.421393863849687 ], [ -70.645406758498098, -33.421560941275921 ], [ -70.645500906758386, -33.421853728102342 ], [ -70.646247642564475, -33.421766194665274 ], [ -70.649009591895748, -33.421413418513012 ], [ -70.648636148257992, -33.419788258603369 ], [ -70.648195485047978, -33.417910927982454 ], [ -70.645815833424734, -33.416603796588255 ], [ -70.645807667709008, -33.416578135160456 ], [ -70.6452147357668, -33.416323292537925 ], [ -70.644577418693274, -33.416249425022578 ], [ -70.644505829732481, -33.416255384835196 ], [ -70.643902677841325, -33.416165840628736 ], [ -70.643729569414319, -33.416123127328746 ], [ -70.643735296867916, -33.416225556151446 ], [ -70.643806399799544, -33.417233177335845 ], [ -70.643892922953967, -33.418015079609425 ], [ -70.643995083532431, -33.418678261353989 ], [ -70.644138435597824, -33.419510350657937 ], [ -70.644279217548657, -33.420293232022999 ], [ -70.644322850318389, -33.420484947027354 ], [ -70.644614565331523, -33.421499188426438 ] ] ] ] } },
{ "type": "Feature", "properties": { "OBJECTID": 14, "NOMBRE": "AREAS DE EDIFICACIÓN MEDIA", "NOMBRE_ZON": "PATRONATO - AV. LA PAZ", "ZONA": "E-M2", "Shape_STAr": 311550.923954, "Shape_STLe": 5247.4703766599996 }, "geometry": { "type": "MultiPolygon", "coordinates": [ [ [ [ -70.650135195783037, -33.417767835132388 ], [ -70.64974503776682, -33.417828631470904 ], [ -70.649717494738539, -33.417816589579253 ], [ -70.649710126191962, -33.417788054524536 ], [ -70.648865479871361, -33.417919699959263 ], [ -70.648407948948503, -33.417991007621197 ], [ -70.648225785100152, -33.417927571682895 ], [ -70.648195485047978, -33.417910927982454 ], [ -70.648636148257992, -33.419788258603369 ], [ -70.649009591895748, -33.421413418513012 ], [ -70.646247642564475, -33.421766194665274 ], [ -70.646282837599273, -33.421890314240557 ], [ -70.646343847108184, -33.422105474340754 ], [ -70.646364501622969, -33.422165077978924 ], [ -70.646468280750952, -33.422464553947833 ], [ -70.646484685969767, -33.422511894090832 ], [ -70.646523234871339, -33.422623135118506 ], [ -70.646583452138429, -33.422796902615161 ], [ -70.646611042429612, -33.422883660163265 ], [ -70.646699815716858, -33.423162263890163 ], [ -70.646921464350768, -33.423856719093131 ], [ -70.647060506456782, -33.424302761140801 ], [ -70.647146471925922, -33.424588959956097 ], [ -70.647137759701749, -33.42464630841571 ], [ -70.647154815885102, -33.424706430428245 ], [ -70.647336727709742, -33.425446832080674 ], [ -70.647513508204611, -33.426166333096255 ], [ -70.647666549993801, -33.426789204432765 ], [ -70.647835504354262, -33.427476833524786 ], [ -70.648017460585919, -33.428226657184425 ], [ -70.651345834055832, -33.427107060084737 ], [ -70.65128703125103, -33.426446341867525 ], [ -70.65124731052569, -33.425891847335521 ], [ -70.651150414319645, -33.424862346704899 ], [ -70.651123608120912, -33.424588780649977 ], [ -70.650975715629372, -33.42282175286536 ], [ -70.650758705498632, -33.421420720690385 ], [ -70.650680994619236, -33.42098578420206 ], [ -70.650199926181259, -33.418149489981921 ], [ -70.650197226801268, -33.418149654860478 ], [ -70.650189030111221, -33.418149601593321 ], [ -70.650174452244769, -33.418149506974316 ], [ -70.650155577602206, -33.4181493847517 ], [ -70.650136420435928, -33.418149449356491 ], [ -70.650120490129737, -33.418149661310771 ], [ -70.650106153176552, -33.418149852063571 ], [ -70.650099326055951, -33.418149942897657 ], [ -70.650090029562577, -33.418148657027416 ], [ -70.650075464463939, -33.418146338316994 ], [ -70.650064063062729, -33.418144523119651 ], [ -70.650059447853522, -33.418143182179136 ], [ -70.650053577370386, -33.418140974146986 ], [ -70.650045774600329, -33.418138038795455 ], [ -70.650033153067668, -33.418133291749932 ], [ -70.650025968945613, -33.418130428429201 ], [ -70.650016098564237, -33.418124558076052 ], [ -70.650008154391216, -33.418119832669447 ], [ -70.65000006786029, -33.418114801632591 ], [ -70.649997315500912, -33.41811233657689 ], [ -70.649993057878632, -33.418108523472789 ], [ -70.649987312486004, -33.418103377418483 ], [ -70.649980489578226, -33.418097267214726 ], [ -70.649975156918941, -33.418092222986495 ], [ -70.649966412565135, -33.418083627653012 ], [ -70.649960762713462, -33.418078074503349 ], [ -70.649954397329438, -33.418071307090869 ], [ -70.649945488051571, -33.418060019285271 ], [ -70.649930703827351, -33.418040488461386 ], [ -70.6499083720703, -33.418005704406283 ], [ -70.64990641633625, -33.417999019013465 ], [ -70.649900542208727, -33.417974219306977 ], [ -70.649897271023235, -33.417956777264024 ], [ -70.64989579024126, -33.417948878003699 ], [ -70.650015284019801, -33.41793183095205 ], [ -70.650159498880086, -33.417911131627662 ], [ -70.650136944901703, -33.417778150426344 ], [ -70.650135195783037, -33.417767835132388 ] ], [ [ -70.650086606244059, -33.418555569850732 ], [ -70.650105598681279, -33.418557252482479 ], [ -70.650143169903927, -33.418560239963739 ], [ -70.650156924326254, -33.418663567056655 ], [ -70.650137179064018, -33.418669898179893 ], [ -70.650154420503597, -33.418746878844097 ], [ -70.650173959602995, -33.418829742223693 ], [ -70.650168026551668, -33.418853160493576 ], [ -70.650177719320652, -33.418907215198132 ], [ -70.650194464578888, -33.41900059499482 ], [ -70.650208741551822, -33.419080207847742 ], [ -70.650216273763121, -33.419123060822393 ], [ -70.650219207271292, -33.419146976162224 ], [ -70.650221629897487, -33.419165886837803 ], [ -70.650222939255386, -33.419171430090962 ], [ -70.650235287084172, -33.419224051624418 ], [ -70.650237594759332, -33.41923802361157 ], [ -70.650246224857639, -33.419290303218297 ], [ -70.650255191024058, -33.419348805478705 ], [ -70.650258638362118, -33.419371798623231 ], [ -70.650263160608716, -33.419395901142821 ], [ -70.650275238420889, -33.419458688067373 ], [ -70.650285603448296, -33.419512570579911 ], [ -70.650308809961075, -33.419512112073626 ], [ -70.650309494453552, -33.419543397319487 ], [ -70.650308354926622, -33.419543419697604 ], [ -70.650287776317214, -33.419544537643382 ], [ -70.650310377662692, -33.419666851311767 ], [ -70.650385983590525, -33.420090408952973 ], [ -70.650440247464729, -33.420395610490083 ], [ -70.650513919712424, -33.420803635375819 ], [ -70.65056448654488, -33.421067833885729 ], [ -70.65060924339042, -33.421058009790826 ], [ -70.650638449578949, -33.421212006861161 ], [ -70.650455550427793, -33.421231766104682 ], [ -70.650392252408977, -33.420855999536414 ], [ -70.650334889035463, -33.420514773323092 ], [ -70.650268969111906, -33.420122633655708 ], [ -70.65018723683545, -33.419636433469257 ], [ -70.650131070100954, -33.41930231379262 ], [ -70.650074325708147, -33.41896474955184 ], [ -70.650026730941448, -33.418681615153069 ], [ -70.650003204077848, -33.418543653460141 ], [ -70.649994074691094, -33.418541766545964 ], [ -70.649955763917418, -33.41853385044358 ], [ -70.649933836568323, -33.418527613819585 ], [ -70.649903389092302, -33.418517360162255 ], [ -70.649875654979951, -33.418508020928677 ], [ -70.649848957717168, -33.418498859985206 ], [ -70.649815195652735, -33.41848268389991 ], [ -70.649780293002095, -33.418465961138267 ], [ -70.649739138760623, -33.418442630857221 ], [ -70.649707758254308, -33.418424209974226 ], [ -70.649691044208168, -33.418413691517571 ], [ -70.64965947458424, -33.418390160669638 ], [ -70.649643576147227, -33.418377732105967 ], [ -70.649623421397905, -33.418358659565172 ], [ -70.649590577676179, -33.418327578399442 ], [ -70.649578272507796, -33.418315450139517 ], [ -70.649566188321117, -33.418300222058647 ], [ -70.649553763735682, -33.418284565626109 ], [ -70.649545361343115, -33.418273978083612 ], [ -70.649533428111269, -33.418258940982902 ], [ -70.64953152654428, -33.418255914485293 ], [ -70.649526853731572, -33.418247263164076 ], [ -70.649513882880484, -33.418223249529412 ], [ -70.649501951262764, -33.418199597232181 ], [ -70.649490068345784, -33.418172321639048 ], [ -70.649462323082091, -33.418096252527548 ], [ -70.64945916015364, -33.418086463756225 ], [ -70.649455350997599, -33.418067354158893 ], [ -70.649447710724147, -33.418033546101171 ], [ -70.649441947090025, -33.418008554615419 ], [ -70.649483462364188, -33.418004703584486 ], [ -70.649491687600829, -33.418009678701296 ], [ -70.649499317093813, -33.418014655428138 ], [ -70.649511941071026, -33.418022888967116 ], [ -70.649516568609428, -33.418026133525224 ], [ -70.649522606717795, -33.418034362669289 ], [ -70.649531600129237, -33.418048680434396 ], [ -70.64954246016876, -33.418069692899373 ], [ -70.649551944989412, -33.418089921026485 ], [ -70.649569697368477, -33.418126856495434 ], [ -70.649579970916676, -33.418147733366411 ], [ -70.649597773057792, -33.41817820115363 ], [ -70.649618723114642, -33.418209758862837 ], [ -70.649635893663387, -33.418232987045826 ], [ -70.649655615473407, -33.418257486237529 ], [ -70.64967147839549, -33.418274747271767 ], [ -70.649692464176397, -33.418294318284424 ], [ -70.649709785987781, -33.418309224171047 ], [ -70.649737516815748, -33.418331584092257 ], [ -70.649772808666114, -33.418357117067167 ], [ -70.649788232933432, -33.418367787042577 ], [ -70.649795129419644, -33.41837255616008 ], [ -70.649829204748727, -33.418390002368788 ], [ -70.649854693364631, -33.418403662386972 ], [ -70.649864137211111, -33.418407961127933 ], [ -70.649870402008574, -33.418410433569989 ], [ -70.649877678816139, -33.418413306488247 ], [ -70.649884962109127, -33.418416181123447 ], [ -70.649890889445061, -33.418419119790094 ], [ -70.649894774362892, -33.418421421881305 ], [ -70.649901042220492, -33.418425136099337 ], [ -70.649904972659044, -33.418426888370881 ], [ -70.649930722629534, -33.41843520516764 ], [ -70.649948833246853, -33.418440755775286 ], [ -70.649962646337599, -33.418444989166737 ], [ -70.649973546048628, -33.418448080822067 ], [ -70.649979428508161, -33.41844915870675 ], [ -70.649987461740295, -33.418450631836819 ], [ -70.649992363263948, -33.41845153068175 ], [ -70.649998946100055, -33.418452737227454 ], [ -70.650004354659089, -33.418454118117459 ], [ -70.650012925128621, -33.418456589637472 ], [ -70.650022984562227, -33.41845949045797 ], [ -70.650039612157698, -33.418463561041435 ], [ -70.650050236899489, -33.418465988093118 ], [ -70.650055937540728, -33.418467289341187 ], [ -70.650063054191008, -33.418468915346303 ], [ -70.65007244706517, -33.41847091688949 ], [ -70.650078216964559, -33.418471672510485 ], [ -70.65009655971933, -33.418474031141123 ], [ -70.650101015661136, -33.418474683398081 ], [ -70.650086606244059, -33.418555569850732 ] ], [ [ -70.65063041291306, -33.42143553728048 ], [ -70.650637078451837, -33.421490134528639 ], [ -70.650650444247503, -33.421486845323486 ], [ -70.65065251794914, -33.421500323502841 ], [ -70.650702500474921, -33.421839679038122 ], [ -70.650723731668904, -33.422029587498727 ], [ -70.65074592160444, -33.422230481883332 ], [ -70.650755188322293, -33.422314367434659 ], [ -70.650788612983987, -33.422616968328462 ], [ -70.650811364262324, -33.422821704208665 ], [ -70.650826596189631, -33.422860170031292 ], [ -70.650833360773078, -33.422935834441873 ], [ -70.650850219762305, -33.42297531480181 ], [ -70.650886036820552, -33.423239336947987 ], [ -70.650850711432284, -33.423266976574403 ], [ -70.650759788769562, -33.423271055612467 ], [ -70.650741517146614, -33.423126048601695 ], [ -70.650700197113409, -33.422809116347103 ], [ -70.650657822536402, -33.422461908392961 ], [ -70.650605733651076, -33.422035092751187 ], [ -70.650555599297505, -33.42162429185796 ], [ -70.6505287899043, -33.421410045096998 ], [ -70.650590378100958, -33.421403481661784 ], [ -70.65063041291306, -33.42143553728048 ] ], [ [ -70.651040901189731, -33.424852166700155 ], [ -70.651010561313441, -33.424874814216665 ], [ -70.650918465535511, -33.424867803910246 ], [ -70.650900683941757, -33.424700035524893 ], [ -70.650833129267326, -33.424062663463765 ], [ -70.650793028748581, -33.423684308696252 ], [ -70.650779289531883, -33.423422017257991 ], [ -70.650925815101516, -33.423411505659736 ], [ -70.650949462926704, -33.423835166311335 ], [ -70.651000653017235, -33.424406731569405 ], [ -70.651040901189731, -33.424852166700155 ] ], [ [ -70.65116810240778, -33.426439809028942 ], [ -70.651054825478028, -33.426473549491334 ], [ -70.651027846091665, -33.426168651790839 ], [ -70.650992262994222, -33.42576651812405 ], [ -70.650946802668145, -33.425252755111394 ], [ -70.650926325720988, -33.42500853049679 ], [ -70.651044065801727, -33.425016569249486 ], [ -70.651082429902871, -33.425529057743347 ], [ -70.651121818274717, -33.426055904966965 ], [ -70.651123588836114, -33.426105955368868 ], [ -70.651141469854466, -33.42613921837787 ], [ -70.65116810240778, -33.426439809028942 ] ], [ [ -70.649806847680821, -33.418149104746576 ], [ -70.649813234930818, -33.418156459868214 ], [ -70.649825910166371, -33.418169447134105 ], [ -70.649836080527791, -33.418179123738895 ], [ -70.649845288261503, -33.418187883362911 ], [ -70.649853892595473, -33.41819606933354 ], [ -70.649865264868865, -33.41820538364459 ], [ -70.649875646296564, -33.418212971507977 ], [ -70.649907228339472, -33.418234430635486 ], [ -70.649921287376628, -33.418243765111626 ], [ -70.649928069048855, -33.418247865690454 ], [ -70.649933447105923, -33.418250079377643 ], [ -70.64995081577122, -33.41825722797698 ], [ -70.64997084554409, -33.418265996928632 ], [ -70.649988884879122, -33.418273238506664 ], [ -70.650028108827527, -33.418284749767167 ], [ -70.650052239780237, -33.418290937217577 ], [ -70.650073578568467, -33.418295000128467 ], [ -70.650090505990079, -33.418297753653874 ], [ -70.650119051439916, -33.418301493412464 ], [ -70.650148327014946, -33.418302955350484 ], [ -70.650166689634219, -33.418303125870437 ], [ -70.650176216835476, -33.418302678957289 ], [ -70.650185806246327, -33.41838884465546 ], [ -70.650185655709663, -33.41838884575661 ], [ -70.65018285222088, -33.418389078755531 ], [ -70.650176132899361, -33.418389638914476 ], [ -70.650164302666425, -33.418390624200242 ], [ -70.650154033622727, -33.418391479591421 ], [ -70.650148566896519, -33.418391230375143 ], [ -70.650141724116438, -33.418390267182396 ], [ -70.650129861923617, -33.418388597004345 ], [ -70.650120788180047, -33.418387319896958 ], [ -70.650106875101343, -33.418385361363804 ], [ -70.65008408668632, -33.418382153741391 ], [ -70.650070115380942, -33.418380186960476 ], [ -70.65005035802244, -33.418377406151883 ], [ -70.650031723143641, -33.41837478265554 ], [ -70.650007934104039, -33.418371435020781 ], [ -70.650001573312949, -33.418370539357731 ], [ -70.649999947260184, -33.418370310282512 ], [ -70.649996331475791, -33.418368989411093 ], [ -70.649978878216189, -33.418362600382167 ], [ -70.649965586570019, -33.418357734185868 ], [ -70.649911154104814, -33.418337807355492 ], [ -70.6498956229117, -33.418331831935241 ], [ -70.649888397034843, -33.418327387354509 ], [ -70.649879140814946, -33.418321693695475 ], [ -70.649865527975123, -33.418313320941387 ], [ -70.649848430039825, -33.4183028040053 ], [ -70.649830884922324, -33.41829201254675 ], [ -70.649816052347163, -33.418282888556476 ], [ -70.649806489440991, -33.418276445042586 ], [ -70.649799215026988, -33.418270116279828 ], [ -70.649783887724936, -33.418256782816684 ], [ -70.649751953837068, -33.418229002008147 ], [ -70.649736172778105, -33.418215273260827 ], [ -70.64973359639886, -33.418211877876431 ], [ -70.649724249837092, -33.418197085953608 ], [ -70.649696800904195, -33.418153637518991 ], [ -70.649680886961704, -33.418128447384525 ], [ -70.649659543144253, -33.418094663798314 ], [ -70.649650377675982, -33.418077334419372 ], [ -70.649643535526081, -33.418063894387132 ], [ -70.649634116707276, -33.418045394195396 ], [ -70.649629567575516, -33.418036458960216 ], [ -70.649628807517473, -33.418034425525448 ], [ -70.649628728102257, -33.418030226764458 ], [ -70.649628645088896, -33.418025837765427 ], [ -70.649629335655945, -33.418020615107153 ], [ -70.649630077282126, -33.418015476541662 ], [ -70.649632337711338, -33.418001030740172 ], [ -70.649722634131436, -33.417985109115385 ], [ -70.649730316739522, -33.418006083566155 ], [ -70.649735288511579, -33.418020192379011 ], [ -70.649739064829404, -33.418030910885697 ], [ -70.649740746895546, -33.418034272172982 ], [ -70.649742972575211, -33.41803862816105 ], [ -70.649746663474829, -33.41804585411851 ], [ -70.649748926015974, -33.418050282664254 ], [ -70.64975250409843, -33.418057286468638 ], [ -70.649757334086615, -33.418066741925657 ], [ -70.649762541507656, -33.418076934566948 ], [ -70.649767733332297, -33.418087098556946 ], [ -70.649774686257032, -33.41810070845586 ], [ -70.649779546387407, -33.418110222129776 ], [ -70.649782510262526, -33.418116023849151 ], [ -70.649785869471657, -33.418122599489728 ], [ -70.649788452536498, -33.418127655952965 ], [ -70.649792874884128, -33.418133014411353 ], [ -70.649798933434525, -33.418139991530829 ], [ -70.649806847680821, -33.418149104746576 ] ], [ [ -70.651199970941946, -33.426798958644355 ], [ -70.651092668928527, -33.42683444939653 ], [ -70.651078544663463, -33.426512447853369 ], [ -70.651179436819504, -33.426480565005612 ], [ -70.651189592703446, -33.426477489819675 ], [ -70.651199970941946, -33.426798958644355 ] ], [ [ -70.651182752476473, -33.42684157921682 ], [ -70.651209814761259, -33.426949660015097 ], [ -70.651218565302571, -33.426946714463774 ], [ -70.651249319917085, -33.42705343212203 ], [ -70.651135141196164, -33.427100702167792 ], [ -70.65108498004173, -33.426887493553025 ], [ -70.651182752476473, -33.42684157921682 ] ] ] ] } },
{ "type": "Feature", "properties": { "OBJECTID": 15, "NOMBRE": "AREAS DE EDIFICACIÓN MEDIA", "NOMBRE_ZON": "PATRONATO - AV. LA PAZ", "ZONA": "E-M2", "Shape_STAr": 227074.614994, "Shape_STLe": 2297.7195435200001 }, "geometry": { "type": "MultiPolygon", "coordinates": [ [ [ [ -70.642137381117848, -33.428735794407224 ], [ -70.642233252179508, -33.428845970076743 ], [ -70.642320600850852, -33.428943640150678 ], [ -70.642430809474874, -33.429168857833041 ], [ -70.642454007105783, -33.429236751371192 ], [ -70.642516578957583, -33.429507960994343 ], [ -70.642568260240765, -33.429881583095813 ], [ -70.642657465389306, -33.430580239303033 ], [ -70.64271075017966, -33.430996242191306 ], [ -70.642769490452238, -33.431456284778776 ], [ -70.642880555368677, -33.432327415132541 ], [ -70.642969922103902, -33.433030338790196 ], [ -70.642969928587945, -33.433030568670432 ], [ -70.642970493193687, -33.433030450264404 ], [ -70.64489446799837, -33.432628301883689 ], [ -70.646400426557562, -33.432307435676691 ], [ -70.646330202006155, -33.432145313142264 ], [ -70.646256391371267, -33.43197491249758 ], [ -70.646047167931016, -33.431290033808864 ], [ -70.645858646520495, -33.430672911956286 ], [ -70.64566830895285, -33.430020394521399 ], [ -70.645403004683956, -33.429100389986004 ], [ -70.645103031056522, -33.428062956698454 ], [ -70.644771693322113, -33.426919823843349 ], [ -70.644705973488101, -33.426419497921927 ], [ -70.644530370325214, -33.425579780275015 ], [ -70.640759426803342, -33.426922860481071 ], [ -70.640761266309866, -33.426925509164221 ], [ -70.64111788654111, -33.427623573000403 ], [ -70.641157466745909, -33.427703951370788 ], [ -70.641188299575958, -33.427764665678545 ], [ -70.641313071437068, -33.427886345720644 ], [ -70.641481871162398, -33.428050960588436 ], [ -70.641657619086189, -33.428222351555654 ], [ -70.641821300461956, -33.428378907310297 ], [ -70.641966517311602, -33.428545841181631 ], [ -70.642137381117848, -33.428735794407224 ] ], [ [ -70.644982988224072, -33.428753682239467 ], [ -70.645156419389281, -33.428740935560356 ], [ -70.645157725512973, -33.428724542833734 ], [ -70.645222591182517, -33.428723682239088 ], [ -70.645257218274764, -33.428748992558944 ], [ -70.645296123749588, -33.428901842174973 ], [ -70.645007462185291, -33.428934835189274 ], [ -70.644982988224072, -33.428753682239467 ] ] ] ] } },
{ "type": "Feature", "properties": { "OBJECTID": 16, "NOMBRE": "AREAS DE EDIFICACIÓN MEDIA", "NOMBRE_ZON": "BELLAVISTA - BARRIO ORIENTE RECOLETA DOMINICA", "ZONA": "E-M3", "Shape_STAr": 167441.511711, "Shape_STLe": 1837.82938033 }, "geometry": { "type": "MultiPolygon", "coordinates": [ [ [ [ -70.640379979160471, -33.425677695904561 ], [ -70.640384439794758, -33.425710080217755 ], [ -70.64055670306054, -33.426295170161609 ], [ -70.640724839272423, -33.426867996293304 ], [ -70.640734911988005, -33.426887568894124 ], [ -70.640759426803342, -33.426922860481071 ], [ -70.644530370325214, -33.425579780275015 ], [ -70.644530006198067, -33.425578037359585 ], [ -70.644415156129526, -33.425314028591934 ], [ -70.644179115305434, -33.424782038310909 ], [ -70.643932186787993, -33.424225499738363 ], [ -70.643722047425385, -33.423751815504623 ], [ -70.643636398172319, -33.42355883287091 ], [ -70.643565589920101, -33.423332021556348 ], [ -70.643386984644707, -33.422759911479972 ], [ -70.643246844315399, -33.422311006163156 ], [ -70.64298419063023, -33.421469652182878 ], [ -70.642863232270997, -33.421082241333529 ], [ -70.642741790826207, -33.420693273853182 ], [ -70.642784168703258, -33.420685345460782 ], [ -70.641165982583715, -33.420917506897361 ], [ -70.641165865542476, -33.420918602366065 ], [ -70.641144287213862, -33.421027835300272 ], [ -70.641034782146306, -33.42157825444189 ], [ -70.641013130613658, -33.42168721325875 ], [ -70.640992192453993, -33.42174367071631 ], [ -70.640972810620468, -33.421790992781595 ], [ -70.640951075801226, -33.421897989404656 ], [ -70.640785300380173, -33.422724876515225 ], [ -70.640684408925367, -33.423647966195063 ], [ -70.640623071604921, -33.424264470365578 ], [ -70.640607741825804, -33.424424988731054 ], [ -70.640584633409503, -33.424552089891485 ], [ -70.640545440458695, -33.424767651469878 ], [ -70.640521755828672, -33.424897918445453 ], [ -70.640379979160471, -33.425677695904561 ] ], [ [ -70.641053127999484, -33.425819200432862 ], [ -70.64105321664249, -33.425819395858639 ], [ -70.641051236320436, -33.425821550382423 ], [ -70.641040350807984, -33.425835075778885 ], [ -70.641022282122677, -33.425838893344796 ], [ -70.641006329889493, -33.425841789188105 ], [ -70.640986115639635, -33.425845039031799 ], [ -70.640975475205053, -33.425846671460498 ], [ -70.640969124834641, -33.42584944023951 ], [ -70.640957473861221, -33.425854067486952 ], [ -70.640956418459112, -33.425854678463757 ], [ -70.640929996481105, -33.425849360996565 ], [ -70.640886909130202, -33.425714520543856 ], [ -70.640883455628369, -33.425701144312725 ], [ -70.640892861062383, -33.425690580281845 ], [ -70.64089561074276, -33.425685473812621 ], [ -70.640901848880233, -33.4256767418225 ], [ -70.640923834841857, -33.425673170043694 ], [ -70.640960454745269, -33.425691177485156 ], [ -70.640976518842493, -33.425750915830164 ], [ -70.641047930224076, -33.425807779008281 ], [ -70.641053127999484, -33.425819200432862 ] ] ] ] } },
{ "type": "Feature", "properties": { "OBJECTID": 17, "NOMBRE": "ZONAS ESPECIALES", "NOMBRE_ZON": "CEMENTERIOS", "ZONA": "Z-S1", "Shape_STAr": 817382.19041200005, "Shape_STLe": 3941.80110388 }, "geometry": { "type": "MultiPolygon", "coordinates": [ [ [ [ -70.653072041423101, -33.407257807520836 ], [ -70.65142787106042, -33.40760011915819 ], [ -70.648561771481326, -33.408197455389789 ], [ -70.647128309115232, -33.408496181470618 ], [ -70.64650057854098, -33.408626991341279 ], [ -70.644721908757987, -33.408997621264611 ], [ -70.644793394219164, -33.41009804340392 ], [ -70.644813081728444, -33.410413607099201 ], [ -70.6448103715732, -33.410447695266988 ], [ -70.64481627070974, -33.41048533701521 ], [ -70.644837718389937, -33.410622192204684 ], [ -70.644891539048018, -33.411410893287474 ], [ -70.644937846892986, -33.412312586823589 ], [ -70.643526510480498, -33.412591086426957 ], [ -70.643632815080423, -33.414392783448577 ], [ -70.643729569414319, -33.416123127328746 ], [ -70.643902677841325, -33.416165840628736 ], [ -70.644505829732481, -33.416255384835196 ], [ -70.644577418693274, -33.416249425022578 ], [ -70.6452147357668, -33.416323292537925 ], [ -70.645807667709008, -33.416578135160456 ], [ -70.645815833424734, -33.416603796588255 ], [ -70.648195485047978, -33.417910927982454 ], [ -70.648225785100152, -33.417927571682895 ], [ -70.648407948948503, -33.417991007621197 ], [ -70.648865479871361, -33.417919699959263 ], [ -70.649710126191962, -33.417788054524536 ], [ -70.649717494738539, -33.417816589579253 ], [ -70.64974503776682, -33.417828631470904 ], [ -70.650135195783037, -33.417767835132388 ], [ -70.650244373981735, -33.417750673503356 ], [ -70.650558127118899, -33.417701352772092 ], [ -70.650571411118065, -33.417681610805808 ], [ -70.650567961375856, -33.417649682376712 ], [ -70.650756774695211, -33.417619041363082 ], [ -70.651070309289949, -33.417568159386896 ], [ -70.651709410962596, -33.41746411984338 ], [ -70.652081458766048, -33.41745291298254 ], [ -70.652634777175976, -33.417437475197012 ], [ -70.652679813266062, -33.417441647551172 ], [ -70.652680609992188, -33.417369562804005 ], [ -70.652686167811908, -33.417116336470741 ], [ -70.652688899381502, -33.416620024733888 ], [ -70.652693713612379, -33.416184701129737 ], [ -70.652694906582042, -33.416076829234797 ], [ -70.652698688389549, -33.415734862229954 ], [ -70.652678189547657, -33.415734181247878 ], [ -70.652680978971716, -33.415543928566507 ], [ -70.652687126629857, -33.415124654106798 ], [ -70.652602930559055, -33.415123462811984 ], [ -70.652604854028183, -33.414860531543681 ], [ -70.652608997027968, -33.414294326226091 ], [ -70.652612361463099, -33.413834485727861 ], [ -70.652614696890012, -33.413515302749197 ], [ -70.652615865375409, -33.412717201845368 ], [ -70.652609585878196, -33.412201928042258 ], [ -70.652598257712384, -33.411272368795636 ], [ -70.653490277959264, -33.41128437457261 ], [ -70.653516012447383, -33.409816795944202 ], [ -70.653494567953288, -33.409800698280812 ], [ -70.653133609483902, -33.409860547295082 ], [ -70.65311793609888, -33.40975409772377 ], [ -70.653510902892123, -33.409682288576626 ], [ -70.653525854948725, -33.409660613992152 ], [ -70.653526186313627, -33.409370756207871 ], [ -70.653139411961774, -33.409412629591507 ], [ -70.653138241858642, -33.4088778612075 ], [ -70.653139723218629, -33.408505610420754 ], [ -70.653140829884407, -33.408293710812508 ], [ -70.653140652350046, -33.407297814570903 ], [ -70.653140691530808, -33.407293015412776 ], [ -70.653141092995725, -33.407243320146151 ], [ -70.653072041423101, -33.407257807520836 ] ] ] ] } },
{ "type": "Feature", "properties": { "OBJECTID": 19, "NOMBRE": "ZONAS ESPECIALES", "NOMBRE_ZON": "AREAS VERDES", "ZONA": "Z-AV", "Shape_STAr": 433.08324919299997, "Shape_STLe": 137.68230216000001 }, "geometry": { "type": "MultiPolygon", "coordinates": [ [ [ [ -70.642335487197727, -33.43317131054232 ], [ -70.642396238809809, -33.433151437606327 ], [ -70.642393590927966, -33.433106751920548 ], [ -70.642391741711393, -33.433011233126528 ], [ -70.642381573225009, -33.432905347083803 ], [ -70.642356386585931, -33.43262136309972 ], [ -70.64232280840038, -33.432590909405477 ], [ -70.642292417577039, -33.432591246995294 ], [ -70.642284442418728, -33.432598571759215 ], [ -70.642285440373314, -33.432650171076432 ], [ -70.642296529739895, -33.432803516274817 ], [ -70.642299603996804, -33.432932949235585 ], [ -70.642300731058867, -33.432991171670139 ], [ -70.642314440760444, -33.433026405782805 ], [ -70.642332355173124, -33.433054514770276 ], [ -70.642333724836078, -33.433125269401955 ], [ -70.642335487197727, -33.43317131054232 ] ] ] ] } },
{ "type": "Feature", "properties": { "OBJECTID": 20, "NOMBRE": "ZONAS ESPECIALES", "NOMBRE_ZON": "AREAS VERDES", "ZONA": "Z-AV", "Shape_STAr": 583.62170877799997, "Shape_STLe": 187.159749629 }, "geometry": { "type": "MultiPolygon", "coordinates": [ [ [ [ -70.642272495520203, -33.432512346563755 ], [ -70.642295649117855, -33.432512088601634 ], [ -70.642304763621212, -33.432504437615911 ], [ -70.642307493452378, -33.432499812957431 ], [ -70.642311491789229, -33.432493039575618 ], [ -70.642310379336763, -33.432464821673008 ], [ -70.64229877243632, -33.432354110943713 ], [ -70.642226627352599, -33.431828843297197 ], [ -70.642213962744378, -33.431733114200789 ], [ -70.642211884344832, -33.431718534811971 ], [ -70.642199765670455, -33.431711104619936 ], [ -70.642186742098858, -33.431711250045886 ], [ -70.642166827210147, -33.431714302244373 ], [ -70.642143009372532, -33.431731360119173 ], [ -70.642155782404529, -33.431828395439489 ], [ -70.642224541595098, -33.432347350989957 ], [ -70.642243811015973, -33.43249552139288 ], [ -70.642260134247365, -33.43250123742861 ], [ -70.642272495520203, -33.432512346563755 ] ] ] ] } },
{ "type": "Feature", "properties": { "OBJECTID": 22, "NOMBRE": "ZONAS ESPECIALES", "NOMBRE_ZON": "AREAS VERDES", "ZONA": "Z-AV", "Shape_STAr": 1800.5861723800001, "Shape_STLe": 302.51890006500003 }, "geometry": { "type": "MultiPolygon", "coordinates": [ [ [ [ -70.640037705844506, -33.427198686305758 ], [ -70.640105728439522, -33.427200295546164 ], [ -70.640158035133126, -33.42714962885011 ], [ -70.640086115326014, -33.426896300245055 ], [ -70.640014682072604, -33.426635651309589 ], [ -70.639923523820144, -33.426266039885292 ], [ -70.639863865525768, -33.426023477314203 ], [ -70.639852097009467, -33.425977884024299 ], [ -70.63981272798334, -33.425943509227935 ], [ -70.639759117776052, -33.425931757545634 ], [ -70.6397151229352, -33.425992254135835 ], [ -70.639756696812285, -33.426181441247465 ], [ -70.639777789555623, -33.426247713753042 ], [ -70.639822624135107, -33.426390266493421 ], [ -70.639849938904973, -33.426502805332937 ], [ -70.639899484104262, -33.426714126978716 ], [ -70.639948866438417, -33.426938275664597 ], [ -70.639981878495817, -33.427080827752484 ], [ -70.640006126400877, -33.427149171462958 ], [ -70.640037705844506, -33.427198686305758 ] ] ] ] } },
{ "type": "Feature", "properties": { "OBJECTID": 23, "NOMBRE": "ZONAS ESPECIALES", "NOMBRE_ZON": "AREAS VERDES", "ZONA": "Z-AV", "Shape_STAr": 907.17027195499998, "Shape_STLe": 166.346284658 }, "geometry": { "type": "MultiPolygon", "coordinates": [ [ [ [ -70.63968903289279, -33.425629928312951 ], [ -70.639750402875691, -33.425654273381589 ], [ -70.639803208650477, -33.425645792337896 ], [ -70.639869492144257, -33.425404371710009 ], [ -70.639925400425781, -33.425041230311585 ], [ -70.63991005634945, -33.424993367501834 ], [ -70.639878771292004, -33.424979414161953 ], [ -70.639841183776298, -33.424987759828291 ], [ -70.639795590967609, -33.425006836696383 ], [ -70.63968903289279, -33.425629928312951 ] ] ] ] } },
{ "type": "Feature", "properties": { "OBJECTID": 24, "NOMBRE": "ZONAS ESPECIALES", "NOMBRE_ZON": "AREAS VERDES", "ZONA": "Z-AV", "Shape_STAr": 1424.5819944899999, "Shape_STLe": 231.61841091599999 }, "geometry": { "type": "MultiPolygon", "coordinates": [ [ [ [ -70.639815989026005, -33.424859761710593 ], [ -70.639914526247637, -33.424889985758611 ], [ -70.639966853119731, -33.424844173430586 ], [ -70.640139647477156, -33.423967377561816 ], [ -70.64010932803231, -33.423942761792901 ], [ -70.640026037514744, -33.423943512503783 ], [ -70.639988151744845, -33.423968741701835 ], [ -70.639815989026005, -33.424859761710593 ] ] ] ] } },
{ "type": "Feature", "properties": { "OBJECTID": 25, "NOMBRE": "ZONAS ESPECIALES", "NOMBRE_ZON": "AREAS VERDES", "ZONA": "Z-AV", "Shape_STAr": 1417.37148293, "Shape_STLe": 240.073753442 }, "geometry": { "type": "MultiPolygon", "coordinates": [ [ [ [ -70.639999493579396, -33.423828804475882 ], [ -70.639992255575891, -33.423866143964645 ], [ -70.640135501118465, -33.423839221055573 ], [ -70.640283583656725, -33.423049863101319 ], [ -70.640299250752932, -33.422942471586467 ], [ -70.640301650274552, -33.422914006954279 ], [ -70.640240659243048, -33.422883010619273 ], [ -70.640172429349903, -33.422889355570334 ], [ -70.640041752375183, -33.423553300231703 ], [ -70.639999493579396, -33.423828804475882 ] ] ] ] } },
{ "type": "Feature", "properties": { "OBJECTID": 26, "NOMBRE": "ZONAS ESPECIALES", "NOMBRE_ZON": "AREAS VERDES", "ZONA": "Z-AV", "Shape_STAr": 1275.29701479, "Shape_STLe": 222.38308976100001 }, "geometry": { "type": "MultiPolygon", "coordinates": [ [ [ [ -70.640204132141733, -33.422746304649877 ], [ -70.640274066645432, -33.422783590216703 ], [ -70.640333931912835, -33.422762461226696 ], [ -70.640474163346568, -33.421919177286689 ], [ -70.640457207194927, -33.421886106015258 ], [ -70.640403295913799, -33.421856789994138 ], [ -70.640335269433251, -33.421876192634301 ], [ -70.640274786412348, -33.422310020748078 ], [ -70.640254680129942, -33.422448130497408 ], [ -70.640215899026998, -33.422630131298995 ], [ -70.640195032854038, -33.422719386329526 ], [ -70.640204132141733, -33.422746304649877 ] ] ] ] } },
{ "type": "Feature", "properties": { "OBJECTID": 27, "NOMBRE": "ZONAS ESPECIALES", "NOMBRE_ZON": "AREAS VERDES", "ZONA": "Z-AV", "Shape_STAr": 1025.9391835399999, "Shape_STLe": 189.21381380299999 }, "geometry": { "type": "MultiPolygon", "coordinates": [ [ [ [ -70.640399815832723, -33.421768178013977 ], [ -70.640535362181623, -33.421768483583399 ], [ -70.640657944291689, -33.421037454572911 ], [ -70.640582153274991, -33.421018299501448 ], [ -70.64054523941229, -33.421028231781662 ], [ -70.640508348038466, -33.421075090992773 ], [ -70.640481147030087, -33.421311903454161 ], [ -70.640399815832723, -33.421768178013977 ] ] ] ] } },
{ "type": "Feature", "properties": { "OBJECTID": 29, "NOMBRE": "AREAS DE EDIFICACIÓN MEDIA", "NOMBRE_ZON": "BELLAVISTA - BARRIO ORIENTE RECOLETA DOMINICA", "ZONA": "E-M3", "Shape_STAr": 13085.2669881, "Shape_STLe": 758.263213565 }, "geometry": { "type": "MultiPolygon", "coordinates": [ [ [ [ -70.638385749575548, -33.423654166324944 ], [ -70.638386167703189, -33.42365484078082 ], [ -70.638509433127638, -33.423920442513591 ], [ -70.638612310714322, -33.424142112998432 ], [ -70.638706847541613, -33.42463001371506 ], [ -70.638710396100251, -33.424886874736821 ], [ -70.638717381980328, -33.425392552093243 ], [ -70.638722935149161, -33.425736150742736 ], [ -70.638723455119248, -33.425771942909002 ], [ -70.638724502742122, -33.425907970095132 ], [ -70.63872079387626, -33.425936955217956 ], [ -70.638861737235842, -33.425915062087434 ], [ -70.639056936198628, -33.424796534550538 ], [ -70.639383692457343, -33.42292939084421 ], [ -70.638852988558071, -33.423020908561618 ], [ -70.638715249041027, -33.423654329991585 ], [ -70.638385749575548, -33.423654166324944 ] ] ] ] } },
{ "type": "Feature", "properties": { "OBJECTID": 30, "NOMBRE": "ZONAS ESPECIALES", "NOMBRE_ZON": "PARQUE METROPOLITANO", "ZONA": "Z-AV-4", "Shape_STAr": 2067965.32342, "Shape_STLe": 11398.922115400001 }, "geometry": { "type": "MultiPolygon", "coordinates": [ [ [ [ -70.622592225088169, -33.396482026545762 ], [ -70.622592777183598, -33.396481824528344 ], [ -70.621972499148015, -33.39598124809492 ], [ -70.621969237789486, -33.395983248620425 ], [ -70.617573700225549, -33.398678811927567 ], [ -70.61445058292945, -33.40125819476512 ], [ -70.610031608618996, -33.403375926845662 ], [ -70.609877036865555, -33.403930430366785 ], [ -70.609635754568302, -33.404439774729745 ], [ -70.609682095259259, -33.405034205991385 ], [ -70.609714725160671, -33.405252568407001 ], [ -70.610054171628605, -33.405605642509258 ], [ -70.610219994093015, -33.405870533246492 ], [ -70.610281022635533, -33.40608942865439 ], [ -70.610596215811981, -33.406376630125173 ], [ -70.611126602953618, -33.407043956042536 ], [ -70.611506142830635, -33.407443860570694 ], [ -70.611943339047414, -33.407664270527668 ], [ -70.612093430314886, -33.407855313108563 ], [ -70.612757437398329, -33.408321588979057 ], [ -70.61325429982098, -33.408726996723402 ], [ -70.613362523520934, -33.408805221312917 ], [ -70.614043042060004, -33.409125079427596 ], [ -70.614438387434873, -33.409445866242343 ], [ -70.614578078923415, -33.409492837354385 ], [ -70.614766170127851, -33.4096449636329 ], [ -70.614745393878977, -33.409748313982227 ], [ -70.615498741759851, -33.410270136954026 ], [ -70.617455409522151, -33.411645819446427 ], [ -70.618067985673832, -33.411933451422371 ], [ -70.618409138166257, -33.412011789013725 ], [ -70.618323355493104, -33.412407551393301 ], [ -70.620174395671427, -33.413446739790437 ], [ -70.622266183495213, -33.415425463525565 ], [ -70.624792322097235, -33.417985864045377 ], [ -70.625723140811971, -33.418727057613737 ], [ -70.628621659710831, -33.42003113614026 ], [ -70.629191770127946, -33.420141698011314 ], [ -70.629665721065791, -33.420285896621913 ], [ -70.630186556048827, -33.420429507786025 ], [ -70.631833757495883, -33.421596777474541 ], [ -70.632234647038032, -33.421880854498944 ], [ -70.632677683036121, -33.422835033925118 ], [ -70.632570683959159, -33.423685292132461 ], [ -70.632515527705664, -33.424123585820489 ], [ -70.63274285371638, -33.42478402869628 ], [ -70.633057015434332, -33.425271070622259 ], [ -70.63566564433917, -33.429609901509025 ], [ -70.635932078949253, -33.429467405779071 ], [ -70.635929065787437, -33.429463077969096 ], [ -70.636212446373108, -33.429317457798781 ], [ -70.636393639815651, -33.429224348150832 ], [ -70.636455772445188, -33.42925703027921 ], [ -70.63675485719024, -33.429106114421117 ], [ -70.636948887166184, -33.428855872879943 ], [ -70.637027430778986, -33.428753913147354 ], [ -70.637069832543702, -33.428713683687548 ], [ -70.637212915220758, -33.428569654565592 ], [ -70.637293401000264, -33.428491592766719 ], [ -70.637382282585051, -33.42843261730625 ], [ -70.637894166185362, -33.428125236789612 ], [ -70.637952688994389, -33.428081488897014 ], [ -70.638076676300372, -33.427988804191742 ], [ -70.638116379132413, -33.427956210656589 ], [ -70.638089340767948, -33.427865963712186 ], [ -70.637908829296535, -33.42765420323655 ], [ -70.637871230014426, -33.427504151103186 ], [ -70.637882175781598, -33.427341506726172 ], [ -70.637934615694078, -33.427028780975419 ], [ -70.637808419290863, -33.426420543833586 ], [ -70.637799413918074, -33.426304021891134 ], [ -70.637784292120998, -33.426168145388544 ], [ -70.637768433894109, -33.425962942310299 ], [ -70.637759813163257, -33.42579159663665 ], [ -70.637745412514036, -33.425704524848065 ], [ -70.637723547597815, -33.425553534325623 ], [ -70.637713349650099, -33.425448401988888 ], [ -70.637692644377793, -33.425340134768092 ], [ -70.637637014063117, -33.425231327724646 ], [ -70.637608712924589, -33.424870934232381 ], [ -70.637584544463039, -33.424775072294949 ], [ -70.637583051541142, -33.424532771138146 ], [ -70.637536058349696, -33.424425581484662 ], [ -70.637457344488695, -33.424246037462709 ], [ -70.637448550050664, -33.424199408114255 ], [ -70.637438617034405, -33.424166256320881 ], [ -70.637430423477994, -33.424131350044739 ], [ -70.637408528589305, -33.424059405237635 ], [ -70.637390651325717, -33.424032112009208 ], [ -70.637131775185125, -33.423653535198717 ], [ -70.637131917130034, -33.423653534226688 ], [ -70.637121930066471, -33.423638344871904 ], [ -70.637106306603314, -33.423614801416029 ], [ -70.637082523078718, -33.423578632734703 ], [ -70.637048059149194, -33.423524082341409 ], [ -70.63701893223066, -33.423476888962483 ], [ -70.636982582094561, -33.423417760504677 ], [ -70.636966377778194, -33.423382978870364 ], [ -70.636952455302222, -33.423343080789763 ], [ -70.63695079070115, -33.423309119985902 ], [ -70.636952364271309, -33.423274008990809 ], [ -70.636959040682612, -33.423241690343382 ], [ -70.63697704310556, -33.423191393905775 ], [ -70.63698902155447, -33.423155693748136 ], [ -70.636992550276176, -33.423144756663589 ], [ -70.636985342276162, -33.423113638554128 ], [ -70.636966908374461, -33.423075810204054 ], [ -70.636961596331332, -33.423064909554043 ], [ -70.636963141546047, -33.423046563961343 ], [ -70.636965803689222, -33.423014958440405 ], [ -70.63697051830141, -33.422991971676204 ], [ -70.636975053102432, -33.422977109171001 ], [ -70.636983004103087, -33.42295453961971 ], [ -70.636995507397529, -33.422931101937195 ], [ -70.637004887020453, -33.422909642618407 ], [ -70.637009714530336, -33.422902581591359 ], [ -70.637019420168215, -33.422887145803301 ], [ -70.637070660592769, -33.422828468175226 ], [ -70.637103711586292, -33.422801527978308 ], [ -70.637147174550449, -33.422770598603819 ], [ -70.637212018940005, -33.422726556600402 ], [ -70.637251881489448, -33.422699482250415 ], [ -70.637305457708848, -33.422663093995936 ], [ -70.637331591354538, -33.422650826763636 ], [ -70.637460660351806, -33.422590240315976 ], [ -70.637575376714409, -33.422536391450329 ], [ -70.637805294136129, -33.4223416603662 ], [ -70.637904912524931, -33.422257287033169 ], [ -70.638028636501062, -33.422152496136412 ], [ -70.638084978246681, -33.422104777402843 ], [ -70.638103946529682, -33.422088711454371 ], [ -70.638112092584691, -33.422081812168926 ], [ -70.638130091099228, -33.422063415168829 ], [ -70.638195770784677, -33.421996281083736 ], [ -70.638287494666969, -33.421902525380524 ], [ -70.638354083680866, -33.421834461138218 ], [ -70.638510641610409, -33.421674512935788 ], [ -70.638529410918025, -33.421655249858638 ], [ -70.638556605853935, -33.42160184488494 ], [ -70.638573246375245, -33.42157448804295 ], [ -70.638606743669769, -33.421526534321544 ], [ -70.638657601756464, -33.421454303892489 ], [ -70.638701390153358, -33.42139211044141 ], [ -70.638738137855228, -33.421335085511757 ], [ -70.638785533827928, -33.421261537212018 ], [ -70.638890201885332, -33.421155270283656 ], [ -70.638938046664848, -33.421107102523067 ], [ -70.638981346145712, -33.421053705578686 ], [ -70.638997309656176, -33.421022268729651 ], [ -70.639033762538475, -33.420972349526139 ], [ -70.63906743815788, -33.420929388566236 ], [ -70.63919323900187, -33.420787418189676 ], [ -70.639286085471369, -33.420685194076704 ], [ -70.639357185720925, -33.420600501253979 ], [ -70.639448565815016, -33.420489744348849 ], [ -70.639507536078938, -33.420402887776184 ], [ -70.639545437106136, -33.420305549977662 ], [ -70.63955178800569, -33.420254833650226 ], [ -70.639539816465586, -33.420219320914576 ], [ -70.639491473436848, -33.42018430794068 ], [ -70.639422201501787, -33.420171782793048 ], [ -70.639385254091536, -33.420165101647562 ], [ -70.639237198770175, -33.420158339778702 ], [ -70.639135137807813, -33.420146493156118 ], [ -70.639017355869029, -33.420131712238373 ], [ -70.638992183179724, -33.420128736999779 ], [ -70.638929213668561, -33.420111762521941 ], [ -70.638845225184539, -33.420062816306078 ], [ -70.638724000965851, -33.41998971592087 ], [ -70.638635754751476, -33.419921578046036 ], [ -70.638420348028546, -33.41975981461735 ], [ -70.638242402669491, -33.419634300148751 ], [ -70.63815051788032, -33.419570968034847 ], [ -70.638083221813503, -33.419519031272863 ], [ -70.638051486611843, -33.419494101773303 ], [ -70.638010920070897, -33.419442377373038 ], [ -70.638076363032596, -33.41941020144629 ], [ -70.63807360571262, -33.419406598076122 ], [ -70.638064221332783, -33.419394333575674 ], [ -70.638003325535337, -33.41931475228057 ], [ -70.637894334035053, -33.419172314544753 ], [ -70.637784311549183, -33.419020197440162 ], [ -70.637745362437826, -33.418966104117615 ], [ -70.637683318406985, -33.418917605888879 ], [ -70.637559175964753, -33.4188205658619 ], [ -70.637331567992092, -33.418642646509561 ], [ -70.637182242881863, -33.418438851514118 ], [ -70.637030074422199, -33.418231181707647 ], [ -70.636906360611746, -33.4180623432541 ], [ -70.636878196959316, -33.418023907366006 ], [ -70.636782601415092, -33.417932491427919 ], [ -70.636572390882179, -33.417731468743696 ], [ -70.636401257091904, -33.417567813328418 ], [ -70.636356003184218, -33.417524544431735 ], [ -70.636315292725456, -33.417485622823364 ], [ -70.636255142042231, -33.417428116616392 ], [ -70.636231989576444, -33.417405981794701 ], [ -70.636127229541145, -33.41735594501246 ], [ -70.636009840262204, -33.41731015822544 ], [ -70.635897985815134, -33.417266530352713 ], [ -70.635813224145053, -33.41722743928112 ], [ -70.635707107564798, -33.417178500420768 ], [ -70.635512183472159, -33.417088604441879 ], [ -70.635343774045182, -33.417011690316173 ], [ -70.635063350853528, -33.416982117173049 ], [ -70.634812821637567, -33.416955696258086 ], [ -70.634534113089117, -33.416926302221768 ], [ -70.634355864559382, -33.416944292610808 ], [ -70.634283396984188, -33.416920137836328 ], [ -70.634246190342381, -33.416907735515927 ], [ -70.634199867169357, -33.416883257835181 ], [ -70.634183588069021, -33.416872938937281 ], [ -70.634133904809332, -33.416837868397586 ], [ -70.63410495695986, -33.416812420439108 ], [ -70.634093257574165, -33.416802136782586 ], [ -70.634054387199413, -33.416776981875003 ], [ -70.634028681731735, -33.416762556656039 ], [ -70.634002170815009, -33.416750772686768 ], [ -70.633965117837903, -33.416737669335525 ], [ -70.633945929900435, -33.416730739934799 ], [ -70.633929136511895, -33.4167286137058 ], [ -70.633892983067014, -33.416724032517422 ], [ -70.633869710124955, -33.416724243515027 ], [ -70.633848285195697, -33.416730336260791 ], [ -70.633819612077588, -33.416738494086211 ], [ -70.633802109012251, -33.416741022524974 ], [ -70.633776290553996, -33.416744732777573 ], [ -70.63372707284455, -33.416752360385217 ], [ -70.633688957526772, -33.416762745629882 ], [ -70.633639260245332, -33.416778358027194 ], [ -70.6336033044673, -33.416789900709809 ], [ -70.633588425525673, -33.416794677993465 ], [ -70.633554747640233, -33.416794805932462 ], [ -70.633504913065138, -33.416794993347196 ], [ -70.633478176641205, -33.416786152207166 ], [ -70.633430371344375, -33.416777324305805 ], [ -70.633352503316786, -33.416762691303376 ], [ -70.633321850526755, -33.416756789371682 ], [ -70.633292228439387, -33.416751084887714 ], [ -70.63326204414868, -33.416739993942777 ], [ -70.633230098051854, -33.416728598825678 ], [ -70.633207509963427, -33.416719956413736 ], [ -70.633171625376335, -33.416706356760685 ], [ -70.63312196918919, -33.41667414155139 ], [ -70.633077475255803, -33.416645275390565 ], [ -70.633047976656329, -33.416622499343688 ], [ -70.633005297281017, -33.416581071092047 ], [ -70.632972792639563, -33.416546040830667 ], [ -70.632934114137328, -33.416501586535247 ], [ -70.632881343136546, -33.416434638489797 ], [ -70.632870885678614, -33.4164093436003 ], [ -70.632838078398194, -33.41632844108365 ], [ -70.632812287407646, -33.416263989396093 ], [ -70.63279376448908, -33.416214446702654 ], [ -70.632776046731436, -33.416175169783713 ], [ -70.632757138830783, -33.416146134404684 ], [ -70.632732731394483, -33.416108652713469 ], [ -70.632713775892384, -33.41607954310161 ], [ -70.63268742979055, -33.416040809025162 ], [ -70.632643798967194, -33.415984777167459 ], [ -70.632608290874984, -33.415940826633921 ], [ -70.632560588285671, -33.415881782112514 ], [ -70.63250923097057, -33.415822243675308 ], [ -70.632460249246009, -33.415764658880256 ], [ -70.632435499439893, -33.415729613872351 ], [ -70.632414450290653, -33.415699811202259 ], [ -70.632395940369548, -33.415676974228653 ], [ -70.632371691436191, -33.415648061387074 ], [ -70.632315822287097, -33.415592727968068 ], [ -70.632233798539517, -33.415510422222894 ], [ -70.632184992614981, -33.415460718815375 ], [ -70.632093621948599, -33.41536743622143 ], [ -70.632030898963961, -33.415311081797746 ], [ -70.631969357364213, -33.41525676797373 ], [ -70.631918629447455, -33.415213125708689 ], [ -70.631848800969806, -33.415154491055674 ], [ -70.631797755640974, -33.415116121420091 ], [ -70.631739008135995, -33.415073304250434 ], [ -70.631693002014117, -33.415039298976225 ], [ -70.631639587416288, -33.414999817820174 ], [ -70.631584101311034, -33.414955429062694 ], [ -70.631518382933436, -33.414903327131135 ], [ -70.631439298915964, -33.414840649322784 ], [ -70.631390412590264, -33.414801954409604 ], [ -70.631337514963874, -33.414760085479102 ], [ -70.631291085134492, -33.41472560223923 ], [ -70.631245352002324, -33.414693927143354 ], [ -70.631237087668481, -33.414687882632073 ], [ -70.631214550293379, -33.414682200793251 ], [ -70.631176618696614, -33.41467172886307 ], [ -70.63114027463719, -33.414662019735623 ], [ -70.631112899577289, -33.41465446075555 ], [ -70.631078528748944, -33.414638938599381 ], [ -70.631028993142948, -33.414613584770969 ], [ -70.630951145351531, -33.414573741018621 ], [ -70.630899650933486, -33.414546914950556 ], [ -70.630958731299671, -33.41447540733207 ], [ -70.631117050648996, -33.41428761817744 ], [ -70.631282330332667, -33.414095181224098 ], [ -70.631264409165638, -33.414089071631665 ], [ -70.631154585699065, -33.41403346064336 ], [ -70.631078362519816, -33.414013764182151 ], [ -70.630910723757125, -33.413978177316082 ], [ -70.630830010563145, -33.413961043228298 ], [ -70.630706144130741, -33.413930210362018 ], [ -70.630586466971238, -33.413895155827689 ], [ -70.630475068436297, -33.413859433211435 ], [ -70.630397145906159, -33.413832916458261 ], [ -70.630257355047476, -33.413800024353812 ], [ -70.630210107905157, -33.413788908002445 ], [ -70.630107629123756, -33.413789290836263 ], [ -70.630044874559559, -33.413849434552979 ], [ -70.630113815910576, -33.413900769870324 ], [ -70.630006547091753, -33.414039141911729 ], [ -70.63005426333595, -33.414035475640404 ], [ -70.62976225359057, -33.414412204694059 ], [ -70.629725423531767, -33.414443639545105 ], [ -70.629656335624432, -33.414529178937954 ], [ -70.629609955066556, -33.414582253368685 ], [ -70.629578408156235, -33.41459526736373 ], [ -70.629516160531736, -33.414620945123538 ], [ -70.629488640991383, -33.414632297313972 ], [ -70.629444239809573, -33.414666132128104 ], [ -70.629388412005, -33.41470867543503 ], [ -70.629333355679407, -33.414717911105242 ], [ -70.62927069978123, -33.414717017990725 ], [ -70.62911736391608, -33.41471483230378 ], [ -70.629079796623074, -33.414714296750041 ], [ -70.628996445639757, -33.414728109155035 ], [ -70.628940968405274, -33.41473985817774 ], [ -70.628889003415011, -33.414750863932326 ], [ -70.628831389901634, -33.414790801601811 ], [ -70.628774304246519, -33.414836090103563 ], [ -70.628706174590832, -33.414890139719255 ], [ -70.628665529004579, -33.414936517238623 ], [ -70.628632249751661, -33.414974489429412 ], [ -70.628607896263176, -33.415002277246117 ], [ -70.628595275039544, -33.415025281895879 ], [ -70.628571029987938, -33.415069477134601 ], [ -70.628546458438677, -33.415119571036733 ], [ -70.628519632677069, -33.415174262316896 ], [ -70.628490956403581, -33.415215372834815 ], [ -70.628470698882936, -33.415237686828725 ], [ -70.628444308751497, -33.415266754903051 ], [ -70.628399632453949, -33.415268725790675 ], [ -70.628333585561478, -33.415271638276003 ], [ -70.62828128410365, -33.415287626317735 ], [ -70.628229948185805, -33.415303319388414 ], [ -70.628198406710027, -33.415324600071557 ], [ -70.628169341789601, -33.415344208703573 ], [ -70.628066573958762, -33.415384401491515 ], [ -70.628020776155225, -33.415337522940391 ], [ -70.627949883547998, -33.415279762168616 ], [ -70.627897183470793, -33.41523250431031 ], [ -70.627856675714014, -33.41522429630988 ], [ -70.627833966468572, -33.415203350780644 ], [ -70.627792150664803, -33.415168324977685 ], [ -70.627751779170381, -33.415130881328402 ], [ -70.627719362256599, -33.41509032565795 ], [ -70.627676759671601, -33.415030304107148 ], [ -70.627578458421368, -33.41495507987139 ], [ -70.62749339006497, -33.414886037133734 ], [ -70.627419292627494, -33.414825920120741 ], [ -70.627366203431521, -33.414777084412023 ], [ -70.627286953827024, -33.414722833704708 ], [ -70.627197567893532, -33.414710204772106 ], [ -70.627028158206699, -33.414686269537711 ], [ -70.626909713801538, -33.414707145023314 ], [ -70.626724101077457, -33.414750879951796 ], [ -70.626365740777999, -33.41483771403874 ], [ -70.626228564445043, -33.414839285459514 ], [ -70.625711352591281, -33.414858218987206 ], [ -70.625590637461698, -33.414820984475355 ], [ -70.62551416174297, -33.41480127166114 ], [ -70.625291232269603, -33.414629074174776 ], [ -70.625181500521151, -33.414572107498621 ], [ -70.625137322987925, -33.41452533737759 ], [ -70.624970588464151, -33.41434882268149 ], [ -70.6249119181971, -33.414284373413274 ], [ -70.624818474782217, -33.414229205901329 ], [ -70.624803233749077, -33.414211949664001 ], [ -70.62474556739474, -33.414146654768082 ], [ -70.62470575005544, -33.414101570610882 ], [ -70.624542154437492, -33.41395100233003 ], [ -70.62440016694633, -33.41382031854053 ], [ -70.624297973961333, -33.413727948218707 ], [ -70.624215764705355, -33.413651294814443 ], [ -70.624090111373647, -33.413566276654642 ], [ -70.623925271199269, -33.413485414843564 ], [ -70.623800623377477, -33.413399389393049 ], [ -70.623706857381151, -33.413325473392625 ], [ -70.623647957914145, -33.41326479886132 ], [ -70.623592289962517, -33.413196497573693 ], [ -70.623544583708167, -33.413135634082892 ], [ -70.623521320648976, -33.41310709161462 ], [ -70.623387427475308, -33.413006307380186 ], [ -70.623337764332646, -33.412944345730729 ], [ -70.623264569536815, -33.41280564561773 ], [ -70.623225611639484, -33.412733048266546 ], [ -70.623154588988356, -33.412630562570833 ], [ -70.623103811492086, -33.412449561537336 ], [ -70.622927044917546, -33.411702596219278 ], [ -70.623002227806083, -33.41163397759005 ], [ -70.622998519758738, -33.4114694584418 ], [ -70.622843851519619, -33.410669969428469 ], [ -70.622847195170394, -33.410451190185448 ], [ -70.622935853609178, -33.409916690541429 ], [ -70.622933024140195, -33.409881700300097 ], [ -70.622928564790556, -33.409826551027095 ], [ -70.622924548394465, -33.409776889033488 ], [ -70.622918794207081, -33.409705717568876 ], [ -70.62291455676943, -33.409678625078229 ], [ -70.622889363081555, -33.409599933235839 ], [ -70.622845030991868, -33.409461458440269 ], [ -70.622680244751294, -33.409143592756188 ], [ -70.622486799498603, -33.408850111241904 ], [ -70.622357679508141, -33.408657701757356 ], [ -70.622220656205343, -33.408446643626412 ], [ -70.622100008854119, -33.408268188056674 ], [ -70.621997777630355, -33.408114037694475 ], [ -70.621918186073501, -33.407994025988181 ], [ -70.621903166992297, -33.407971379785934 ], [ -70.621806929591344, -33.407893330702443 ], [ -70.621720664073976, -33.407824453599964 ], [ -70.621679972548407, -33.407790117031979 ], [ -70.621511690461901, -33.407721966598665 ], [ -70.62121069565795, -33.407601021051242 ], [ -70.621127000380454, -33.407616558695793 ], [ -70.621105862938393, -33.407594766127019 ], [ -70.620846806082511, -33.40759803420918 ], [ -70.620674761205152, -33.407600204612017 ], [ -70.620407265924499, -33.407564877952161 ], [ -70.61993918095969, -33.407510142235445 ], [ -70.619677495227677, -33.407491110946978 ], [ -70.619396412046527, -33.407513997151192 ], [ -70.61916531760339, -33.40753404687068 ], [ -70.619008435091558, -33.407519572966301 ], [ -70.618864103295195, -33.407506256255481 ], [ -70.618646136595018, -33.407448852660757 ], [ -70.618559540400312, -33.407426046100376 ], [ -70.618463783810185, -33.407373262932339 ], [ -70.618385406859431, -33.4073233074567 ], [ -70.618335448403442, -33.40728725633182 ], [ -70.618267434154006, -33.407238174735419 ], [ -70.618237368021312, -33.407216478304925 ], [ -70.61817243470442, -33.407134355577114 ], [ -70.618129510387533, -33.407080069466708 ], [ -70.618024630428437, -33.406947423826267 ], [ -70.617977931732952, -33.406888363872199 ], [ -70.617923822677767, -33.406819929470828 ], [ -70.617864906233962, -33.406724880531378 ], [ -70.617784048043106, -33.406583094186153 ], [ -70.617603402029985, -33.406266325375078 ], [ -70.617461028048169, -33.406016665191743 ], [ -70.617419671036899, -33.405944143985977 ], [ -70.617401912144516, -33.405913001558162 ], [ -70.617382636879043, -33.405863629339613 ], [ -70.617310736617142, -33.405679458577197 ], [ -70.617256164518025, -33.405539672988077 ], [ -70.617230493356132, -33.405473916594282 ], [ -70.617204185324766, -33.405385455747442 ], [ -70.617181104257412, -33.405307847909206 ], [ -70.617167107431442, -33.405260782271306 ], [ -70.617179077785394, -33.405179471761926 ], [ -70.617171600081605, -33.404873105384453 ], [ -70.617138894060886, -33.404118755016476 ], [ -70.617095507452035, -33.403936293773896 ], [ -70.616998797302514, -33.403529579771742 ], [ -70.61708108916956, -33.403142424473927 ], [ -70.617318333496542, -33.402828679551909 ], [ -70.617313142272621, -33.402459737284914 ], [ -70.616978186002711, -33.402090709044586 ], [ -70.616840632646927, -33.401702859667687 ], [ -70.616966405378022, -33.401271781839284 ], [ -70.616977468791944, -33.401233861487569 ], [ -70.617185871082086, -33.401035323647797 ], [ -70.617443442342818, -33.400711173254578 ], [ -70.617601124889006, -33.400512728758777 ], [ -70.617853621434008, -33.400294491412986 ], [ -70.618215426869881, -33.399981772633645 ], [ -70.618278601155367, -33.399927169323135 ], [ -70.618613474572669, -33.399862653465462 ], [ -70.618941201099489, -33.39979827506945 ], [ -70.619152283507503, -33.399736226311255 ], [ -70.61931899681349, -33.399728295698125 ], [ -70.619410732283228, -33.399692163793013 ], [ -70.619442971117479, -33.399578495703146 ], [ -70.619656262113651, -33.399698085964793 ], [ -70.619693529051617, -33.399655090438451 ], [ -70.61976820944156, -33.399620972891377 ], [ -70.61985121531859, -33.399583052669435 ], [ -70.619928145244259, -33.399552894478688 ], [ -70.620032046879132, -33.399513451336581 ], [ -70.620212837658798, -33.399513489200658 ], [ -70.620383747281082, -33.399458671787826 ], [ -70.62042692422493, -33.399423214863859 ], [ -70.620477449142214, -33.399381804515627 ], [ -70.620495253199906, -33.399367275137493 ], [ -70.620555628976803, -33.399303286663418 ], [ -70.620584321952919, -33.39926290457209 ], [ -70.620645601906716, -33.399174832421444 ], [ -70.620687223320246, -33.399074608689965 ], [ -70.620726636758604, -33.398937414138864 ], [ -70.620732438434459, -33.398928266769992 ], [ -70.62073197950771, -33.398876801341657 ], [ -70.620731500781915, -33.398823053623012 ], [ -70.620732719368405, -33.398776291000701 ], [ -70.620735371448461, -33.398733828546355 ], [ -70.620738036117942, -33.398691175639719 ], [ -70.620741522042721, -33.398635369538027 ], [ -70.620729856866404, -33.398606269058064 ], [ -70.620719396999121, -33.398579312729368 ], [ -70.620711031477413, -33.398554725219171 ], [ -70.620701155741941, -33.398525700560633 ], [ -70.620690389573809, -33.39849405958136 ], [ -70.620688629164832, -33.398488887097777 ], [ -70.620684036722025, -33.39845881402281 ], [ -70.620673767255624, -33.398391559334051 ], [ -70.620666258037204, -33.39834238558268 ], [ -70.620649339532676, -33.398265622207376 ], [ -70.620633940307314, -33.398195751560259 ], [ -70.620679949205638, -33.398154713968857 ], [ -70.620716027774179, -33.398122533164504 ], [ -70.620753786352623, -33.398051475667891 ], [ -70.620754952989657, -33.398049279785447 ], [ -70.620764485262015, -33.398037343897492 ], [ -70.620794409147308, -33.397999874843492 ], [ -70.620848714237098, -33.397931877518133 ], [ -70.620869299154933, -33.397906102828593 ], [ -70.620871949100561, -33.397902784619127 ], [ -70.620887108711116, -33.397889051789925 ], [ -70.620956131999208, -33.397799714049469 ], [ -70.620977171470088, -33.397772482348188 ], [ -70.620989768473507, -33.397756177583389 ], [ -70.621033126112366, -33.397712908190812 ], [ -70.62105858502153, -33.397687501764992 ], [ -70.621096147624655, -33.397648466441545 ], [ -70.621116715213631, -33.3976270920001 ], [ -70.621131208206535, -33.397612031330638 ], [ -70.621133487627191, -33.397609662180535 ], [ -70.621154651693146, -33.397574382634637 ], [ -70.621167125487389, -33.397553589217331 ], [ -70.621184387106879, -33.397524815107012 ], [ -70.621202413137766, -33.397494766630125 ], [ -70.62121746592301, -33.397469673818556 ], [ -70.621230048143971, -33.397449336209426 ], [ -70.621249706167674, -33.397424667499294 ], [ -70.621281336560884, -33.397384975549024 ], [ -70.62131575641628, -33.397341781377989 ], [ -70.621342046457457, -33.397308341294469 ], [ -70.62137860156308, -33.397259766800282 ], [ -70.621395516644611, -33.39723729020718 ], [ -70.6214014837646, -33.3972293608307 ], [ -70.621414263557241, -33.397217984878516 ], [ -70.621444837541915, -33.39719077007814 ], [ -70.621468371673927, -33.397169821254472 ], [ -70.621480351398631, -33.397151492670986 ], [ -70.621501850187784, -33.397106290292498 ], [ -70.621523059257669, -33.397061698633188 ], [ -70.621541390665357, -33.397023155324327 ], [ -70.621551532562833, -33.397014357016332 ], [ -70.621570769932617, -33.396997670501008 ], [ -70.621591463992118, -33.396976288919255 ], [ -70.621621560560598, -33.396944564820366 ], [ -70.621640553211208, -33.396924545599184 ], [ -70.621667381874715, -33.396896267736601 ], [ -70.621686182576326, -33.396876450323596 ], [ -70.621714128423889, -33.39681461493241 ], [ -70.62174318536789, -33.396750318327783 ], [ -70.621744200507649, -33.39674807211015 ], [ -70.621752235172963, -33.396736791520226 ], [ -70.621797832996606, -33.396672193004889 ], [ -70.621836440197754, -33.396617434714827 ], [ -70.621856284862517, -33.396589289596569 ], [ -70.621860696055407, -33.396583032703958 ], [ -70.621885900829227, -33.396553700133303 ], [ -70.621915919218665, -33.396518765546709 ], [ -70.622042893783373, -33.396512212139626 ], [ -70.622245732719321, -33.39649333053994 ], [ -70.622263656477344, -33.396491652327938 ], [ -70.622437882273758, -33.396537836910355 ], [ -70.622564908007874, -33.396491814321465 ], [ -70.62259213122347, -33.396481951117273 ], [ -70.622592225088169, -33.396482026545762 ] ] ] ] } },
{ "type": "Feature", "properties": { "OBJECTID": 31, "NOMBRE": "ZONAS DE RESTRICCIÓN LADERA CERRO SAN CRISTÓBAL", "NOMBRE_ZON": "ZONA DE RESTRICCION CON EDIFICACION RESTRINGIDA", "ZONA": "Z-R2", "Shape_STAr": 132304.230649, "Shape_STLe": 2205.0057902200001 }, "geometry": { "type": "MultiPolygon", "coordinates": [ [ [ [ -70.639290171041097, -33.418619014701271 ], [ -70.63905900167093, -33.418270398414549 ], [ -70.638907107536596, -33.418335366142614 ], [ -70.638901767701, -33.41833093747244 ], [ -70.638829826465098, -33.418367885602223 ], [ -70.638733741982023, -33.418408259510635 ], [ -70.638618206171557, -33.418456806615161 ], [ -70.638593077148641, -33.418428252982828 ], [ -70.638487792177614, -33.418308621876882 ], [ -70.63786658021013, -33.417602749354501 ], [ -70.637693187510706, -33.417194160290613 ], [ -70.637644198360505, -33.417077580831894 ], [ -70.637730500100233, -33.416953472969091 ], [ -70.637816928237214, -33.416919036061763 ], [ -70.637828372914555, -33.416901586002375 ], [ -70.637674490488706, -33.416654737851744 ], [ -70.637458984073703, -33.416311038369635 ], [ -70.637288761207017, -33.416039557255161 ], [ -70.635816133398322, -33.415691526676113 ], [ -70.635263206793667, -33.415549423323284 ], [ -70.634698543060296, -33.415403529356858 ], [ -70.634692501253127, -33.415357950138485 ], [ -70.633683475433955, -33.41494024319406 ], [ -70.633604455876537, -33.414861911942587 ], [ -70.633197907782829, -33.414636254423122 ], [ -70.632768762608166, -33.414397018311554 ], [ -70.632359064688032, -33.41416865423701 ], [ -70.631608086137419, -33.413722786300227 ], [ -70.631588766694804, -33.413738389635448 ], [ -70.631117050648996, -33.41428761817744 ], [ -70.630958731299671, -33.41447540733207 ], [ -70.630899650933486, -33.414546914950556 ], [ -70.630951145351531, -33.414573741018621 ], [ -70.631028993142948, -33.414613584770969 ], [ -70.631078528748944, -33.414638938599381 ], [ -70.631112899577289, -33.41465446075555 ], [ -70.63114027463719, -33.414662019735623 ], [ -70.631176618696614, -33.41467172886307 ], [ -70.631214550293379, -33.414682200793251 ], [ -70.631237087668481, -33.414687882632073 ], [ -70.631245352002324, -33.414693927143354 ], [ -70.631291085134492, -33.41472560223923 ], [ -70.631337514963874, -33.414760085479102 ], [ -70.631390412590264, -33.414801954409604 ], [ -70.631439298915964, -33.414840649322784 ], [ -70.631518382933436, -33.414903327131135 ], [ -70.631584101311034, -33.414955429062694 ], [ -70.631639587416288, -33.414999817820174 ], [ -70.631693002014117, -33.415039298976225 ], [ -70.631739008135995, -33.415073304250434 ], [ -70.631797755640974, -33.415116121420091 ], [ -70.631848800969806, -33.415154491055674 ], [ -70.631918629447455, -33.415213125708689 ], [ -70.631969357364213, -33.41525676797373 ], [ -70.632030898963961, -33.415311081797746 ], [ -70.632093621948599, -33.41536743622143 ], [ -70.632184992614981, -33.415460718815375 ], [ -70.632233798539517, -33.415510422222894 ], [ -70.632315822287097, -33.415592727968068 ], [ -70.632371691436191, -33.415648061387074 ], [ -70.632395940369548, -33.415676974228653 ], [ -70.632414450290653, -33.415699811202259 ], [ -70.632435499439893, -33.415729613872351 ], [ -70.632460249246009, -33.415764658880256 ], [ -70.63250923097057, -33.415822243675308 ], [ -70.632560588285671, -33.415881782112514 ], [ -70.632608290874984, -33.415940826633921 ], [ -70.632643798967194, -33.415984777167459 ], [ -70.63268742979055, -33.416040809025162 ], [ -70.632713775892384, -33.41607954310161 ], [ -70.632732731394483, -33.416108652713469 ], [ -70.632757138830783, -33.416146134404684 ], [ -70.632776046731436, -33.416175169783713 ], [ -70.63279376448908, -33.416214446702654 ], [ -70.632812287407646, -33.416263989396093 ], [ -70.632838078398194, -33.41632844108365 ], [ -70.632870885678614, -33.4164093436003 ], [ -70.632881343136546, -33.416434638489797 ], [ -70.632934114137328, -33.416501586535247 ], [ -70.632972792639563, -33.416546040830667 ], [ -70.633005297281017, -33.416581071092047 ], [ -70.633047976656329, -33.416622499343688 ], [ -70.633077475255803, -33.416645275390565 ], [ -70.63312196918919, -33.41667414155139 ], [ -70.633171625376335, -33.416706356760685 ], [ -70.633207509963427, -33.416719956413736 ], [ -70.633230098051854, -33.416728598825678 ], [ -70.63326204414868, -33.416739993942777 ], [ -70.633292228439387, -33.416751084887714 ], [ -70.633321850526755, -33.416756789371682 ], [ -70.633352503316786, -33.416762691303376 ], [ -70.633430371344375, -33.416777324305805 ], [ -70.633478176641205, -33.416786152207166 ], [ -70.633504913065138, -33.416794993347196 ], [ -70.633554747640233, -33.416794805932462 ], [ -70.633588425525673, -33.416794677993465 ], [ -70.6336033044673, -33.416789900709809 ], [ -70.633639260245332, -33.416778358027194 ], [ -70.633688957526772, -33.416762745629882 ], [ -70.63372707284455, -33.416752360385217 ], [ -70.633776290553996, -33.416744732777573 ], [ -70.633802109012251, -33.416741022524974 ], [ -70.633819612077588, -33.416738494086211 ], [ -70.633848285195697, -33.416730336260791 ], [ -70.633869710124955, -33.416724243515027 ], [ -70.633892983067014, -33.416724032517422 ], [ -70.633929136511895, -33.4167286137058 ], [ -70.633945929900435, -33.416730739934799 ], [ -70.633965117837903, -33.416737669335525 ], [ -70.634002170815009, -33.416750772686768 ], [ -70.634028681731735, -33.416762556656039 ], [ -70.634054387199413, -33.416776981875003 ], [ -70.634093257574165, -33.416802136782586 ], [ -70.63410495695986, -33.416812420439108 ], [ -70.634133904809332, -33.416837868397586 ], [ -70.634183588069021, -33.416872938937281 ], [ -70.634199867169357, -33.416883257835181 ], [ -70.634246190342381, -33.416907735515927 ], [ -70.634283396984188, -33.416920137836328 ], [ -70.634355864559382, -33.416944292610808 ], [ -70.634534113089117, -33.416926302221768 ], [ -70.634812821637567, -33.416955696258086 ], [ -70.635063350853528, -33.416982117173049 ], [ -70.635343774045182, -33.417011690316173 ], [ -70.635512183472159, -33.417088604441879 ], [ -70.635707107564798, -33.417178500420768 ], [ -70.635813224145053, -33.41722743928112 ], [ -70.635897985815134, -33.417266530352713 ], [ -70.636009840262204, -33.41731015822544 ], [ -70.636127229541145, -33.41735594501246 ], [ -70.636231989576444, -33.417405981794701 ], [ -70.636255142042231, -33.417428116616392 ], [ -70.636315292725456, -33.417485622823364 ], [ -70.636356003184218, -33.417524544431735 ], [ -70.636401257091904, -33.417567813328418 ], [ -70.636572390882179, -33.417731468743696 ], [ -70.636782601415092, -33.417932491427919 ], [ -70.636878196959316, -33.418023907366006 ], [ -70.636906360611746, -33.4180623432541 ], [ -70.637030074422199, -33.418231181707647 ], [ -70.637182242881863, -33.418438851514118 ], [ -70.637331567992092, -33.418642646509561 ], [ -70.637559175964753, -33.4188205658619 ], [ -70.637683318406985, -33.418917605888879 ], [ -70.637745362437826, -33.418966104117615 ], [ -70.637784311549183, -33.419020197440162 ], [ -70.637894334035053, -33.419172314544753 ], [ -70.638003325535337, -33.41931475228057 ], [ -70.63807360571262, -33.419406598076122 ], [ -70.638080518318091, -33.419404180951965 ], [ -70.638273495314024, -33.419361839552352 ], [ -70.638304438006003, -33.419348759180785 ], [ -70.638416600209709, -33.419301342724275 ], [ -70.638489892243427, -33.419270358820647 ], [ -70.638549852689422, -33.419245010694077 ], [ -70.638605326589641, -33.419221559747932 ], [ -70.638650796736869, -33.419202337069599 ], [ -70.638724776789601, -33.419171062567692 ], [ -70.638797983229765, -33.419140113885568 ], [ -70.638840737926401, -33.419122039879468 ], [ -70.63889028156467, -33.419101094899901 ], [ -70.638950214037834, -33.419075758676428 ], [ -70.638992551472711, -33.419058718220015 ], [ -70.639029349209764, -33.419045730739455 ], [ -70.63919393780499, -33.418987637461633 ], [ -70.639461807841144, -33.418893129066575 ], [ -70.639290171041097, -33.418619014701271 ] ] ] ] } },
{ "type": "Feature", "properties": { "OBJECTID": 32, "NOMBRE": "ZONAS DE RESTRICCIÓN LADERA CERRO SAN CRISTÓBAL", "NOMBRE_ZON": "ZONA DE RESTRICCION NO EDIFICABLE", "ZONA": "Z-R1", "Shape_STAr": 59167.148040300002, "Shape_STLe": 1515.1252607199999 }, "geometry": { "type": "MultiPolygon", "coordinates": [ [ [ [ -70.63807360571262, -33.419406598076122 ], [ -70.638076363032596, -33.41941020144629 ], [ -70.638010920070897, -33.419442377373038 ], [ -70.638051486611843, -33.419494101773303 ], [ -70.638083221813503, -33.419519031272863 ], [ -70.63815051788032, -33.419570968034847 ], [ -70.638242402669491, -33.419634300148751 ], [ -70.638420348028546, -33.41975981461735 ], [ -70.638635754751476, -33.419921578046036 ], [ -70.638724000965851, -33.41998971592087 ], [ -70.638845225184539, -33.420062816306078 ], [ -70.638929213668561, -33.420111762521941 ], [ -70.638992183179724, -33.420128736999779 ], [ -70.639017355869029, -33.420131712238373 ], [ -70.639135137807813, -33.420146493156118 ], [ -70.639237198770175, -33.420158339778702 ], [ -70.639385254091536, -33.420165101647562 ], [ -70.639422201501787, -33.420171782793048 ], [ -70.639491473436848, -33.42018430794068 ], [ -70.639539816465586, -33.420219320914576 ], [ -70.63955178800569, -33.420254833650226 ], [ -70.639545437106136, -33.420305549977662 ], [ -70.639507536078938, -33.420402887776184 ], [ -70.639448565815016, -33.420489744348849 ], [ -70.639357185720925, -33.420600501253979 ], [ -70.639286085471369, -33.420685194076704 ], [ -70.63919323900187, -33.420787418189676 ], [ -70.63906743815788, -33.420929388566236 ], [ -70.639033762538475, -33.420972349526139 ], [ -70.638997309656176, -33.421022268729651 ], [ -70.638981346145712, -33.421053705578686 ], [ -70.638938046664848, -33.421107102523067 ], [ -70.638890201885332, -33.421155270283656 ], [ -70.638785533827928, -33.421261537212018 ], [ -70.638738137855228, -33.421335085511757 ], [ -70.638701390153358, -33.42139211044141 ], [ -70.638657601756464, -33.421454303892489 ], [ -70.638606743669769, -33.421526534321544 ], [ -70.638573246375245, -33.42157448804295 ], [ -70.638556605853935, -33.42160184488494 ], [ -70.638529410918025, -33.421655249858638 ], [ -70.638510641610409, -33.421674512935788 ], [ -70.638354083680866, -33.421834461138218 ], [ -70.638287494666969, -33.421902525380524 ], [ -70.638195770784677, -33.421996281083736 ], [ -70.638130091099228, -33.422063415168829 ], [ -70.638112092584691, -33.422081812168926 ], [ -70.638103946529682, -33.422088711454371 ], [ -70.638084978246681, -33.422104777402843 ], [ -70.638028636501062, -33.422152496136412 ], [ -70.637904912524931, -33.422257287033169 ], [ -70.637805294136129, -33.4223416603662 ], [ -70.637575376714409, -33.422536391450329 ], [ -70.637460660351806, -33.422590240315976 ], [ -70.637331591354538, -33.422650826763636 ], [ -70.637305457708848, -33.422663093995936 ], [ -70.637251881489448, -33.422699482250415 ], [ -70.637212018940005, -33.422726556600402 ], [ -70.637147174550449, -33.422770598603819 ], [ -70.637103711586292, -33.422801527978308 ], [ -70.637070660592769, -33.422828468175226 ], [ -70.637019420168215, -33.422887145803301 ], [ -70.637009714530336, -33.422902581591359 ], [ -70.637130547475479, -33.422893227164749 ], [ -70.637887856974331, -33.422836241220004 ], [ -70.638500000683408, -33.422798931155555 ], [ -70.638697706349888, -33.422790363185179 ], [ -70.63873619162591, -33.422755321759396 ], [ -70.638823230578353, -33.422676653868749 ], [ -70.638922355215513, -33.422585270017919 ], [ -70.638998913732635, -33.422505988385517 ], [ -70.639124979007633, -33.4223742458394 ], [ -70.639197486587136, -33.42229248348702 ], [ -70.639214831691788, -33.422261191582898 ], [ -70.639293158028977, -33.42213919015758 ], [ -70.639359743575099, -33.422014910748182 ], [ -70.639421681062089, -33.421924510480771 ], [ -70.639468930933504, -33.421838744062192 ], [ -70.639490762928446, -33.421799114904921 ], [ -70.639509919681174, -33.421777760627528 ], [ -70.639565761790209, -33.421720569605661 ], [ -70.639634523919781, -33.421664615499857 ], [ -70.639688099336269, -33.421624039050563 ], [ -70.639721073805916, -33.421579483734533 ], [ -70.63973489044298, -33.421559252465187 ], [ -70.639774888911035, -33.421508992174935 ], [ -70.639865204277754, -33.421423664427472 ], [ -70.639917379286203, -33.421386352086429 ], [ -70.639933140784635, -33.421323885816655 ], [ -70.639977941360726, -33.421241395482063 ], [ -70.640081612277527, -33.421050507599269 ], [ -70.640138604109978, -33.420976209636464 ], [ -70.640428932614043, -33.420974800117577 ], [ -70.640577506162074, -33.420627610588753 ], [ -70.640630927281222, -33.420475818477591 ], [ -70.64067426110077, -33.42035269099366 ], [ -70.640685729007032, -33.420313446744984 ], [ -70.640689458525102, -33.420276513451618 ], [ -70.64069269727274, -33.42022995690737 ], [ -70.640687412027361, -33.420184367163046 ], [ -70.640676314176147, -33.420088649424606 ], [ -70.640665331775295, -33.420044399412852 ], [ -70.640640504511467, -33.419959173921136 ], [ -70.640493714737318, -33.419714148568204 ], [ -70.640426625414932, -33.419608445950864 ], [ -70.640361805738991, -33.419516769201515 ], [ -70.640362741209032, -33.419516360924909 ], [ -70.640272717377414, -33.419386111621172 ], [ -70.639632898193426, -33.418467806801999 ], [ -70.639290171041097, -33.418619014701271 ], [ -70.639461807841144, -33.418893129066575 ], [ -70.63919393780499, -33.418987637461633 ], [ -70.639029349209764, -33.419045730739455 ], [ -70.638992551472711, -33.419058718220015 ], [ -70.638950214037834, -33.419075758676428 ], [ -70.63889028156467, -33.419101094899901 ], [ -70.638840737926401, -33.419122039879468 ], [ -70.638797983229765, -33.419140113885568 ], [ -70.638724776789601, -33.419171062567692 ], [ -70.638650796736869, -33.419202337069599 ], [ -70.638605326589641, -33.419221559747932 ], [ -70.638549852689422, -33.419245010694077 ], [ -70.638489892243427, -33.419270358820647 ], [ -70.638416600209709, -33.419301342724275 ], [ -70.638304438006003, -33.419348759180785 ], [ -70.638273495314024, -33.419361839552352 ], [ -70.638080518318091, -33.419404180951965 ], [ -70.63807360571262, -33.419406598076122 ] ] ] ] } },
{ "type": "Feature", "properties": { "OBJECTID": 34, "NOMBRE": "ZONAS ESPECIALES", "NOMBRE_ZON": "AREAS VERDES", "ZONA": "Z-AV", "Shape_STAr": 873.264090313, "Shape_STLe": 190.85675291300001 }, "geometry": { "type": "MultiPolygon", "coordinates": [ [ [ [ -70.634710479017286, -33.411055182516399 ], [ -70.634988999335889, -33.411811401806908 ], [ -70.635072741372753, -33.411769774979213 ], [ -70.634845422544004, -33.411068443838865 ], [ -70.63477766266125, -33.411041158265192 ], [ -70.634710479017286, -33.411055182516399 ] ] ] ] } },
{ "type": "Feature", "properties": { "OBJECTID": 35, "NOMBRE": "ZONAS ESPECIALES", "NOMBRE_ZON": "AREAS VERDES", "ZONA": "Z-AV", "Shape_STAr": 362.061002718, "Shape_STLe": 157.12265068799999 }, "geometry": { "type": "MultiPolygon", "coordinates": [ [ [ [ -70.63606648820172, -33.415612108961326 ], [ -70.636132312904593, -33.415626996540887 ], [ -70.636135074627362, -33.415624883190752 ], [ -70.635795744182218, -33.415020095968366 ], [ -70.635755640942577, -33.415015942566974 ], [ -70.63575263235559, -33.415043197726042 ], [ -70.63606648820172, -33.415612108961326 ] ] ] ] } },
{ "type": "Feature", "properties": { "OBJECTID": 36, "NOMBRE": "ZONAS ESPECIALES", "NOMBRE_ZON": "AREAS VERDES", "ZONA": "Z-AV", "Shape_STAr": 1531.77443554, "Shape_STLe": 363.35386700200002 }, "geometry": { "type": "MultiPolygon", "coordinates": [ [ [ [ -70.635716590179129, -33.415533334351458 ], [ -70.635797860060265, -33.415551069310709 ], [ -70.635806541607607, -33.415532835206584 ], [ -70.635544294917537, -33.415068367456982 ], [ -70.635018995938353, -33.414137986017117 ], [ -70.634988568111268, -33.414111052595835 ], [ -70.634955306709173, -33.414111371105051 ], [ -70.634930354889931, -33.414193922750236 ], [ -70.635403172391548, -33.414999409283439 ], [ -70.635716590179129, -33.415533334351458 ] ] ] ] } },
{ "type": "Feature", "properties": { "OBJECTID": 37, "NOMBRE": "ZONAS ESPECIALES", "NOMBRE_ZON": "AREAS VERDES", "ZONA": "Z-AV", "Shape_STAr": 441.07256281899998, "Shape_STLe": 153.63589701500001 }, "geometry": { "type": "MultiPolygon", "coordinates": [ [ [ [ -70.635637084196333, -33.414831037937169 ], [ -70.635698388257538, -33.414846603131238 ], [ -70.635375405593095, -33.414270970755055 ], [ -70.635335113097511, -33.414257563302755 ], [ -70.63530843289125, -33.414262357502537 ], [ -70.635316409403089, -33.414298581733426 ], [ -70.635590048340205, -33.414790649215028 ], [ -70.635637084196333, -33.414831037937169 ] ] ] ] } },
{ "type": "Feature", "properties": { "OBJECTID": 38, "NOMBRE": "AREAS DE EDIFICACIÓN BAJA", "NOMBRE_ZON": "AREA RINCONADA, POBL. LEMUS Y ZONA HAB. NORTE", "ZONA": "E-B1", "Shape_STAr": 1252549.07167, "Shape_STLe": 9581.2382888800003 }, "geometry": { "type": "MultiPolygon", "coordinates": [ [ [ [ -70.640120565318, -33.384489137032404 ], [ -70.637518058335729, -33.386389412868205 ], [ -70.636178414308532, -33.387360880748474 ], [ -70.635398321334748, -33.387926730869992 ], [ -70.634101256071716, -33.388937664395037 ], [ -70.633762635000735, -33.389200840403504 ], [ -70.633364175533046, -33.389493971324093 ], [ -70.631946178269999, -33.390532619939378 ], [ -70.6315681717941, -33.390807226668855 ], [ -70.631186075216604, -33.391094189794202 ], [ -70.631563723017322, -33.391467768930241 ], [ -70.627481720577975, -33.393870278058515 ], [ -70.627086537091472, -33.394098076865575 ], [ -70.626903219020662, -33.394203415538371 ], [ -70.626864018910567, -33.394226131870525 ], [ -70.626864312453506, -33.39422884525375 ], [ -70.626874165277471, -33.394390113163666 ], [ -70.626898007864554, -33.394691404276649 ], [ -70.626924597311842, -33.395027407091355 ], [ -70.626950250334687, -33.395351571133098 ], [ -70.626973762954407, -33.395648678380425 ], [ -70.626994635238276, -33.39591786692705 ], [ -70.627016464059267, -33.396186970765939 ], [ -70.627033309831674, -33.396394648261314 ], [ -70.627039143813292, -33.396469762314716 ], [ -70.627159649356074, -33.396637430301418 ], [ -70.627224023807301, -33.396726998618718 ], [ -70.62731738586379, -33.39685689824541 ], [ -70.62737778593889, -33.39694093714472 ], [ -70.627599179126676, -33.397248971343188 ], [ -70.627795836726577, -33.397522590053697 ], [ -70.627953192391928, -33.397741523706031 ], [ -70.628050973016656, -33.397877568467905 ], [ -70.628105033138723, -33.397952783648314 ], [ -70.628157889070948, -33.398026321861323 ], [ -70.628216557624995, -33.398108112212334 ], [ -70.628322139760868, -33.398255009844156 ], [ -70.628482544662418, -33.398478181039735 ], [ -70.628633837387127, -33.398688510453987 ], [ -70.628831159263981, -33.398963203539104 ], [ -70.629059666164707, -33.399281118461552 ], [ -70.629203274685921, -33.399480645728708 ], [ -70.629218201941796, -33.399501926895141 ], [ -70.629298215861269, -33.399616136894018 ], [ -70.62934629198476, -33.39968532734963 ], [ -70.629346643998758, -33.399685177530905 ], [ -70.629904015731881, -33.399544029859086 ], [ -70.630079053591942, -33.399533856113756 ], [ -70.630198998035439, -33.39950434297895 ], [ -70.63255953886231, -33.398923479067335 ], [ -70.63332022009017, -33.398739953530594 ], [ -70.63331942827655, -33.398736480169021 ], [ -70.633099580812399, -33.398031825728573 ], [ -70.632749493069426, -33.396913337491135 ], [ -70.632437738622798, -33.395919574147158 ], [ -70.632312588797006, -33.395519716652196 ], [ -70.632128029693902, -33.394930039502675 ], [ -70.632015606792095, -33.39456853155545 ], [ -70.6319642259662, -33.394406598418705 ], [ -70.631846770776619, -33.394000859212149 ], [ -70.633372979084456, -33.393266996737843 ], [ -70.633494437684462, -33.393513936208599 ], [ -70.633537953572656, -33.39360556959037 ], [ -70.633698270198948, -33.393980641259162 ], [ -70.633947192837326, -33.394563004005711 ], [ -70.63430461311188, -33.395397515744328 ], [ -70.634511582007448, -33.395883380624596 ], [ -70.634726512425203, -33.396528088505264 ], [ -70.635085153326486, -33.397609582081898 ], [ -70.635301927683926, -33.39826195879926 ], [ -70.638326838306696, -33.397537115141361 ], [ -70.641034888668074, -33.396883335032456 ], [ -70.642085101750951, -33.39663064514496 ], [ -70.642067423256648, -33.396047234347606 ], [ -70.642019324349221, -33.395113169458867 ], [ -70.64200826613714, -33.394846331653802 ], [ -70.641970270100458, -33.394099140650482 ], [ -70.641910723420864, -33.393142730676999 ], [ -70.641901870830623, -33.392961168031853 ], [ -70.64187526608444, -33.392962635678579 ], [ -70.641838305732861, -33.39295905932412 ], [ -70.641791801248743, -33.392954656919045 ], [ -70.641753010686372, -33.392955632864933 ], [ -70.641676359074182, -33.392958361525537 ], [ -70.640789926430941, -33.392989901791374 ], [ -70.640787561165141, -33.39314222936008 ], [ -70.640788593246455, -33.393162478113531 ], [ -70.640795579743937, -33.393219877624396 ], [ -70.640828857305749, -33.393654997093044 ], [ -70.640839467753082, -33.3938016680858 ], [ -70.64085866987169, -33.393928398630266 ], [ -70.640914322586269, -33.394242214052447 ], [ -70.64071144733316, -33.394309198772589 ], [ -70.640698372666648, -33.394279099825454 ], [ -70.640696645489115, -33.394226100255558 ], [ -70.640641825991054, -33.393049849124353 ], [ -70.640635358343872, -33.392909240447814 ], [ -70.640649592415329, -33.392882111738153 ], [ -70.640689487739152, -33.392868356069876 ], [ -70.641895021707128, -33.39282067632999 ], [ -70.641862256115175, -33.392148642284411 ], [ -70.641800347713556, -33.392151989361544 ], [ -70.64132927611233, -33.392180530728467 ], [ -70.641340215132217, -33.391865041761299 ], [ -70.641750284051511, -33.391837151586785 ], [ -70.641842672562859, -33.391829091332546 ], [ -70.641823169828271, -33.391600838244997 ], [ -70.64180176058251, -33.391156855630229 ], [ -70.641718109418136, -33.389726563440647 ], [ -70.641600896037403, -33.387865352183674 ], [ -70.641397395352683, -33.38775825958691 ], [ -70.641282387858155, -33.387463813283574 ], [ -70.641236476249034, -33.387492626356313 ], [ -70.641097940652287, -33.387310985007126 ], [ -70.641095263406925, -33.387305356895823 ], [ -70.641042592239572, -33.387231960597227 ], [ -70.641055230480404, -33.387221217632636 ], [ -70.641054987581967, -33.387220705897626 ], [ -70.641155231338715, -33.387138257326555 ], [ -70.641106186175435, -33.38701268795495 ], [ -70.641062398285371, -33.387037230643344 ], [ -70.640932760477256, -33.386888528146656 ], [ -70.640931605892007, -33.386885953346685 ], [ -70.640899545857209, -33.386847302637015 ], [ -70.640910262787045, -33.386838322029135 ], [ -70.640910118010211, -33.386837997479603 ], [ -70.641007222208856, -33.386759313321441 ], [ -70.640963886377492, -33.386648359258018 ], [ -70.640878155079903, -33.386707200521975 ], [ -70.640733399969648, -33.386424610216437 ], [ -70.640733385455789, -33.386424581549655 ], [ -70.640724537594849, -33.386406820573264 ], [ -70.640842812812707, -33.38633837289332 ], [ -70.640120565318, -33.384489137032404 ] ], [ [ -70.632098638124788, -33.392027692353842 ], [ -70.632370236648541, -33.392268945989052 ], [ -70.632363189291311, -33.392276931573257 ], [ -70.632363826220356, -33.39227753193228 ], [ -70.632359960394069, -33.392280590415083 ], [ -70.632122651583103, -33.392468329835289 ], [ -70.631998862113932, -33.392555986994232 ], [ -70.632002891473775, -33.392559719897946 ], [ -70.63161789708893, -33.392796013195742 ], [ -70.631533015109611, -33.392848955216031 ], [ -70.631525239936749, -33.392832959696214 ], [ -70.631523963635587, -33.392810515363934 ], [ -70.63150169073667, -33.39278168978602 ], [ -70.631489871895639, -33.392756074349215 ], [ -70.631340544897554, -33.392568275435437 ], [ -70.631171116060273, -33.392355195211834 ], [ -70.630904102326298, -33.392008208735767 ], [ -70.630923995278849, -33.391984010718822 ], [ -70.631052192869575, -33.391904694566179 ], [ -70.631200922557341, -33.391824589789373 ], [ -70.631537545716142, -33.391643284826017 ], [ -70.631634956357047, -33.391590844509771 ], [ -70.631891035606344, -33.391832104941514 ], [ -70.63209178851146, -33.392021239640343 ], [ -70.632098638124788, -33.392027692353842 ] ], [ [ -70.636842885584073, -33.393383202793686 ], [ -70.636542611119793, -33.392683476856149 ], [ -70.636398939242198, -33.392225983589199 ], [ -70.637339084369671, -33.391930573693116 ], [ -70.637390808089052, -33.391987448885359 ], [ -70.636981439196035, -33.393568250202904 ], [ -70.636842885584073, -33.393383202793686 ] ], [ [ -70.634117181058414, -33.391659891935355 ], [ -70.633577989145508, -33.392059536876204 ], [ -70.633333062974373, -33.391861204861485 ], [ -70.63391161080088, -33.391493350049544 ], [ -70.634117181058414, -33.391659891935355 ] ], [ [ -70.636880336033798, -33.395375621966515 ], [ -70.636494385357565, -33.395508237383716 ], [ -70.636426049738049, -33.395465783073554 ], [ -70.636439978725534, -33.395290095176094 ], [ -70.636480647559821, -33.394777152694715 ], [ -70.636548444279782, -33.394790889770086 ], [ -70.636785591149618, -33.395208699721856 ], [ -70.636880336033798, -33.395375621966515 ] ], [ [ -70.631159876652021, -33.397133170100972 ], [ -70.631042387101829, -33.397178619730887 ], [ -70.630710263605678, -33.396211361150996 ], [ -70.630819746202235, -33.396183559599187 ], [ -70.631159876652021, -33.397133170100972 ] ], [ [ -70.637003575250588, -33.395445468983439 ], [ -70.637245467470933, -33.395388359077565 ], [ -70.637351017841283, -33.395826534494475 ], [ -70.637141738948202, -33.395874196823009 ], [ -70.637003575250588, -33.395445468983439 ] ], [ [ -70.637823342254592, -33.391639447685222 ], [ -70.637537887097409, -33.391728057438947 ], [ -70.63751992814241, -33.391670871049108 ], [ -70.63777987498618, -33.391123683283404 ], [ -70.637823342254592, -33.391639447685222 ] ], [ [ -70.640171267215877, -33.386392321650433 ], [ -70.639471737784717, -33.386582479032022 ], [ -70.639967892680261, -33.386211530585463 ], [ -70.640171267215877, -33.386392321650433 ] ], [ [ -70.638398245062575, -33.389827716447854 ], [ -70.637868278004191, -33.390088895615797 ], [ -70.63782030450281, -33.389978925166808 ], [ -70.63834016060764, -33.389680817918318 ], [ -70.638398245062575, -33.389827716447854 ] ], [ [ -70.641950732819623, -33.396122257441085 ], [ -70.641498640921242, -33.396144915760566 ], [ -70.641481066807302, -33.395990494693017 ], [ -70.641924899707064, -33.395949255261172 ], [ -70.641950732819623, -33.396122257441085 ] ], [ [ -70.641670879732615, -33.395617464916988 ], [ -70.642027783906073, -33.395570897528216 ], [ -70.642030455537849, -33.395750246726784 ], [ -70.641688831601655, -33.395796761642394 ], [ -70.641670879732615, -33.395617464916988 ] ], [ [ -70.630794204538347, -33.395710129725813 ], [ -70.630617562157099, -33.395756355566085 ], [ -70.630511681322744, -33.395448506907641 ], [ -70.630689783941506, -33.395410091767147 ], [ -70.630794204538347, -33.395710129725813 ] ], [ [ -70.631377214834117, -33.398158931727671 ], [ -70.631744410668148, -33.398083709874463 ], [ -70.631787745851653, -33.398210557414316 ], [ -70.631420632454564, -33.398294127505672 ], [ -70.631377214834117, -33.398158931727671 ] ], [ [ -70.641230223872498, -33.389857928367242 ], [ -70.64117347603441, -33.389864980116215 ], [ -70.641155347508814, -33.389812945086355 ], [ -70.64118816790328, -33.389457537285089 ], [ -70.641251460196159, -33.389464314267094 ], [ -70.64127780913833, -33.389536510172022 ], [ -70.641296756196482, -33.389714784834503 ], [ -70.641287462993432, -33.389781218733773 ], [ -70.641276485761253, -33.389836418214195 ], [ -70.641230223872498, -33.389857928367242 ] ], [ [ -70.631260994473863, -33.392708622515535 ], [ -70.630929762527344, -33.392894525615937 ], [ -70.630860783126977, -33.392805327245711 ], [ -70.631183519982869, -33.392621752730008 ], [ -70.631260994473863, -33.392708622515535 ] ], [ [ -70.637721755666348, -33.390041571508384 ], [ -70.637767601194454, -33.390135705909557 ], [ -70.637487922508697, -33.390255537412038 ], [ -70.637470829559305, -33.390172623747617 ], [ -70.637694504221926, -33.390055804135486 ], [ -70.637721755666348, -33.390041571508384 ] ], [ [ -70.62946107176478, -33.394149896561572 ], [ -70.629319968288215, -33.394225480172423 ], [ -70.629267322507928, -33.394148145607971 ], [ -70.629397264508668, -33.394075638707747 ], [ -70.62946107176478, -33.394149896561572 ] ] ] ] } },
{ "type": "Feature", "properties": { "OBJECTID": 39, "NOMBRE": "ZONAS DE RESTRICCIÓN LADERA CERRO SAN CRISTÓBAL", "NOMBRE_ZON": "ZONA DE RESTRICCION CON EDIFICACION RESTRINGIDA", "ZONA": "Z-R2", "Shape_STAr": 161866.16630899999, "Shape_STLe": 2602.4928301300001 }, "geometry": { "type": "MultiPolygon", "coordinates": [ [ [ [ -70.622927044917546, -33.411702596219278 ], [ -70.623103811492086, -33.412449561537336 ], [ -70.623154588988356, -33.412630562570833 ], [ -70.623225611639484, -33.412733048266546 ], [ -70.623264569536815, -33.41280564561773 ], [ -70.623337764332646, -33.412944345730729 ], [ -70.623387427475308, -33.413006307380186 ], [ -70.623521320648976, -33.41310709161462 ], [ -70.623544583708167, -33.413135634082892 ], [ -70.623592289962517, -33.413196497573693 ], [ -70.623647957914145, -33.41326479886132 ], [ -70.623706857381151, -33.413325473392625 ], [ -70.623800623377477, -33.413399389393049 ], [ -70.623925271199269, -33.413485414843564 ], [ -70.624090111373647, -33.413566276654642 ], [ -70.624215764705355, -33.413651294814443 ], [ -70.624297973961333, -33.413727948218707 ], [ -70.62440016694633, -33.41382031854053 ], [ -70.624542154437492, -33.41395100233003 ], [ -70.62470575005544, -33.414101570610882 ], [ -70.62474556739474, -33.414146654768082 ], [ -70.624803233749077, -33.414211949664001 ], [ -70.624818474782217, -33.414229205901329 ], [ -70.6249119181971, -33.414284373413274 ], [ -70.624970588464151, -33.41434882268149 ], [ -70.625137322987925, -33.41452533737759 ], [ -70.625181500521151, -33.414572107498621 ], [ -70.625291232269603, -33.414629074174776 ], [ -70.62551416174297, -33.41480127166114 ], [ -70.625590637461698, -33.414820984475355 ], [ -70.625711352591281, -33.414858218987206 ], [ -70.626228564445043, -33.414839285459514 ], [ -70.626365740777999, -33.41483771403874 ], [ -70.626724101077457, -33.414750879951796 ], [ -70.626909713801538, -33.414707145023314 ], [ -70.627028158206699, -33.414686269537711 ], [ -70.627197567893532, -33.414710204772106 ], [ -70.627286953827024, -33.414722833704708 ], [ -70.627366203431521, -33.414777084412023 ], [ -70.627419292627494, -33.414825920120741 ], [ -70.62749339006497, -33.414886037133734 ], [ -70.627578458421368, -33.41495507987139 ], [ -70.627676759671601, -33.415030304107148 ], [ -70.627719362256599, -33.41509032565795 ], [ -70.627751779170381, -33.415130881328402 ], [ -70.627792150664803, -33.415168324977685 ], [ -70.627833966468572, -33.415203350780644 ], [ -70.627856675714014, -33.41522429630988 ], [ -70.627897183470793, -33.41523250431031 ], [ -70.627949883547998, -33.415279762168616 ], [ -70.628020776155225, -33.415337522940391 ], [ -70.628066573958762, -33.415384401491515 ], [ -70.628169341789601, -33.415344208703573 ], [ -70.628198406710027, -33.415324600071557 ], [ -70.628229948185805, -33.415303319388414 ], [ -70.62828128410365, -33.415287626317735 ], [ -70.628333585561478, -33.415271638276003 ], [ -70.628399632453949, -33.415268725790675 ], [ -70.628444308751497, -33.415266754903051 ], [ -70.628470698882936, -33.415237686828725 ], [ -70.628490956403581, -33.415215372834815 ], [ -70.628519632677069, -33.415174262316896 ], [ -70.628546458438677, -33.415119571036733 ], [ -70.628571029987938, -33.415069477134601 ], [ -70.628595275039544, -33.415025281895879 ], [ -70.628607896263176, -33.415002277246117 ], [ -70.628632249751661, -33.414974489429412 ], [ -70.628665529004579, -33.414936517238623 ], [ -70.628706174590832, -33.414890139719255 ], [ -70.628774304246519, -33.414836090103563 ], [ -70.628831389901634, -33.414790801601811 ], [ -70.628889003415011, -33.414750863932326 ], [ -70.628940968405274, -33.41473985817774 ], [ -70.628996445639757, -33.414728109155035 ], [ -70.629079796623074, -33.414714296750041 ], [ -70.62911736391608, -33.41471483230378 ], [ -70.62927069978123, -33.414717017990725 ], [ -70.629333355679407, -33.414717911105242 ], [ -70.629388412005, -33.41470867543503 ], [ -70.629444239809573, -33.414666132128104 ], [ -70.629488640991383, -33.414632297313972 ], [ -70.629516160531736, -33.414620945123538 ], [ -70.629578408156235, -33.41459526736373 ], [ -70.629609955066556, -33.414582253368685 ], [ -70.629656335624432, -33.414529178937954 ], [ -70.629725423531767, -33.414443639545105 ], [ -70.62976225359057, -33.414412204694059 ], [ -70.63005426333595, -33.414035475640404 ], [ -70.630006547091753, -33.414039141911729 ], [ -70.630113815910576, -33.413900769870324 ], [ -70.630044874559559, -33.413849434552979 ], [ -70.630092923495496, -33.413803384059186 ], [ -70.630107629123756, -33.413789290836263 ], [ -70.63010836247274, -33.413789288412708 ], [ -70.630229616616148, -33.413678577463003 ], [ -70.630392458042181, -33.413539290772597 ], [ -70.630454127012314, -33.413447497800504 ], [ -70.630508654373116, -33.413385157853703 ], [ -70.630547206086206, -33.413345650383313 ], [ -70.630640575907464, -33.413261324395755 ], [ -70.630728235584186, -33.413179824907147 ], [ -70.630563556122837, -33.413092478507551 ], [ -70.630387986186179, -33.413000201323712 ], [ -70.630233511684324, -33.412919028651082 ], [ -70.630125608851785, -33.412862328199409 ], [ -70.629875661679264, -33.412730985470297 ], [ -70.629729764297522, -33.412654318630636 ], [ -70.629560319353175, -33.41256527760325 ], [ -70.629398575577667, -33.41248028270018 ], [ -70.629293496260985, -33.412844850253975 ], [ -70.629254243281792, -33.412982481502482 ], [ -70.629174157176564, -33.413277142405775 ], [ -70.629126779545729, -33.413429917496494 ], [ -70.628982720428382, -33.413390852836891 ], [ -70.628958659505344, -33.413384178731157 ], [ -70.628917632698517, -33.413375774966653 ], [ -70.628837288212821, -33.413361809173978 ], [ -70.628767380213176, -33.413348082343454 ], [ -70.628716643576183, -33.413338730132132 ], [ -70.628708506346669, -33.413337230820169 ], [ -70.628722183203436, -33.413271138934256 ], [ -70.628763937627198, -33.413069363665365 ], [ -70.628797464675301, -33.412907342818535 ], [ -70.628805263757542, -33.41286965469321 ], [ -70.628810427257065, -33.412844699893171 ], [ -70.628816034626752, -33.412817601017082 ], [ -70.628819505691922, -33.412798587174024 ], [ -70.628823424111005, -33.412773814661229 ], [ -70.628825063094069, -33.412763456324051 ], [ -70.628404361435514, -33.412724483880851 ], [ -70.628402585095003, -33.412732959184858 ], [ -70.628299104166516, -33.412723199916279 ], [ -70.628057112258574, -33.412701106257579 ], [ -70.627623548128909, -33.412666525976128 ], [ -70.627370972744856, -33.412646379832715 ], [ -70.627183323346046, -33.412631411992756 ], [ -70.626933140019261, -33.412611455423281 ], [ -70.626773826282772, -33.412598747734251 ], [ -70.626495258057432, -33.412576526499116 ], [ -70.62651977884066, -33.412440340981853 ], [ -70.626557203856407, -33.412232824333152 ], [ -70.624834761837178, -33.412108453450365 ], [ -70.624813257054214, -33.411263987967899 ], [ -70.62476782567137, -33.411209952675044 ], [ -70.624650927552651, -33.410959790047947 ], [ -70.624723157229326, -33.410937509256662 ], [ -70.624723070607075, -33.410936957566861 ], [ -70.624721524967669, -33.410937340350181 ], [ -70.622996885093812, -33.411461010703029 ], [ -70.622998519758738, -33.4114694584418 ], [ -70.623002227806083, -33.41163397759005 ], [ -70.622927044917546, -33.411702596219278 ] ], [ [ -70.624693039700503, -33.412658770253678 ], [ -70.624636497385112, -33.412791598008887 ], [ -70.624593258839553, -33.412797780979837 ], [ -70.624447238959547, -33.412599612550821 ], [ -70.624336953491778, -33.412370956608513 ], [ -70.624408847068409, -33.412334486417059 ], [ -70.624472305231606, -33.412330450203903 ], [ -70.624563928344358, -33.412327837009236 ], [ -70.624669820719603, -33.412327390627802 ], [ -70.624755134836136, -33.412327031547235 ], [ -70.624863483407651, -33.412338658145082 ], [ -70.624899772426502, -33.41235658467307 ], [ -70.624879453604322, -33.412513374984371 ], [ -70.624764496753428, -33.412574089014633 ], [ -70.624693039700503, -33.412658770253678 ] ], [ [ -70.626520768770646, -33.414260721652845 ], [ -70.626522360281172, -33.41423707454657 ], [ -70.626527390760273, -33.414213771032131 ], [ -70.626535955995195, -33.414191161568063 ], [ -70.62654778632313, -33.414169605914367 ], [ -70.626562710957572, -33.414149460730428 ], [ -70.626571281936421, -33.414139962946749 ], [ -70.626580559716118, -33.414130999698919 ], [ -70.626600978305987, -33.414114484487499 ], [ -70.626623702526857, -33.414100279293315 ], [ -70.626635732898833, -33.414094066607717 ], [ -70.626648298025003, -33.414088562061757 ], [ -70.626674497708095, -33.41407942647799 ], [ -70.626701861814624, -33.414073048755149 ], [ -70.626723731629994, -33.414070232280721 ], [ -70.626744135303852, -33.414069007829539 ], [ -70.626786632995675, -33.414071568977704 ], [ -70.626814255894672, -33.414076877402039 ], [ -70.626853739208443, -33.414090155773088 ], [ -70.626889561391607, -33.414109340464286 ], [ -70.626920574698914, -33.414133721459578 ], [ -70.626937973998565, -33.414152456083059 ], [ -70.626952388808888, -33.41417290095 ], [ -70.626963730121702, -33.414194608115928 ], [ -70.626968125223613, -33.414205913565155 ], [ -70.626974451693727, -33.414228981544767 ], [ -70.626977256984844, -33.414252602543677 ], [ -70.626977337783998, -33.41426437221422 ], [ -70.626532689368659, -33.414336915456445 ], [ -70.626520768770646, -33.414260721652845 ] ], [ [ -70.628218923888127, -33.412859955879348 ], [ -70.628235551179202, -33.412736504772298 ], [ -70.628410327718072, -33.412753647499287 ], [ -70.628412101522983, -33.412745209203663 ], [ -70.628657201753541, -33.412768820620457 ], [ -70.628613792799641, -33.412863317456008 ], [ -70.628498913910335, -33.412921866781311 ], [ -70.62836460313838, -33.412914214110479 ], [ -70.628362767536757, -33.41292297156383 ], [ -70.628271345176032, -33.412917697505137 ], [ -70.628218923888127, -33.412859955879348 ] ] ] ] } },
{ "type": "Feature", "properties": { "OBJECTID": 40, "NOMBRE": "ZONAS DE RESTRICCIÓN LADERA CERRO SAN CRISTÓBAL", "NOMBRE_ZON": "ZONA DE RESTRICCION CON EDIFICACION RESTRINGIDA", "ZONA": "Z-R2", "Shape_STAr": 17029.655516, "Shape_STLe": 539.92767637700001 }, "geometry": { "type": "MultiPolygon", "coordinates": [ [ [ [ -70.619153256114089, -33.406626613883169 ], [ -70.620921732144268, -33.406490177411371 ], [ -70.620852717929679, -33.406351126955791 ], [ -70.620398571784136, -33.405465496441799 ], [ -70.618764758870739, -33.405851425736607 ], [ -70.619153256114089, -33.406626613883169 ] ] ] ] } },
{ "type": "Feature", "properties": { "OBJECTID": 41, "NOMBRE": "ZONAS ESPECIALES", "NOMBRE_ZON": "REGIMIENTO BUIN", "ZONA": "Z-S2", "Shape_STAr": 210419.03736, "Shape_STLe": 2346.2686061200002 }, "geometry": { "type": "MultiPolygon", "coordinates": [ [ [ [ -70.625583750207412, -33.408042893295764 ], [ -70.6242980028901, -33.40822291899277 ], [ -70.624723157229326, -33.410937509256662 ], [ -70.624723800873696, -33.410937310538685 ], [ -70.626797096481383, -33.410356659377562 ], [ -70.632027587612797, -33.408827536864536 ], [ -70.634728330066025, -33.408037967784132 ], [ -70.634445528141597, -33.40762940798993 ], [ -70.634128873815413, -33.407172445660052 ], [ -70.633911953526905, -33.406859405408298 ], [ -70.632549683707097, -33.407071404667185 ], [ -70.631073908594701, -33.407281588125073 ], [ -70.629227301074494, -33.407542427685726 ], [ -70.626975894977278, -33.407852966275662 ], [ -70.62605060877587, -33.407980385176216 ], [ -70.625583750207412, -33.408042893295764 ] ] ] ] } },
{ "type": "Feature", "properties": { "OBJECTID": 42, "NOMBRE": "ZONAS DE RESTRICCIÓN LADERA CERRO SAN CRISTÓBAL", "NOMBRE_ZON": "ZONA DE RESTRICCION NO EDIFICABLE", "ZONA": "Z-R1", "Shape_STAr": 7137.5427857000004, "Shape_STLe": 358.171807059 }, "geometry": { "type": "MultiPolygon", "coordinates": [ [ [ [ -70.63010836247274, -33.413789288412708 ], [ -70.630210107905157, -33.413788908002445 ], [ -70.630257355047476, -33.413800024353812 ], [ -70.630397145906159, -33.413832916458261 ], [ -70.630475068436297, -33.413859433211435 ], [ -70.630586466971238, -33.413895155827689 ], [ -70.630706144130741, -33.413930210362018 ], [ -70.630830010563145, -33.413961043228298 ], [ -70.630910723757125, -33.413978177316082 ], [ -70.631078362519816, -33.414013764182151 ], [ -70.631154585699065, -33.41403346064336 ], [ -70.631264409165638, -33.414089071631665 ], [ -70.631282330332667, -33.414095181224098 ], [ -70.631588766694804, -33.413738389635448 ], [ -70.631608086137419, -33.413722786300227 ], [ -70.631595456368885, -33.413712281055332 ], [ -70.631569720562823, -33.41369087370731 ], [ -70.631543186263542, -33.413668802286374 ], [ -70.631499898620092, -33.413632796066125 ], [ -70.631464322985394, -33.413603204130936 ], [ -70.631436326074962, -33.413579915511825 ], [ -70.631410080730674, -33.41356248109161 ], [ -70.631378449744474, -33.413541466883594 ], [ -70.631341875292833, -33.413517170985372 ], [ -70.63127268230869, -33.413471204668397 ], [ -70.631244769925019, -33.413452661238381 ], [ -70.631228330023873, -33.41344174071866 ], [ -70.631199584379416, -33.413434820236404 ], [ -70.631162426005957, -33.413425873942892 ], [ -70.631116426058128, -33.413414798348342 ], [ -70.631062670294398, -33.413382767833056 ], [ -70.630981649092917, -33.413332912172415 ], [ -70.630853231114827, -33.413254889555375 ], [ -70.630739609425945, -33.413185857432559 ], [ -70.630728235584186, -33.413179824907147 ], [ -70.630640575907464, -33.413261324395755 ], [ -70.630547206086206, -33.413345650383313 ], [ -70.630508654373116, -33.413385157853703 ], [ -70.630454127012314, -33.413447497800504 ], [ -70.630392458042181, -33.413539290772597 ], [ -70.630229616616148, -33.413678577463003 ], [ -70.63010836247274, -33.413789288412708 ] ] ] ] } },
{ "type": "Feature", "properties": { "OBJECTID": 43, "NOMBRE": "ZONAS DE RESTRICCIÓN LADERA CERRO SAN CRISTÓBAL", "NOMBRE_ZON": "ZONA DE RESTRICCION CON EDIFICACION RESTRINGIDA", "ZONA": "Z-R2", "Shape_STAr": 15212.6674583, "Shape_STLe": 508.94758593900002 }, "geometry": { "type": "MultiPolygon", "coordinates": [ [ [ [ -70.637009714530336, -33.422902581591359 ], [ -70.637004887020453, -33.422909642618407 ], [ -70.636995507397529, -33.422931101937195 ], [ -70.636983004103087, -33.42295453961971 ], [ -70.636975053102432, -33.422977109171001 ], [ -70.63697051830141, -33.422991971676204 ], [ -70.636965803689222, -33.423014958440405 ], [ -70.636963141546047, -33.423046563961343 ], [ -70.636961596331332, -33.423064909554043 ], [ -70.636966908374461, -33.423075810204054 ], [ -70.636985342276162, -33.423113638554128 ], [ -70.636992550276176, -33.423144756663589 ], [ -70.63698902155447, -33.423155693748136 ], [ -70.63697704310556, -33.423191393905775 ], [ -70.636959040682612, -33.423241690343382 ], [ -70.636952364271309, -33.423274008990809 ], [ -70.63695079070115, -33.423309119985902 ], [ -70.636952455302222, -33.423343080789763 ], [ -70.636966377778194, -33.423382978870364 ], [ -70.636982582094561, -33.423417760504677 ], [ -70.63701893223066, -33.423476888962483 ], [ -70.637048059149194, -33.423524082341409 ], [ -70.637082523078718, -33.423578632734703 ], [ -70.637106306603314, -33.423614801416029 ], [ -70.637121930066471, -33.423638344871904 ], [ -70.637131917130034, -33.423653534226688 ], [ -70.638715249041027, -33.423654329991585 ], [ -70.638852988558071, -33.423020908561618 ], [ -70.638901092332006, -33.422799692406556 ], [ -70.638745712484791, -33.422792564187247 ], [ -70.638697848327169, -33.422790364014617 ], [ -70.638697706349888, -33.422790363185179 ], [ -70.638500000683408, -33.422798931155555 ], [ -70.637887856974331, -33.422836241220004 ], [ -70.637130547475479, -33.422893227164749 ], [ -70.637009714530336, -33.422902581591359 ] ] ] ] } },
{ "type": "Feature", "properties": { "OBJECTID": 44, "NOMBRE": "AREAS DE EDIFICACIÓN BAJA", "NOMBRE_ZON": "LOS TURISTAS", "ZONA": "E-B2", "Shape_STAr": 30964.781802599999, "Shape_STLe": 855.64527910699996 }, "geometry": { "type": "MultiPolygon", "coordinates": [ [ [ [ -70.621972499148015, -33.39598124809492 ], [ -70.622776186757036, -33.396629837538036 ], [ -70.623021639486765, -33.396827054465724 ], [ -70.623429182060761, -33.396414836148324 ], [ -70.62401884194837, -33.395813699575825 ], [ -70.624695008937223, -33.395125245269647 ], [ -70.625210164062082, -33.39460068882061 ], [ -70.624966052228459, -33.394145679434601 ], [ -70.624962633596979, -33.394147367355991 ], [ -70.624873978766843, -33.39420174223887 ], [ -70.621972499148015, -33.39598124809492 ] ] ] ] } },
{ "type": "Feature", "properties": { "OBJECTID": 45, "NOMBRE": "ZONAS DE RESTRICCIÓN LADERA CERRO SAN CRISTÓBAL", "NOMBRE_ZON": "ZONA DE RESTRICCION NO EDIFICABLE", "ZONA": "Z-R1", "Shape_STAr": 132302.775674, "Shape_STLe": 2255.2483134499998 }, "geometry": { "type": "MultiPolygon", "coordinates": [ [ [ [ -70.622996885093812, -33.411461010703029 ], [ -70.624721524967669, -33.410937340350181 ], [ -70.624723070607075, -33.410936957566861 ], [ -70.6242980028901, -33.40822291899277 ], [ -70.625152699894059, -33.408103248603823 ], [ -70.625149304269769, -33.408099503583017 ], [ -70.625117842570589, -33.408070301332998 ], [ -70.625102362360764, -33.408055791613762 ], [ -70.625095560851477, -33.408053061586699 ], [ -70.6250814491668, -33.408036456108377 ], [ -70.625049863961308, -33.407999292258168 ], [ -70.624886812860737, -33.407807431885715 ], [ -70.624748032286888, -33.407644132835117 ], [ -70.624645817184529, -33.407523856512036 ], [ -70.6245436463755, -33.407403633627709 ], [ -70.624439772915963, -33.407281405624893 ], [ -70.62438258740319, -33.407214115566937 ], [ -70.624297739104449, -33.407268341116463 ], [ -70.624170556238269, -33.407349621345858 ], [ -70.624064720532672, -33.407417259468978 ], [ -70.623929093487092, -33.407503936569825 ], [ -70.623921109539566, -33.407508155263635 ], [ -70.623956245564884, -33.407512205348119 ], [ -70.623671304105443, -33.407666933274939 ], [ -70.623555408719824, -33.407452009853976 ], [ -70.623528555077897, -33.40742562372494 ], [ -70.623493084671253, -33.407390770309078 ], [ -70.623471485247407, -33.40736954694372 ], [ -70.623416992867121, -33.40730156103848 ], [ -70.623331751265411, -33.407205220705279 ], [ -70.623152753481165, -33.407008260230214 ], [ -70.622969832733659, -33.406800714560276 ], [ -70.622824475347883, -33.406628149064119 ], [ -70.622754043789698, -33.406544533337168 ], [ -70.62294341668499, -33.406460680518251 ], [ -70.62294835805568, -33.406462384366534 ], [ -70.622956174101162, -33.406468970114673 ], [ -70.622965967762369, -33.406478225573231 ], [ -70.622968929508957, -33.406481024898042 ], [ -70.622970117439081, -33.406481705572268 ], [ -70.622975554312148, -33.406478138022415 ], [ -70.622955451374608, -33.406463470259155 ], [ -70.622930623018817, -33.406445354374434 ], [ -70.622890863029539, -33.40641634487109 ], [ -70.622868760469544, -33.406400192680309 ], [ -70.622791452580842, -33.406428560338391 ], [ -70.622782947940152, -33.406427790505148 ], [ -70.622664887354645, -33.406325311849585 ], [ -70.622532414014103, -33.406403010792125 ], [ -70.622498550196653, -33.406422882872569 ], [ -70.622408355570329, -33.406330932748745 ], [ -70.622328275419392, -33.406249294428299 ], [ -70.622272470484617, -33.406192402391554 ], [ -70.622261913430293, -33.406181639972502 ], [ -70.62225679057903, -33.406178212356728 ], [ -70.622247201436252, -33.406171796750328 ], [ -70.622227894678488, -33.406158879737305 ], [ -70.622223944477483, -33.406156236712562 ], [ -70.622222734810364, -33.406155427352772 ], [ -70.622219707145589, -33.406154575032247 ], [ -70.622209367065963, -33.406151665659102 ], [ -70.622192791160472, -33.406147001696759 ], [ -70.622183426066542, -33.406144366354809 ], [ -70.622178646233053, -33.406143021097066 ], [ -70.622145486121994, -33.406137352918414 ], [ -70.622089264659991, -33.406127744062289 ], [ -70.622016596481828, -33.406134071033648 ], [ -70.621983598388368, -33.406136944681876 ], [ -70.621940828361005, -33.406142946499855 ], [ -70.621872585052017, -33.406152522560923 ], [ -70.621790699942778, -33.406164013875575 ], [ -70.621711852017967, -33.406175077640547 ], [ -70.621657508934035, -33.406182703358851 ], [ -70.621565181117674, -33.406195659447143 ], [ -70.621513212454261, -33.40620295194843 ], [ -70.621436053597861, -33.406213778822831 ], [ -70.621433777811305, -33.406213808570321 ], [ -70.621389412896292, -33.406213203457121 ], [ -70.621344308019999, -33.40621270449617 ], [ -70.621313805476817, -33.406211754031986 ], [ -70.621266707888026, -33.406210026634881 ], [ -70.621257612451487, -33.40620743549551 ], [ -70.621233276167729, -33.406200502807188 ], [ -70.621226665923686, -33.406198619591834 ], [ -70.621220317070481, -33.406193790270414 ], [ -70.621049671127679, -33.40626682894446 ], [ -70.620852717929679, -33.406351126955791 ], [ -70.620921732144268, -33.406490177411371 ], [ -70.619153256114089, -33.406626613883169 ], [ -70.618129510387533, -33.407080069466708 ], [ -70.61817243470442, -33.407134355577114 ], [ -70.618237368021312, -33.407216478304925 ], [ -70.618267434154006, -33.407238174735419 ], [ -70.618335448403442, -33.40728725633182 ], [ -70.618385406859431, -33.4073233074567 ], [ -70.618463783810185, -33.407373262932339 ], [ -70.618559540400312, -33.407426046100376 ], [ -70.618646136595018, -33.407448852660757 ], [ -70.618864103295195, -33.407506256255481 ], [ -70.619008435091558, -33.407519572966301 ], [ -70.61916531760339, -33.40753404687068 ], [ -70.619396412046527, -33.407513997151192 ], [ -70.619677495227677, -33.407491110946978 ], [ -70.61993918095969, -33.407510142235445 ], [ -70.620407265924499, -33.407564877952161 ], [ -70.620674761205152, -33.407600204612017 ], [ -70.620846806082511, -33.40759803420918 ], [ -70.621105862938393, -33.407594766127019 ], [ -70.621127000380454, -33.407616558695793 ], [ -70.62121069565795, -33.407601021051242 ], [ -70.621511690461901, -33.407721966598665 ], [ -70.621679972548407, -33.407790117031979 ], [ -70.621720664073976, -33.407824453599964 ], [ -70.621806929591344, -33.407893330702443 ], [ -70.621903166992297, -33.407971379785934 ], [ -70.621918186073501, -33.407994025988181 ], [ -70.621997777630355, -33.408114037694475 ], [ -70.622100008854119, -33.408268188056674 ], [ -70.622220656205343, -33.408446643626412 ], [ -70.622357679508141, -33.408657701757356 ], [ -70.622486799498603, -33.408850111241904 ], [ -70.622680244751294, -33.409143592756188 ], [ -70.622845030991868, -33.409461458440269 ], [ -70.622889363081555, -33.409599933235839 ], [ -70.62291455676943, -33.409678625078229 ], [ -70.622918794207081, -33.409705717568876 ], [ -70.622924548394465, -33.409776889033488 ], [ -70.622928564790556, -33.409826551027095 ], [ -70.622933024140195, -33.409881700300097 ], [ -70.622935853609178, -33.409916690541429 ], [ -70.622847195170394, -33.410451190185448 ], [ -70.622843851519619, -33.410669969428469 ], [ -70.622996885093812, -33.411461010703029 ] ] ] ] } },
{ "type": "Feature", "properties": { "OBJECTID": 46, "NOMBRE": "AREAS DE EDIFICACIÓN MEDIA", "NOMBRE_ZON": "MEXICO CENTRO Y PONIENTE, DORSAL SUR Y AV. GUANACO", "ZONA": "E-M1", "Shape_STAr": 1103625.7753600001, "Shape_STLe": 10299.544319299999 }, "geometry": { "type": "MultiPolygon", "coordinates": [ [ [ [ -70.638326838306696, -33.397537115141361 ], [ -70.635214461016929, -33.398282916898033 ], [ -70.63255953886231, -33.398923479067335 ], [ -70.630198998035439, -33.39950434297895 ], [ -70.630079053591942, -33.399533856113756 ], [ -70.629904015731881, -33.399544029859086 ], [ -70.629346643998758, -33.399685177530905 ], [ -70.62934629198476, -33.39968532734963 ], [ -70.629351743408819, -33.399693172960838 ], [ -70.629417710929417, -33.39978385721335 ], [ -70.629466807057668, -33.399851348690582 ], [ -70.629483965310541, -33.399873773805076 ], [ -70.629501136115636, -33.399898540817446 ], [ -70.629735877638538, -33.400221232460026 ], [ -70.62994922689019, -33.400514514480214 ], [ -70.630130442745738, -33.400763621716607 ], [ -70.63037172527244, -33.401095296734404 ], [ -70.630575660099467, -33.401375630102905 ], [ -70.630813969783844, -33.401703212845035 ], [ -70.63105730138814, -33.402037694822454 ], [ -70.631115580665934, -33.402117805052988 ], [ -70.631205275353565, -33.402241098641156 ], [ -70.631288013382417, -33.402354829502052 ], [ -70.631379136552383, -33.402480083693284 ], [ -70.631463648494488, -33.402596252202343 ], [ -70.631555296402666, -33.40272222803182 ], [ -70.631720820867585, -33.402949751669482 ], [ -70.631892071637637, -33.403185143990235 ], [ -70.63195002138896, -33.403264798187962 ], [ -70.632060688879932, -33.403415755806364 ], [ -70.632328377133632, -33.403784860652188 ], [ -70.63258432610138, -33.40413666616989 ], [ -70.632790618405977, -33.404420215606955 ], [ -70.632940752857991, -33.404631353493222 ], [ -70.633014847182622, -33.404741686930279 ], [ -70.6332788890182, -33.405134865066067 ], [ -70.633486979639002, -33.405444724886408 ], [ -70.633752646641668, -33.405823795663736 ], [ -70.633822289549514, -33.40592317219842 ], [ -70.633895006085268, -33.40602693259909 ], [ -70.633934123065288, -33.40608274947045 ], [ -70.633964827176655, -33.406126561916935 ], [ -70.633978109810641, -33.406144874535663 ], [ -70.634049036867438, -33.40623809433292 ], [ -70.634064043964642, -33.4062571949732 ], [ -70.634139228084919, -33.406370332437859 ], [ -70.634301610835195, -33.406614687596594 ], [ -70.634364501745551, -33.406709325238936 ], [ -70.634548578655171, -33.406987677386979 ], [ -70.63460760780896, -33.407081400817319 ], [ -70.634728739005581, -33.407217733576452 ], [ -70.63512256822743, -33.407831209188686 ], [ -70.635240825482086, -33.407972505997549 ], [ -70.635586543273533, -33.408545982122966 ], [ -70.63590299063479, -33.409067724487215 ], [ -70.635956518611678, -33.409187616077986 ], [ -70.636849454456112, -33.410350541954109 ], [ -70.637377256416158, -33.411037911585815 ], [ -70.637461628454716, -33.411171575670416 ], [ -70.637573084338385, -33.411146634053118 ], [ -70.638095300798653, -33.411616603673693 ], [ -70.638080778706893, -33.411632536937205 ], [ -70.638379459431647, -33.411839370841854 ], [ -70.638655619116889, -33.411937742432286 ], [ -70.639242852487385, -33.412146920303584 ], [ -70.639487585551066, -33.412234095157018 ], [ -70.639673234874962, -33.412300228077505 ], [ -70.640377143232925, -33.410979279014747 ], [ -70.640561301283512, -33.410910123184308 ], [ -70.641573305008833, -33.410523708393029 ], [ -70.641260155274139, -33.409224246835244 ], [ -70.641150235559422, -33.408755008228766 ], [ -70.641054404341318, -33.40834590480496 ], [ -70.641051986154963, -33.408299432941057 ], [ -70.641039405958722, -33.408057637007524 ], [ -70.641044197939934, -33.40791353664212 ], [ -70.641059902659052, -33.407441260483807 ], [ -70.641081976821297, -33.406777439300555 ], [ -70.641100376073808, -33.40622415462461 ], [ -70.641115378017105, -33.405773009458485 ], [ -70.641118714543126, -33.405672673471123 ], [ -70.641061819558061, -33.405099161108552 ], [ -70.641051007653985, -33.404990170723465 ], [ -70.641050275072388, -33.404816282814515 ], [ -70.641051316624115, -33.404523467552991 ], [ -70.641056125351682, -33.404427425536056 ], [ -70.6410791371339, -33.404115336038124 ], [ -70.642465138078492, -33.404137545103055 ], [ -70.642466148062098, -33.404137620109879 ], [ -70.642440177436782, -33.403830761183727 ], [ -70.642416678267082, -33.403394807410216 ], [ -70.642387542012827, -33.402800883034018 ], [ -70.642382348412596, -33.402719054603814 ], [ -70.64207339195201, -33.402731637225735 ], [ -70.64207897235346, -33.402419808935143 ], [ -70.642369823305486, -33.402408486899638 ], [ -70.642369815685981, -33.402408253425946 ], [ -70.642369639580423, -33.402404380584038 ], [ -70.642366990188933, -33.402347872577785 ], [ -70.642355181777873, -33.402095947835839 ], [ -70.642297247347273, -33.40095207211769 ], [ -70.642244032412762, -33.400334776886965 ], [ -70.642199285670486, -33.400026063186004 ], [ -70.641462285205648, -33.400057090423388 ], [ -70.640512256340017, -33.400223346683752 ], [ -70.64050852942259, -33.400041429526937 ], [ -70.640036065970506, -33.400161549106556 ], [ -70.639688868721947, -33.399193680202877 ], [ -70.64067542508333, -33.398949253500376 ], [ -70.640683388992329, -33.398523996094568 ], [ -70.642168351075327, -33.398462899372298 ], [ -70.642142249826861, -33.398088043604758 ], [ -70.64210927043635, -33.397334194244429 ], [ -70.64069431908807, -33.397642170717546 ], [ -70.640626678472628, -33.397494172570603 ], [ -70.642100921318473, -33.397143339803478 ], [ -70.642099999189057, -33.397122269857405 ], [ -70.642085101750951, -33.39663064514496 ], [ -70.641034888668074, -33.396883335032456 ], [ -70.638326838306696, -33.397537115141361 ] ], [ [ -70.637215146753718, -33.398312165870315 ], [ -70.637289673095864, -33.398554565606972 ], [ -70.635891724339743, -33.398867484156959 ], [ -70.635185381865412, -33.399027483760946 ], [ -70.634900753165681, -33.399092128710805 ], [ -70.634629039212967, -33.399153739521907 ], [ -70.634523449180634, -33.39917841883036 ], [ -70.634442835078275, -33.398925473927825 ], [ -70.635336746310941, -33.398707176318261 ], [ -70.63578240825268, -33.398598995869477 ], [ -70.636265945580405, -33.398481665700011 ], [ -70.63669460813891, -33.398377285596517 ], [ -70.636940143458759, -33.398317751772396 ], [ -70.637093062054589, -33.39828065802137 ], [ -70.637198543338513, -33.398254808308664 ], [ -70.637215146753718, -33.398312165870315 ] ], [ [ -70.640350506125742, -33.397556677214006 ], [ -70.64046177501433, -33.397755639298026 ], [ -70.638824174698428, -33.39816955859861 ], [ -70.637442991016727, -33.398514215040237 ], [ -70.637339347532176, -33.39826647395077 ], [ -70.637336271610508, -33.398261780821386 ], [ -70.63737150013587, -33.398251732984754 ], [ -70.639135490253111, -33.397841889526667 ], [ -70.640350506125742, -33.397556677214006 ] ], [ [ -70.632491883061348, -33.399401434417101 ], [ -70.632564156114313, -33.399615233574345 ], [ -70.632156217097929, -33.399706501026337 ], [ -70.631451121654081, -33.399880417245576 ], [ -70.630252758855292, -33.400146712377477 ], [ -70.630202355321543, -33.399961258575729 ], [ -70.630826732985767, -33.399806305640467 ], [ -70.63249025568102, -33.399398238988461 ], [ -70.632491883061348, -33.399401434417101 ] ], [ [ -70.632476937164498, -33.402632262056599 ], [ -70.633421388899151, -33.402633354596496 ], [ -70.634339352591326, -33.402635603269559 ], [ -70.634334734527599, -33.402842063183307 ], [ -70.633811058913878, -33.402839054696706 ], [ -70.633098707643327, -33.402834959445528 ], [ -70.632754981155728, -33.402832981808473 ], [ -70.632264337609357, -33.402830156985225 ], [ -70.631840953456958, -33.402828363670089 ], [ -70.631840117722007, -33.402631520502212 ], [ -70.632476937164498, -33.402632262056599 ] ], [ [ -70.634339167773803, -33.398940454670971 ], [ -70.63446792473249, -33.399192879001276 ], [ -70.632679139244516, -33.399602983128119 ], [ -70.632631167448196, -33.399341550390432 ], [ -70.633558396657918, -33.399123651268098 ], [ -70.633855993711634, -33.39905467121222 ], [ -70.634339167773803, -33.398940454670971 ] ], [ [ -70.637323190353598, -33.402756792478208 ], [ -70.637320867657223, -33.402647435279917 ], [ -70.637516005556819, -33.402644548420469 ], [ -70.638026779855721, -33.402636990635003 ], [ -70.63839764345191, -33.402631501436829 ], [ -70.638600507725627, -33.402628498199803 ], [ -70.638612271823391, -33.402627932472647 ], [ -70.638865933048791, -33.402615733682026 ], [ -70.639330884751246, -33.402593372584938 ], [ -70.640055359088208, -33.402558526332157 ], [ -70.640516057057809, -33.402536365839381 ], [ -70.640517857698825, -33.402745632124841 ], [ -70.637323190353598, -33.402756792478208 ] ], [ [ -70.641144846537642, -33.40266788878057 ], [ -70.641132787975806, -33.402792704105707 ], [ -70.641051266572788, -33.402781306616319 ], [ -70.64061939148597, -33.402682475034766 ], [ -70.640613195345168, -33.40247396400131 ], [ -70.640675806290531, -33.402474594203049 ], [ -70.640684431256858, -33.402544116938905 ], [ -70.641234560310423, -33.402514421143465 ], [ -70.641274236028977, -33.402447885684865 ], [ -70.641949728999208, -33.402422935547676 ], [ -70.641956615232431, -33.402422393484933 ], [ -70.641956645350646, -33.402422679868991 ], [ -70.641977728031662, -33.402627828308063 ], [ -70.641144846537642, -33.40266788878057 ] ], [ [ -70.638254987030521, -33.401291345986245 ], [ -70.636835783920134, -33.401424555899283 ], [ -70.636789580169989, -33.401418245761924 ], [ -70.63678608121765, -33.401368184257848 ], [ -70.637212073707758, -33.401283821130512 ], [ -70.637433988387102, -33.40123937358922 ], [ -70.63821966141758, -33.401084402575201 ], [ -70.638254987030521, -33.401291345986245 ] ], [ [ -70.634490259145821, -33.400598153541047 ], [ -70.634436698866878, -33.400723056179181 ], [ -70.634107148803352, -33.400693753775407 ], [ -70.633826348016285, -33.400669892237843 ], [ -70.633824769114582, -33.400608352034602 ], [ -70.633878928697655, -33.400606564649188 ], [ -70.633891180554969, -33.400599960582007 ], [ -70.633896679226879, -33.400597382865641 ], [ -70.633902192375444, -33.400595521014623 ], [ -70.633917482900529, -33.400591740246433 ], [ -70.634036318099177, -33.400557247260316 ], [ -70.634486634465489, -33.400421142430154 ], [ -70.634490748124136, -33.400419188968442 ], [ -70.634490774937746, -33.400420620727523 ], [ -70.634484700178589, -33.400597510726946 ], [ -70.634490259145821, -33.400598153541047 ] ], [ [ -70.638905434003533, -33.399541867392792 ], [ -70.638875986465564, -33.399428009466504 ], [ -70.639025606112696, -33.399396970323686 ], [ -70.639223005410258, -33.399356137051804 ], [ -70.639417168490468, -33.399315775507745 ], [ -70.639611332453583, -33.399275413650713 ], [ -70.639651780985162, -33.399392702661146 ], [ -70.639505475106176, -33.39942813938886 ], [ -70.63911177654586, -33.399522820772255 ], [ -70.639028855093756, -33.399542670874958 ], [ -70.638912973537913, -33.399570687779132 ], [ -70.638905434003533, -33.399541867392792 ] ], [ [ -70.637171456868643, -33.402649645307335 ], [ -70.637146368958284, -33.402757407283985 ], [ -70.636872876475493, -33.402758358655731 ], [ -70.636292046735832, -33.402760376852626 ], [ -70.636290775682994, -33.402692587473851 ], [ -70.636286462342156, -33.402662734163293 ], [ -70.636489860070782, -33.402659726440078 ], [ -70.636715099108059, -33.402656395944582 ], [ -70.637171456868643, -33.402649645307335 ] ], [ [ -70.639829663477173, -33.408091720183535 ], [ -70.640442705415992, -33.408107048331907 ], [ -70.639831337739366, -33.408225314380331 ], [ -70.639829663477173, -33.408091720183535 ] ], [ [ -70.633822277892136, -33.401043419670025 ], [ -70.633652922285464, -33.401058367665975 ], [ -70.633636546392339, -33.40094345427849 ], [ -70.6338195924193, -33.400940746964388 ], [ -70.633822277892136, -33.401043419670025 ] ] ] ] } },
{ "type": "Feature", "properties": { "OBJECTID": 47, "NOMBRE": "ZONAS ESPECIALES", "NOMBRE_ZON": "CEMENTERIOS", "ZONA": "Z-S1", "Shape_STAr": 102441.16385500001, "Shape_STLe": 1481.3542767199999 }, "geometry": { "type": "MultiPolygon", "coordinates": [ [ [ [ -70.63332022009017, -33.398739953530594 ], [ -70.635214461016929, -33.398282916898033 ], [ -70.635301927683926, -33.39826195879926 ], [ -70.635085153326486, -33.397609582081898 ], [ -70.634726512425203, -33.396528088505264 ], [ -70.634511582007448, -33.395883380624596 ], [ -70.63430461311188, -33.395397515744328 ], [ -70.633947192837326, -33.394563004005711 ], [ -70.633698270198948, -33.393980641259162 ], [ -70.633537953572656, -33.39360556959037 ], [ -70.633494437684462, -33.393513936208599 ], [ -70.633372979084456, -33.393266996737843 ], [ -70.631846770776619, -33.394000859212149 ], [ -70.6319642259662, -33.394406598418705 ], [ -70.632015606792095, -33.39456853155545 ], [ -70.632128029693902, -33.394930039502675 ], [ -70.632312588797006, -33.395519716652196 ], [ -70.632437738622798, -33.395919574147158 ], [ -70.632749493069426, -33.396913337491135 ], [ -70.633099580812399, -33.398031825728573 ], [ -70.63331942827655, -33.398736480169021 ], [ -70.63332022009017, -33.398739953530594 ] ] ] ] } },
{ "type": "Feature", "properties": { "OBJECTID": 48, "NOMBRE": "ZONAS ESPECIALES", "NOMBRE_ZON": "AREAS VERDES", "ZONA": "Z-AV", "Shape_STAr": 3861.6470106199999, "Shape_STLe": 554.14764186900004 }, "geometry": { "type": "MultiPolygon", "coordinates": [ [ [ [ -70.641901870830623, -33.392961168031853 ], [ -70.641895021707128, -33.39282067632999 ], [ -70.640689487739152, -33.392868356069876 ], [ -70.640649592415329, -33.392882111738153 ], [ -70.640635358343872, -33.392909240447814 ], [ -70.640641825991054, -33.393049849124353 ], [ -70.640696645489115, -33.394226100255558 ], [ -70.640698372666648, -33.394279099825454 ], [ -70.64071144733316, -33.394309198772589 ], [ -70.640914322586269, -33.394242214052447 ], [ -70.64085866987169, -33.393928398630266 ], [ -70.640839467753082, -33.3938016680858 ], [ -70.640828857305749, -33.393654997093044 ], [ -70.640795579743937, -33.393219877624396 ], [ -70.640788593246455, -33.393162478113531 ], [ -70.640787561165141, -33.39314222936008 ], [ -70.640789926430941, -33.392989901791374 ], [ -70.641676359074182, -33.392958361525537 ], [ -70.641753010686372, -33.392955632864933 ], [ -70.641791801248743, -33.392954656919045 ], [ -70.641838305732861, -33.39295905932412 ], [ -70.64187526608444, -33.392962635678579 ], [ -70.641901870830623, -33.392961168031853 ] ] ] ] } },
{ "type": "Feature", "properties": { "OBJECTID": 49, "NOMBRE": "ZONAS ESPECIALES", "NOMBRE_ZON": "AREAS VERDES", "ZONA": "Z-AV", "Shape_STAr": 651.06568944000003, "Shape_STLe": 105.639679315 }, "geometry": { "type": "MultiPolygon", "coordinates": [ [ [ [ -70.641670879732615, -33.395617464916988 ], [ -70.641688831601655, -33.395796761642394 ], [ -70.642030455537849, -33.395750246726784 ], [ -70.642027783906073, -33.395570897528216 ], [ -70.641670879732615, -33.395617464916988 ] ] ] ] } },
{ "type": "Feature", "properties": { "OBJECTID": 50, "NOMBRE": "ZONAS ESPECIALES", "NOMBRE_ZON": "AREAS VERDES", "ZONA": "Z-AV", "Shape_STAr": 763.70587240500004, "Shape_STLe": 120.20781315799999 }, "geometry": { "type": "MultiPolygon", "coordinates": [ [ [ [ -70.641481066807302, -33.395990494693017 ], [ -70.641498640921242, -33.396144915760566 ], [ -70.641950732819623, -33.396122257441085 ], [ -70.641924899707064, -33.395949255261172 ], [ -70.641481066807302, -33.395990494693017 ] ] ] ] } },
{ "type": "Feature", "properties": { "OBJECTID": 51, "NOMBRE": "AREAS DE EDIFICACIÓN MEDIA", "NOMBRE_ZON": "MEXICO CENTRO Y PONIENTE, DORSAL SUR Y AV. GUANACO", "ZONA": "E-M1", "Shape_STAr": 557763.7031, "Shape_STLe": 4570.0174349 }, "geometry": { "type": "MultiPolygon", "coordinates": [ [ [ [ -70.626730076622948, -33.396969283845188 ], [ -70.626509124319995, -33.397009900106099 ], [ -70.626456169984252, -33.396999636141487 ], [ -70.626260726247821, -33.396961754522806 ], [ -70.626232952302772, -33.396929576744995 ], [ -70.626231978940837, -33.396929615657236 ], [ -70.624594776343201, -33.397773011700679 ], [ -70.62305555650218, -33.398554988292162 ], [ -70.620612182656387, -33.399782926475631 ], [ -70.620539619706491, -33.399819428378251 ], [ -70.620260625273673, -33.400011346240149 ], [ -70.620257934379026, -33.400012579023837 ], [ -70.620245470325997, -33.400048637612088 ], [ -70.620162603620642, -33.400174867726484 ], [ -70.620053463357934, -33.400333367714573 ], [ -70.619935795133429, -33.400511205222415 ], [ -70.619663832860795, -33.400911152189693 ], [ -70.619453627942477, -33.401226206955968 ], [ -70.619302643124541, -33.401446753293726 ], [ -70.619062829424124, -33.401802362604762 ], [ -70.618965708419267, -33.401946380026125 ], [ -70.619261187911931, -33.40264465908232 ], [ -70.619666280422877, -33.403601958269867 ], [ -70.6199249800095, -33.40421329251221 ], [ -70.62064645013065, -33.405912747706807 ], [ -70.620733977281049, -33.4061195737643 ], [ -70.620741801536568, -33.406134832502076 ], [ -70.620852717929679, -33.406351126955791 ], [ -70.621049671127679, -33.40626682894446 ], [ -70.621220317070481, -33.406193790270414 ], [ -70.621208015305399, -33.406184433977728 ], [ -70.621192604027215, -33.406172713127596 ], [ -70.622178765237194, -33.405779713334312 ], [ -70.622262364191087, -33.405802939860969 ], [ -70.622703393177929, -33.40630267259246 ], [ -70.622532414014103, -33.406403010792125 ], [ -70.622664887354645, -33.406325311849585 ], [ -70.622744704791927, -33.406394595533115 ], [ -70.622782947940152, -33.406427790505148 ], [ -70.622791452580842, -33.406428560338391 ], [ -70.622868760469544, -33.406400192680309 ], [ -70.622890155573458, -33.406415828356849 ], [ -70.623015573451866, -33.406354125215849 ], [ -70.625036143635995, -33.404861256232778 ], [ -70.627448290313566, -33.403078969262175 ], [ -70.629056748356618, -33.401917626999982 ], [ -70.62862796442964, -33.401318751699819 ], [ -70.626687208004697, -33.398676478054206 ], [ -70.626611727617629, -33.398527570037466 ], [ -70.626454246719106, -33.397102353405479 ], [ -70.626467784350737, -33.397048712390969 ], [ -70.626739746056302, -33.396992853695316 ], [ -70.626817663895395, -33.396953422802234 ], [ -70.626777007700554, -33.396907825210576 ], [ -70.626776196563384, -33.396907857490739 ], [ -70.626777029931247, -33.3969090180479 ], [ -70.626730076622948, -33.396969283845188 ] ], [ [ -70.624919352985842, -33.401336474737995 ], [ -70.624864237838977, -33.401340569514069 ], [ -70.62465075340738, -33.401280491376482 ], [ -70.623909947343307, -33.40107041719795 ], [ -70.623611794813669, -33.400985866773716 ], [ -70.623584039137882, -33.400962783202246 ], [ -70.623593816828262, -33.400945954137136 ], [ -70.62365157140664, -33.400952030558088 ], [ -70.623792445732178, -33.400989152312974 ], [ -70.624544978809169, -33.401196030850031 ], [ -70.624875825081816, -33.401290833020141 ], [ -70.624911648107954, -33.401308757639846 ], [ -70.624919352985842, -33.401336474737995 ] ], [ [ -70.621829287829655, -33.400493145250714 ], [ -70.621815196327731, -33.400489616613569 ], [ -70.621751334602081, -33.400473621409837 ], [ -70.621659658245903, -33.400450659643454 ], [ -70.621492563008943, -33.400408808034321 ], [ -70.621158791015105, -33.400325207784803 ], [ -70.620563209626482, -33.400176031043522 ], [ -70.62051743438559, -33.40016456513461 ], [ -70.620500750235735, -33.400156089370057 ], [ -70.620490544994666, -33.400134804961297 ], [ -70.620517896147078, -33.400119598043901 ], [ -70.620571335752189, -33.400123269363618 ], [ -70.621170018074551, -33.400277331380209 ], [ -70.62156794871116, -33.400384185543288 ], [ -70.621838656861911, -33.400457086395662 ], [ -70.621876894674998, -33.40046516295255 ], [ -70.621879111822267, -33.400465630877875 ], [ -70.62187917767811, -33.400465645348106 ], [ -70.621880684301061, -33.400483364769251 ], [ -70.621859804224144, -33.400497089538092 ], [ -70.621829287829655, -33.400493145250714 ] ], [ [ -70.623458559152425, -33.400906963997542 ], [ -70.62345032479962, -33.400923181251201 ], [ -70.623413996023132, -33.400919834682902 ], [ -70.623394354423581, -33.400916144380183 ], [ -70.623272194104928, -33.400883582276407 ], [ -70.623102968066348, -33.400838474459832 ], [ -70.62246568839646, -33.400668605290015 ], [ -70.622020522961549, -33.400549941646922 ], [ -70.622003535025314, -33.40054503321565 ], [ -70.621968167033927, -33.400529155269474 ], [ -70.621976201786794, -33.40050554025111 ], [ -70.622045381723822, -33.400509225179192 ], [ -70.622504677659123, -33.400640289049512 ], [ -70.622928244706699, -33.400760640355273 ], [ -70.623180709753143, -33.400825952564809 ], [ -70.623386201558844, -33.400879112564965 ], [ -70.623433426892959, -33.400891329493568 ], [ -70.623458559152425, -33.400906963997542 ] ], [ [ -70.626322294107055, -33.401716191201658 ], [ -70.626266402626143, -33.401718792520356 ], [ -70.626064010985516, -33.401662383490482 ], [ -70.62537222135019, -33.401469567188393 ], [ -70.625161422042154, -33.401410812024523 ], [ -70.625147805919937, -33.401407016913446 ], [ -70.625142675174374, -33.401405234463063 ], [ -70.625135262598022, -33.401402572854757 ], [ -70.625123644734899, -33.40139840165115 ], [ -70.625122433477841, -33.40139796660101 ], [ -70.625109891553876, -33.401389093607115 ], [ -70.625116442824677, -33.401370907044495 ], [ -70.625154171622114, -33.401370608487881 ], [ -70.625191962258967, -33.401382753537852 ], [ -70.625205618051254, -33.401386542713396 ], [ -70.625279656258172, -33.401405973154169 ], [ -70.625378410660062, -33.40143189037812 ], [ -70.625498182769775, -33.401463322811324 ], [ -70.625642884001309, -33.401501296828961 ], [ -70.625785329310276, -33.401538679777516 ], [ -70.625938405652974, -33.401578850580087 ], [ -70.626090452446675, -33.401618579259399 ], [ -70.626263153412552, -33.401663576962534 ], [ -70.626316751559798, -33.40167754176256 ], [ -70.626347614699441, -33.401695560741977 ], [ -70.626322294107055, -33.401716191201658 ] ], [ [ -70.627396718810516, -33.401994093554322 ], [ -70.627352745603162, -33.401994889557784 ], [ -70.627194851146697, -33.401952768125682 ], [ -70.62692852214515, -33.401881718271731 ], [ -70.626693823367333, -33.401819107296532 ], [ -70.626572274928435, -33.401786680253352 ], [ -70.626531900011642, -33.401775909642325 ], [ -70.626515198026269, -33.401766581802391 ], [ -70.626505231255663, -33.40173983598698 ], [ -70.626527438715286, -33.401739377976263 ], [ -70.626577288109402, -33.401743327332689 ], [ -70.626674807674263, -33.401769697090415 ], [ -70.626940490105014, -33.401842198014194 ], [ -70.627234662644199, -33.401922471829813 ], [ -70.627409176784283, -33.401971809011378 ], [ -70.627396718810516, -33.401994093554322 ] ], [ [ -70.628309986898302, -33.40220917430895 ], [ -70.628305287932633, -33.402231288554816 ], [ -70.628257441027458, -33.402227150383936 ], [ -70.628200712592488, -33.402212106539999 ], [ -70.628070347192363, -33.402177536711633 ], [ -70.62793430029366, -33.402141459483772 ], [ -70.627728461268745, -33.402086874163395 ], [ -70.627612339037384, -33.402056079620166 ], [ -70.627579531071547, -33.402038266846525 ], [ -70.62759645279327, -33.402011458735871 ], [ -70.627731137718811, -33.402048263054247 ], [ -70.627969744404155, -33.402113427960273 ], [ -70.628274374684878, -33.402195804896614 ], [ -70.628309986898302, -33.40220917430895 ] ] ] ] } },
{ "type": "Feature", "properties": { "OBJECTID": 52, "NOMBRE": "ZONAS ESPECIALES", "NOMBRE_ZON": "AREAS VERDES", "ZONA": "Z-AV", "Shape_STAr": 2666.0018101599999, "Shape_STLe": 223.554384027 }, "geometry": { "type": "MultiPolygon", "coordinates": [ [ [ [ -70.642440674315736, -33.402405728956147 ], [ -70.64207897235346, -33.402419808935143 ], [ -70.64207339195201, -33.402731637225735 ], [ -70.642383871912841, -33.402718992949019 ], [ -70.64261444175618, -33.402711788951734 ], [ -70.642908529667025, -33.402700963874175 ], [ -70.64290213738181, -33.402389285141247 ], [ -70.642440674315736, -33.402405728956147 ] ] ] ] } },
{ "type": "Feature", "properties": { "OBJECTID": 53, "NOMBRE": "ZONAS ESPECIALES", "NOMBRE_ZON": "AREAS VERDES", "ZONA": "Z-AV", "Shape_STAr": 2561.9224059200001, "Shape_STLe": 213.44819311699999 }, "geometry": { "type": "MultiPolygon", "coordinates": [ [ [ [ -70.64304513256198, -33.401015271487573 ], [ -70.643135321421937, -33.40162867927436 ], [ -70.643523398318123, -33.401583735154418 ], [ -70.643474484547099, -33.401093077593487 ], [ -70.643489207162204, -33.40109261650597 ], [ -70.643481802492431, -33.400986828670646 ], [ -70.64304513256198, -33.401015271487573 ] ] ] ] } },
{ "type": "Feature", "properties": { "OBJECTID": 54, "NOMBRE": "ZONAS ESPECIALES", "NOMBRE_ZON": "AREAS VERDES", "ZONA": "Z-AV", "Shape_STAr": 3669.62520245, "Shape_STLe": 411.32757689200002 }, "geometry": { "type": "MultiPolygon", "coordinates": [ [ [ [ -70.642100921318473, -33.397143339803478 ], [ -70.640626678472628, -33.397494172570603 ], [ -70.64069431908807, -33.397642170717546 ], [ -70.64210927043635, -33.397334194244429 ], [ -70.642109287183416, -33.397334570087132 ], [ -70.64211126557754, -33.397334004604332 ], [ -70.642634438902476, -33.39721921397517 ], [ -70.642633394062258, -33.397193515649867 ], [ -70.642632135224261, -33.397162558864373 ], [ -70.642613477836591, -33.397122035831025 ], [ -70.642589035051657, -33.397081682282689 ], [ -70.642530655027187, -33.397041661714354 ], [ -70.642101265859552, -33.397143194557103 ], [ -70.6421009161093, -33.397143234357962 ], [ -70.642100921318473, -33.397143339803478 ] ] ] ] } },
{ "type": "Feature", "properties": { "OBJECTID": 55, "NOMBRE": "ZONAS ESPECIALES", "NOMBRE_ZON": "ZONA ESTADIO RECOLETA", "ZONA": "Z-AV-3", "Shape_STAr": 44606.346864899999, "Shape_STLe": 916.78206853799998 }, "geometry": { "type": "MultiPolygon", "coordinates": [ [ [ [ -70.642168351075327, -33.398462899372298 ], [ -70.640683388992329, -33.398523996094568 ], [ -70.64067542508333, -33.398949253500376 ], [ -70.639688868721947, -33.399193680202877 ], [ -70.640036065970506, -33.400161549106556 ], [ -70.64050852942259, -33.400041429526937 ], [ -70.640512256340017, -33.400223346683752 ], [ -70.641462285205648, -33.400057090423388 ], [ -70.642199285670486, -33.400026063186004 ], [ -70.642198992812624, -33.400024041546573 ], [ -70.64287580816702, -33.400011583908032 ], [ -70.642811844803589, -33.398432229855189 ], [ -70.642303521718887, -33.39845733677474 ], [ -70.642168427868711, -33.398464009413885 ], [ -70.642168351075327, -33.398462899372298 ] ] ] ] } },
{ "type": "Feature", "properties": { "OBJECTID": 56, "NOMBRE": "ZONAS ESPECIALES", "NOMBRE_ZON": "AREAS VERDES", "ZONA": "Z-AV", "Shape_STAr": 605.172559116, "Shape_STLe": 109.267491253 }, "geometry": { "type": "MultiPolygon", "coordinates": [ [ [ [ -70.641895021944521, -33.392820688952519 ], [ -70.641901870830623, -33.392961168031853 ], [ -70.642323381216471, -33.39294177485332 ], [ -70.64231501092894, -33.392804067441851 ], [ -70.641895021944521, -33.392820688952519 ] ] ] ] } },
{ "type": "Feature", "properties": { "OBJECTID": 58, "NOMBRE": "ZONAS ESPECIALES", "NOMBRE_ZON": "AREAS VERDES", "ZONA": "Z-AV", "Shape_STAr": 31762.834253599998, "Shape_STLe": 951.90460203700002 }, "geometry": { "type": "MultiPolygon", "coordinates": [ [ [ [ -70.63960128979177, -33.383881217612583 ], [ -70.640120565318, -33.384489137032404 ], [ -70.641051960797526, -33.386873857053828 ], [ -70.641885666040451, -33.386636729869828 ], [ -70.641691280613003, -33.386165550166659 ], [ -70.641346605491862, -33.385300975800178 ], [ -70.640896337131622, -33.384181207464835 ], [ -70.640514182920825, -33.383238559787799 ], [ -70.640400925191798, -33.38330923685978 ], [ -70.639644273359451, -33.383849908785116 ], [ -70.63960128979177, -33.383881217612583 ] ] ] ] } },
{ "type": "Feature", "properties": { "OBJECTID": 59, "NOMBRE": "ZONAS ESPECIALES", "NOMBRE_ZON": "AREAS VERDES", "ZONA": "Z-AV", "Shape_STAr": 7700.2519643899996, "Shape_STLe": 522.28710138700001 }, "geometry": { "type": "MultiPolygon", "coordinates": [ [ [ [ -70.640721092489301, -33.383299597404374 ], [ -70.641218919039403, -33.384658760976862 ], [ -70.641521808488591, -33.384556077432904 ], [ -70.64112929674053, -33.383612163809055 ], [ -70.641214539230262, -33.383541950412585 ], [ -70.641213438902824, -33.383539343331471 ], [ -70.641786341716255, -33.383080932771392 ], [ -70.641632229623156, -33.382783430814641 ], [ -70.641556220318421, -33.382829522707077 ], [ -70.640721092489301, -33.383299597404374 ] ] ] ] } },
{ "type": "Feature", "properties": { "OBJECTID": 60, "NOMBRE": "ZONAS ESPECIALES", "NOMBRE_ZON": "AREAS VERDES", "ZONA": "Z-AV", "Shape_STAr": 5559.4518483900001, "Shape_STLe": 411.60344485399997 }, "geometry": { "type": "MultiPolygon", "coordinates": [ [ [ [ -70.64326062425981, -33.382258461198511 ], [ -70.643259898559009, -33.382256741991299 ], [ -70.643259803419724, -33.382256770306235 ], [ -70.643254384379787, -33.382243679788822 ], [ -70.643188866335365, -33.382085419538292 ], [ -70.643155516698172, -33.382004860143951 ], [ -70.641707848615596, -33.382697479323546 ], [ -70.641858749646246, -33.383043573962269 ], [ -70.642662884226013, -33.382790873576717 ], [ -70.642554305465552, -33.382481084047107 ], [ -70.64326062425981, -33.382258461198511 ] ] ] ] } },
{ "type": "Feature", "properties": { "OBJECTID": 62, "NOMBRE": "AREAS DE EDIFICACIÓN MEDIA", "NOMBRE_ZON": "MEXICO CENTRO Y PONIENTE, DORSAL SUR Y AV. GUANACO", "ZONA": "E-M1", "Shape_STAr": 60445.620146699999, "Shape_STLe": 2432.3518436200002 }, "geometry": { "type": "MultiPolygon", "coordinates": [ [ [ [ -70.656838075023586, -33.380458745306953 ], [ -70.657431930929548, -33.380416326088231 ], [ -70.65743014153631, -33.380535473948783 ], [ -70.656837962716466, -33.380571201728124 ], [ -70.65683681588537, -33.380714971864407 ], [ -70.656877399287112, -33.381214411380661 ], [ -70.656877513110018, -33.381258206455705 ], [ -70.656878625655864, -33.381720355502054 ], [ -70.656880896084061, -33.38259591516875 ], [ -70.656854617617185, -33.382855271393737 ], [ -70.656842896725038, -33.382970951711762 ], [ -70.656815362456371, -33.383081053406571 ], [ -70.656804418667363, -33.383112585997772 ], [ -70.656763151238849, -33.383430124726111 ], [ -70.656724336443034, -33.383727535157377 ], [ -70.656688505924635, -33.384003316763447 ], [ -70.656645522087715, -33.384333377735516 ], [ -70.656639857669362, -33.384376486085742 ], [ -70.65690531463332, -33.384363740311336 ], [ -70.656905310393967, -33.384363573529001 ], [ -70.657108870841114, -33.384353341140638 ], [ -70.657108813949492, -33.3843539686737 ], [ -70.65710910071077, -33.384353954923924 ], [ -70.6570994505404, -33.384456042226446 ], [ -70.657030701412438, -33.385183292230607 ], [ -70.656949001436843, -33.386174927470528 ], [ -70.65694853843118, -33.386174661300181 ], [ -70.656940702866294, -33.386242204018401 ], [ -70.656931899184357, -33.386291869123497 ], [ -70.657141157355298, -33.386310468739225 ], [ -70.657141219404195, -33.386309319878663 ], [ -70.657162833603039, -33.385905934029381 ], [ -70.657285607493449, -33.384701698709584 ], [ -70.657328419346172, -33.384342305077617 ], [ -70.657485801946578, -33.383021118353007 ], [ -70.657595813108486, -33.381024867046847 ], [ -70.657640148739702, -33.380363800667034 ], [ -70.657665360615169, -33.379893878777999 ], [ -70.657720535869899, -33.37877651510366 ], [ -70.657731070540223, -33.378593141808608 ], [ -70.657718709189808, -33.378388966970192 ], [ -70.657698410573104, -33.378278522823265 ], [ -70.657668579509448, -33.378145299452065 ], [ -70.657523451656857, -33.377811274586314 ], [ -70.657105418193339, -33.377012092347968 ], [ -70.65630243334094, -33.377314208911315 ], [ -70.656306023855066, -33.377317854897981 ], [ -70.656498134985142, -33.377702797531306 ], [ -70.656541126418503, -33.377742614051442 ], [ -70.656827960431144, -33.378321967736738 ], [ -70.65682639653221, -33.378488810570929 ], [ -70.656825389009484, -33.378887012997943 ], [ -70.65747446959287, -33.378871413720802 ], [ -70.657472496303953, -33.378984949253336 ], [ -70.656825098753714, -33.379001937432307 ], [ -70.656824938606178, -33.379065124684075 ], [ -70.656832590134101, -33.379881219059442 ], [ -70.656838075023586, -33.380458745306953 ] ] ] ] } },
{ "type": "Feature", "properties": { "OBJECTID": 63, "NOMBRE": "ZONAS ESPECIALES", "NOMBRE_ZON": "AREAS VERDES", "ZONA": "Z-AV", "Shape_STAr": 5474.4532153700002, "Shape_STLe": 305.66311791300001 }, "geometry": { "type": "MultiPolygon", "coordinates": [ [ [ [ -70.645578010129682, -33.40262741913201 ], [ -70.645692540791572, -33.403484870971987 ], [ -70.646313129951508, -33.403385243917974 ], [ -70.646174798652979, -33.402538155888124 ], [ -70.645578010129682, -33.40262741913201 ] ] ] ] } },
{ "type": "Feature", "properties": { "OBJECTID": 64, "NOMBRE": "ZONAS ESPECIALES", "NOMBRE_ZON": "AREAS VERDES", "ZONA": "Z-AV", "Shape_STAr": 1518.37502019, "Shape_STLe": 193.37276163799999 }, "geometry": { "type": "MultiPolygon", "coordinates": [ [ [ [ -70.644249811004983, -33.39667942901616 ], [ -70.644332499156235, -33.39671977410287 ], [ -70.645103474082759, -33.3965905373624 ], [ -70.645068072186064, -33.396365275387154 ], [ -70.645020913094456, -33.396353283166469 ], [ -70.644931998238889, -33.396372525818343 ], [ -70.644847076914218, -33.396396245365565 ], [ -70.64473016554976, -33.396434045412427 ], [ -70.644626821085851, -33.396476114243143 ], [ -70.644522425353742, -33.396531782132342 ], [ -70.644469174641856, -33.396573214757474 ], [ -70.644401026650925, -33.396610307699085 ], [ -70.644325267751526, -33.396665612084497 ], [ -70.644249811004983, -33.39667942901616 ] ] ] ] } },
{ "type": "Feature", "properties": { "OBJECTID": 65, "NOMBRE": "ZONAS ESPECIALES", "NOMBRE_ZON": "AREAS VERDES", "ZONA": "Z-AV", "Shape_STAr": 2918.6911103799998, "Shape_STLe": 434.101003155 }, "geometry": { "type": "MultiPolygon", "coordinates": [ [ [ [ -70.642866039050986, -33.39680636247796 ], [ -70.642909297889588, -33.39682311744194 ], [ -70.643354575907352, -33.396745039976722 ], [ -70.6433782519982, -33.396740888154518 ], [ -70.643378250261321, -33.396740853006037 ], [ -70.644287416045017, -33.396580046457743 ], [ -70.644331049576081, -33.396540947259275 ], [ -70.644364313135796, -33.396511140899406 ], [ -70.644411000829123, -33.396489264074951 ], [ -70.644483516552867, -33.396455284979133 ], [ -70.644613534706764, -33.396399203516452 ], [ -70.64472099006403, -33.396356430879457 ], [ -70.644754549366539, -33.396343072630742 ], [ -70.644830991411467, -33.396322339707076 ], [ -70.644921789130123, -33.396300204335652 ], [ -70.645021459695116, -33.396276288269036 ], [ -70.644873466426688, -33.396302684765551 ], [ -70.644236063068462, -33.396416357221817 ], [ -70.643375314730861, -33.396569854772558 ], [ -70.643371074588885, -33.396570608957653 ], [ -70.643297807040199, -33.39658358466265 ], [ -70.642862511135462, -33.396660675691273 ], [ -70.642866039050986, -33.39680636247796 ] ] ] ] } },
{ "type": "Feature", "properties": { "OBJECTID": 66, "NOMBRE": "ZONAS ESPECIALES", "NOMBRE_ZON": "AREAS VERDES", "ZONA": "Z-AV", "Shape_STAr": 3887.7375098500002, "Shape_STLe": 499.28362574300002 }, "geometry": { "type": "MultiPolygon", "coordinates": [ [ [ [ -70.645106526139742, -33.396052396805665 ], [ -70.645123059823987, -33.396170838901774 ], [ -70.645938539158863, -33.396105457271545 ], [ -70.646409962540446, -33.396066161588898 ], [ -70.64707673102707, -33.396009139907235 ], [ -70.647621722135995, -33.395962529350975 ], [ -70.647605391734075, -33.395798072559742 ], [ -70.64661921734529, -33.395891584468977 ], [ -70.646166321691567, -33.395934526499168 ], [ -70.645794641191543, -33.395969766469022 ], [ -70.64555725010807, -33.395998273145388 ], [ -70.645237261410614, -33.396036698278117 ], [ -70.645106526139742, -33.396052396805665 ] ] ] ] } },
{ "type": "Feature", "properties": { "OBJECTID": 67, "NOMBRE": "ZONAS ESPECIALES", "NOMBRE_ZON": "AREAS VERDES", "ZONA": "Z-AV", "Shape_STAr": 767.49935481900002, "Shape_STLe": 121.48386873600001 }, "geometry": { "type": "MultiPolygon", "coordinates": [ [ [ [ -70.647666111978197, -33.395792318707954 ], [ -70.647683067523928, -33.395952694512538 ], [ -70.64814231199847, -33.395910542798227 ], [ -70.648121697776475, -33.395749128965953 ], [ -70.647666111978197, -33.395792318707954 ] ] ] ] } },
{ "type": "Feature", "properties": { "OBJECTID": 68, "NOMBRE": "ZONAS ESPECIALES", "NOMBRE_ZON": "AREAS VERDES", "ZONA": "Z-AV", "Shape_STAr": 2526.313382, "Shape_STLe": 299.503146818 }, "geometry": { "type": "MultiPolygon", "coordinates": [ [ [ [ -70.648195430302025, -33.395742124304412 ], [ -70.648216966435044, -33.395909594302807 ], [ -70.64959966064049, -33.395778812775617 ], [ -70.649595117208236, -33.395596816771381 ], [ -70.648195430302025, -33.395742124304412 ] ] ] ] } },
{ "type": "Feature", "properties": { "OBJECTID": 69, "NOMBRE": "ZONAS ESPECIALES", "NOMBRE_ZON": "AREAS VERDES", "ZONA": "Z-AV", "Shape_STAr": 529.03139071299995, "Shape_STLe": 92.775723942100001 }, "geometry": { "type": "MultiPolygon", "coordinates": [ [ [ [ -70.649682819052131, -33.395587729836933 ], [ -70.649690266900492, -33.395768604114537 ], [ -70.6499674128316, -33.395746965789201 ], [ -70.649959638953931, -33.395558940739569 ], [ -70.649682819052131, -33.395587729836933 ] ] ] ] } },
{ "type": "Feature", "properties": { "OBJECTID": 70, "NOMBRE": "ZONAS ESPECIALES", "NOMBRE_ZON": "AREAS VERDES", "ZONA": "Z-AV", "Shape_STAr": 1533.9194717099999, "Shape_STLe": 210.090811484 }, "geometry": { "type": "MultiPolygon", "coordinates": [ [ [ [ -70.650037018757189, -33.395552432089829 ], [ -70.650038231791598, -33.395723421310009 ], [ -70.650976302067861, -33.395629976839722 ], [ -70.650958061395315, -33.395476321097007 ], [ -70.650865676862523, -33.395490540436263 ], [ -70.650703802640692, -33.395502609059193 ], [ -70.650037018757189, -33.395552432089829 ] ] ] ] } },
{ "type": "Feature", "properties": { "OBJECTID": 71, "NOMBRE": "ZONAS ESPECIALES", "NOMBRE_ZON": "AREAS VERDES", "ZONA": "Z-AV", "Shape_STAr": 5468.0291484600002, "Shape_STLe": 509.23127288699999 }, "geometry": { "type": "MultiPolygon", "coordinates": [ [ [ [ -70.651863012806018, -33.395274695905663 ], [ -70.651269871888985, -33.395400774236457 ], [ -70.6511752707206, -33.39542102589887 ], [ -70.651037929991389, -33.39546162885285 ], [ -70.651056664468243, -33.395660654571742 ], [ -70.651149299352085, -33.395641360756713 ], [ -70.651405610124542, -33.395577018832888 ], [ -70.651504088337546, -33.395554040550515 ], [ -70.651722030448951, -33.395511799476651 ], [ -70.651895028451435, -33.395486187413155 ], [ -70.652094364951736, -33.395454163167329 ], [ -70.652197889412065, -33.395436350468707 ], [ -70.652320862268454, -33.395421232164473 ], [ -70.652519067917268, -33.395399229925012 ], [ -70.652740231294331, -33.395377887398659 ], [ -70.65301700262485, -33.395363890299265 ], [ -70.653231749594269, -33.395366853775947 ], [ -70.653351448852931, -33.395368505243219 ], [ -70.653534479955212, -33.395236573781226 ], [ -70.65357000206123, -33.395175389957387 ], [ -70.653541847774974, -33.395161653347685 ], [ -70.653373320939693, -33.395159090808924 ], [ -70.652780823144937, -33.395150947280207 ], [ -70.65272507621799, -33.395150228958371 ], [ -70.65259526479386, -33.395156876761639 ], [ -70.652480717118394, -33.395162742148479 ], [ -70.652440249982149, -33.395164814258571 ], [ -70.652330874410708, -33.395184693619406 ], [ -70.652099948347001, -33.395226664946428 ], [ -70.651863012806018, -33.395274695905663 ] ] ] ] } },
{ "type": "Feature", "properties": { "OBJECTID": 72, "NOMBRE": "ZONAS ESPECIALES", "NOMBRE_ZON": "AREAS VERDES", "ZONA": "Z-AV", "Shape_STAr": 4830.9013220699999, "Shape_STLe": 630.00917857499996 }, "geometry": { "type": "MultiPolygon", "coordinates": [ [ [ [ -70.637320867657223, -33.402647435279917 ], [ -70.637323190353598, -33.402756792478208 ], [ -70.640517857698825, -33.402745632124841 ], [ -70.640516057057809, -33.402536365839381 ], [ -70.640055359088208, -33.402558526332157 ], [ -70.639330884751246, -33.402593372584938 ], [ -70.638865933048791, -33.402615733682026 ], [ -70.638612271823391, -33.402627932472647 ], [ -70.638600507725627, -33.402628498199803 ], [ -70.63839764345191, -33.402631501436829 ], [ -70.638026779855721, -33.402636990635003 ], [ -70.637516005556819, -33.402644548420469 ], [ -70.637320867657223, -33.402647435279917 ] ] ] ] } },
{ "type": "Feature", "properties": { "OBJECTID": 73, "NOMBRE": "ZONAS ESPECIALES", "NOMBRE_ZON": "AREAS VERDES", "ZONA": "Z-AV", "Shape_STAr": 5195.9899938199997, "Shape_STLe": 509.16378313299998 }, "geometry": { "type": "MultiPolygon", "coordinates": [ [ [ [ -70.633811058913878, -33.402839054696706 ], [ -70.634334734527599, -33.402842063183307 ], [ -70.634339352591326, -33.402635603269559 ], [ -70.633421388899151, -33.402633354596496 ], [ -70.632476937164498, -33.402632262056599 ], [ -70.631840117722007, -33.402631520502212 ], [ -70.631840953456958, -33.402828363670089 ], [ -70.632264337609357, -33.402830156985225 ], [ -70.632754981155728, -33.402832981808473 ], [ -70.633098707643327, -33.402834959445528 ], [ -70.633811058913878, -33.402839054696706 ] ] ] ] } },
{ "type": "Feature", "properties": { "OBJECTID": 74, "NOMBRE": "ZONAS ESPECIALES", "NOMBRE_ZON": "AREAS VERDES", "ZONA": "Z-AV", "Shape_STAr": 558.02530155700003, "Shape_STLe": 95.920294910899997 }, "geometry": { "type": "MultiPolygon", "coordinates": [ [ [ [ -70.642635897455932, -33.417925037483002 ], [ -70.642713551069676, -33.418092424848744 ], [ -70.642996116129865, -33.418002075524598 ], [ -70.642918479592424, -33.417835846967236 ], [ -70.642635897455932, -33.417925037483002 ] ] ] ] } },
{ "type": "Feature", "properties": { "OBJECTID": 75, "NOMBRE": "ZONAS ESPECIALES", "NOMBRE_ZON": "AREAS VERDES", "ZONA": "Z-AV", "Shape_STAr": 13425.9857127, "Shape_STLe": 671.38707157800002 }, "geometry": { "type": "MultiPolygon", "coordinates": [ [ [ [ -70.640824811430505, -33.416822571767675 ], [ -70.640551368472771, -33.416930888895344 ], [ -70.640550388310814, -33.416933379189437 ], [ -70.6405478510043, -33.416941073803628 ], [ -70.640546520899377, -33.416948857963618 ], [ -70.64054694423082, -33.416953697900297 ], [ -70.640539199687836, -33.416955723044531 ], [ -70.640723112547136, -33.417303812831548 ], [ -70.640780899924493, -33.417285962263094 ], [ -70.640804078318723, -33.417325823156965 ], [ -70.640977783127056, -33.417615893925444 ], [ -70.641608889582557, -33.418668604064067 ], [ -70.641347641996404, -33.418793234410295 ], [ -70.641476197003811, -33.418995028291974 ], [ -70.641502463663301, -33.41899603157956 ], [ -70.641608405095241, -33.418947791873101 ], [ -70.641669691940237, -33.418921784398776 ], [ -70.641730684345532, -33.418891677464792 ], [ -70.641863388520449, -33.418824593946773 ], [ -70.642009966661831, -33.41875049614098 ], [ -70.642170687173291, -33.418669249679844 ], [ -70.641877038671026, -33.418214884210471 ], [ -70.642023511953468, -33.41814869413404 ], [ -70.6417548982824, -33.417676504940339 ], [ -70.641599121029401, -33.417402666346099 ], [ -70.641489044952323, -33.417446994496132 ], [ -70.641273004219386, -33.417016481709084 ], [ -70.641110392528816, -33.41708426513572 ], [ -70.64097536312488, -33.416831823934906 ], [ -70.640899331873214, -33.416858754806341 ], [ -70.640884991228418, -33.416834446308243 ], [ -70.640879841298428, -33.416829994467875 ], [ -70.640873204834392, -33.416821065766747 ], [ -70.64086445005826, -33.416821122974618 ], [ -70.64085959027642, -33.416817860416621 ], [ -70.640830090592516, -33.416816858269129 ], [ -70.640824811430505, -33.416822571767675 ] ] ] ] } },
{ "type": "Feature", "properties": { "OBJECTID": 76, "NOMBRE": "ZONAS ESPECIALES", "NOMBRE_ZON": "AREAS VERDES", "ZONA": "Z-AV", "Shape_STAr": 617.52652395400003, "Shape_STLe": 99.410175107599997 }, "geometry": { "type": "MultiPolygon", "coordinates": [ [ [ [ -70.640913044681, -33.418775367240492 ], [ -70.641028698618712, -33.41897599758817 ], [ -70.641272879588584, -33.418880701232666 ], [ -70.641157327115948, -33.41868085617098 ], [ -70.640913044681, -33.418775367240492 ] ] ] ] } },
{ "type": "Feature", "properties": { "OBJECTID": 77, "NOMBRE": "ZONAS ESPECIALES", "NOMBRE_ZON": "AREAS VERDES", "ZONA": "Z-AV", "Shape_STAr": 893.182716142, "Shape_STLe": 119.55367190600001 }, "geometry": { "type": "MultiPolygon", "coordinates": [ [ [ [ -70.64036874008805, -33.418482712637072 ], [ -70.640507834449195, -33.418722629240271 ], [ -70.640801129394461, -33.418608003629238 ], [ -70.640662043401093, -33.41836673450554 ], [ -70.64036874008805, -33.418482712637072 ] ] ] ] } },
{ "type": "Feature", "properties": { "OBJECTID": 78, "NOMBRE": "ZONAS ESPECIALES", "NOMBRE_ZON": "AREAS VERDES", "ZONA": "Z-AV", "Shape_STAr": 892.71993308599997, "Shape_STLe": 119.523954011 }, "geometry": { "type": "MultiPolygon", "coordinates": [ [ [ [ -70.640102986685577, -33.418118350780723 ], [ -70.64024238785511, -33.418358870592172 ], [ -70.640535598648157, -33.418244046525139 ], [ -70.640396405262024, -33.418003456664692 ], [ -70.640102986685577, -33.418118350780723 ] ] ] ] } },
{ "type": "Feature", "properties": { "OBJECTID": 79, "NOMBRE": "ZONAS ESPECIALES", "NOMBRE_ZON": "AREAS VERDES", "ZONA": "Z-AV", "Shape_STAr": 1202.7846929100001, "Shape_STLe": 160.74077330599999 }, "geometry": { "type": "MultiPolygon", "coordinates": [ [ [ [ -70.641814304323205, -33.417212595262434 ], [ -70.642464539133769, -33.417207101677825 ], [ -70.642462674378493, -33.417028411558313 ], [ -70.641812226275803, -33.417032672426046 ], [ -70.641814304323205, -33.417212595262434 ] ] ] ] } },
{ "type": "Feature", "properties": { "OBJECTID": 80, "NOMBRE": "ZONAS ESPECIALES", "NOMBRE_ZON": "AREAS VERDES", "ZONA": "Z-AV", "Shape_STAr": 1234.54842007, "Shape_STLe": 145.25747518599999 }, "geometry": { "type": "MultiPolygon", "coordinates": [ [ [ [ -70.641482688628969, -33.416792571527516 ], [ -70.641615922758859, -33.417020003806286 ], [ -70.642049001794859, -33.416835786763322 ], [ -70.641930552688308, -33.416621280859331 ], [ -70.641482688628969, -33.416792571527516 ] ] ] ] } },
{ "type": "Feature", "properties": { "OBJECTID": 81, "NOMBRE": "ZONAS ESPECIALES", "NOMBRE_ZON": "AREAS VERDES", "ZONA": "Z-AV", "Shape_STAr": 1046.32254132, "Shape_STLe": 137.68360909800001 }, "geometry": { "type": "MultiPolygon", "coordinates": [ [ [ [ -70.638061270057136, -33.413264793485872 ], [ -70.638401892671396, -33.413372496763138 ], [ -70.638445138158474, -33.41334594373491 ], [ -70.638501260464693, -33.413301674550787 ], [ -70.638496741028874, -33.413286745813664 ], [ -70.638489115749039, -33.413272319843045 ], [ -70.638439026406886, -33.413186292063877 ], [ -70.638231475372905, -33.412915213169946 ], [ -70.638061270057136, -33.413264793485872 ] ] ] ] } },
{ "type": "Feature", "properties": { "OBJECTID": 82, "NOMBRE": "ZONAS ESPECIALES", "NOMBRE_ZON": "AREAS VERDES", "ZONA": "Z-AV", "Shape_STAr": 2672.0379335399998, "Shape_STLe": 198.55628443800001 }, "geometry": { "type": "MultiPolygon", "coordinates": [ [ [ [ -70.626456169984252, -33.396999636141487 ], [ -70.626509124319995, -33.397009900106099 ], [ -70.626730076622948, -33.396969283845188 ], [ -70.626777029931247, -33.3969090180479 ], [ -70.626431300883795, -33.396427531746454 ], [ -70.626292289224267, -33.396429739152772 ], [ -70.626207394752811, -33.396480469181533 ], [ -70.626158855998796, -33.396516238237794 ], [ -70.626125042285466, -33.396583685155505 ], [ -70.626103769118629, -33.396617431119985 ], [ -70.626104914703546, -33.396697163656746 ], [ -70.626105704005653, -33.396752403390195 ], [ -70.626146007298274, -33.396833503000863 ], [ -70.626191038159305, -33.396883845740213 ], [ -70.626231956717575, -33.396928422819627 ], [ -70.626260726247821, -33.396961754522806 ], [ -70.626456169984252, -33.396999636141487 ] ] ] ] } },
{ "type": "Feature", "properties": { "OBJECTID": 83, "NOMBRE": "ZONAS ESPECIALES", "NOMBRE_ZON": "AREAS VERDES", "ZONA": "Z-AV", "Shape_STAr": 7438.9177561500001, "Shape_STLe": 355.44121235400002 }, "geometry": { "type": "MultiPolygon", "coordinates": [ [ [ [ -70.626877722738868, -33.394218190972772 ], [ -70.626903219020662, -33.394203415538371 ], [ -70.627086537091472, -33.394098076865575 ], [ -70.627178379041325, -33.394045135832691 ], [ -70.626703306982535, -33.39345050547977 ], [ -70.626044510114454, -33.393834714791893 ], [ -70.626140868043933, -33.394609375599984 ], [ -70.626877458576601, -33.394218207964244 ], [ -70.626877722738868, -33.394218190972772 ] ] ] ] } },
{ "type": "Feature", "properties": { "OBJECTID": 84, "NOMBRE": "ZONAS DE RESTRICCIÓN LADERA CERRO SAN CRISTÓBAL", "NOMBRE_ZON": "ZONA DE RESTRICCION NO EDIFICABLE", "ZONA": "Z-R1", "Shape_STAr": 195339.67197, "Shape_STLe": 3208.3436812899999 }, "geometry": { "type": "MultiPolygon", "coordinates": [ [ [ [ -70.622592777183598, -33.396481824528344 ], [ -70.622592225088169, -33.396482026545762 ], [ -70.62259213122347, -33.396481951117273 ], [ -70.622437882273758, -33.396537836910355 ], [ -70.622263656477344, -33.396491652327938 ], [ -70.622245732719321, -33.39649333053994 ], [ -70.622042893783373, -33.396512212139626 ], [ -70.621915919218665, -33.396518765546709 ], [ -70.621885900829227, -33.396553700133303 ], [ -70.621860696055407, -33.396583032703958 ], [ -70.621856284862517, -33.396589289596569 ], [ -70.621836440197754, -33.396617434714827 ], [ -70.621797832996606, -33.396672193004889 ], [ -70.621752235172963, -33.396736791520226 ], [ -70.621744200507649, -33.39674807211015 ], [ -70.62174318536789, -33.396750318327783 ], [ -70.621714128423889, -33.39681461493241 ], [ -70.621686182576326, -33.396876450323596 ], [ -70.621667381874715, -33.396896267736601 ], [ -70.621640553211208, -33.396924545599184 ], [ -70.621621560560598, -33.396944564820366 ], [ -70.621591463992118, -33.396976288919255 ], [ -70.621570769932617, -33.396997670501008 ], [ -70.621551532562833, -33.397014357016332 ], [ -70.621541390665357, -33.397023155324327 ], [ -70.621523059257669, -33.397061698633188 ], [ -70.621501850187784, -33.397106290292498 ], [ -70.621480351398631, -33.397151492670986 ], [ -70.621468371673927, -33.397169821254472 ], [ -70.621444837541915, -33.39719077007814 ], [ -70.621414263557241, -33.397217984878516 ], [ -70.6214014837646, -33.3972293608307 ], [ -70.621395516644611, -33.39723729020718 ], [ -70.62137860156308, -33.397259766800282 ], [ -70.621342046457457, -33.397308341294469 ], [ -70.62131575641628, -33.397341781377989 ], [ -70.621281336560884, -33.397384975549024 ], [ -70.621249706167674, -33.397424667499294 ], [ -70.621230048143971, -33.397449336209426 ], [ -70.62121746592301, -33.397469673818556 ], [ -70.621202413137766, -33.397494766630125 ], [ -70.621184387106879, -33.397524815107012 ], [ -70.621167125487389, -33.397553589217331 ], [ -70.621154651693146, -33.397574382634637 ], [ -70.621133487627191, -33.397609662180535 ], [ -70.621131208206535, -33.397612031330638 ], [ -70.621116715213631, -33.3976270920001 ], [ -70.621096147624655, -33.397648466441545 ], [ -70.62105858502153, -33.397687501764992 ], [ -70.621033126112366, -33.397712908190812 ], [ -70.620989768473507, -33.397756177583389 ], [ -70.620977171470088, -33.397772482348188 ], [ -70.620956131999208, -33.397799714049469 ], [ -70.620887108711116, -33.397889051789925 ], [ -70.620871949100561, -33.397902784619127 ], [ -70.620869299154933, -33.397906102828593 ], [ -70.620848714237098, -33.397931877518133 ], [ -70.620794409147308, -33.397999874843492 ], [ -70.620764485262015, -33.398037343897492 ], [ -70.620754952989657, -33.398049279785447 ], [ -70.620753786352623, -33.398051475667891 ], [ -70.620716027774179, -33.398122533164504 ], [ -70.620679949205638, -33.398154713968857 ], [ -70.620633940307314, -33.398195751560259 ], [ -70.620649339532676, -33.398265622207376 ], [ -70.620666258037204, -33.39834238558268 ], [ -70.620673767255624, -33.398391559334051 ], [ -70.620684036722025, -33.39845881402281 ], [ -70.620688629164832, -33.398488887097777 ], [ -70.620690389573809, -33.39849405958136 ], [ -70.620701155741941, -33.398525700560633 ], [ -70.620711031477413, -33.398554725219171 ], [ -70.620719396999121, -33.398579312729368 ], [ -70.620729856866404, -33.398606269058064 ], [ -70.620741522042721, -33.398635369538027 ], [ -70.620738036117942, -33.398691175639719 ], [ -70.620735371448461, -33.398733828546355 ], [ -70.620732719368405, -33.398776291000701 ], [ -70.620731500781915, -33.398823053623012 ], [ -70.62073197950771, -33.398876801341657 ], [ -70.620732438434459, -33.398928266769992 ], [ -70.620726636758604, -33.398937414138864 ], [ -70.620687223320246, -33.399074608689965 ], [ -70.620645601906716, -33.399174832421444 ], [ -70.620584321952919, -33.39926290457209 ], [ -70.620555628976803, -33.399303286663418 ], [ -70.620495253199906, -33.399367275137493 ], [ -70.620477449142214, -33.399381804515627 ], [ -70.62042692422493, -33.399423214863859 ], [ -70.620383747281082, -33.399458671787826 ], [ -70.620212837658798, -33.399513489200658 ], [ -70.620032046879132, -33.399513451336581 ], [ -70.619928145244259, -33.399552894478688 ], [ -70.61985121531859, -33.399583052669435 ], [ -70.61976820944156, -33.399620972891377 ], [ -70.619693529051617, -33.399655090438451 ], [ -70.619656262113651, -33.399698085964793 ], [ -70.619442971117479, -33.399578495703146 ], [ -70.619410732283228, -33.399692163793013 ], [ -70.61931899681349, -33.399728295698125 ], [ -70.619152283507503, -33.399736226311255 ], [ -70.618941201099489, -33.39979827506945 ], [ -70.618613474572669, -33.399862653465462 ], [ -70.618278601155367, -33.399927169323135 ], [ -70.618215426869881, -33.399981772633645 ], [ -70.617853621434008, -33.400294491412986 ], [ -70.617601124889006, -33.400512728758777 ], [ -70.617443442342818, -33.400711173254578 ], [ -70.617185871082086, -33.401035323647797 ], [ -70.616977468791944, -33.401233861487569 ], [ -70.616966405378022, -33.401271781839284 ], [ -70.616840632646927, -33.401702859667687 ], [ -70.616978186002711, -33.402090709044586 ], [ -70.617313142272621, -33.402459737284914 ], [ -70.617318333496542, -33.402828679551909 ], [ -70.61708108916956, -33.403142424473927 ], [ -70.616998797302514, -33.403529579771742 ], [ -70.617095507452035, -33.403936293773896 ], [ -70.617138894060886, -33.404118755016476 ], [ -70.617171600081605, -33.404873105384453 ], [ -70.617179077785394, -33.405179471761926 ], [ -70.617167107431442, -33.405260782271306 ], [ -70.617181104257412, -33.405307847909206 ], [ -70.617204185324766, -33.405385455747442 ], [ -70.617230493356132, -33.405473916594282 ], [ -70.617256164518025, -33.405539672988077 ], [ -70.617310736617142, -33.405679458577197 ], [ -70.617382636879043, -33.405863629339613 ], [ -70.617401912144516, -33.405913001558162 ], [ -70.617419671036899, -33.405944143985977 ], [ -70.617461028048169, -33.406016665191743 ], [ -70.617603402029985, -33.406266325375078 ], [ -70.617784048043106, -33.406583094186153 ], [ -70.617864906233962, -33.406724880531378 ], [ -70.617923822677767, -33.406819929470828 ], [ -70.617977931732952, -33.406888363872199 ], [ -70.618024630428437, -33.406947423826267 ], [ -70.618129510387533, -33.407080069466708 ], [ -70.619153256114089, -33.406626613883169 ], [ -70.618764758870739, -33.405851425736607 ], [ -70.620398571784136, -33.405465496441799 ], [ -70.620733977281049, -33.4061195737643 ], [ -70.62064645013065, -33.405912747706807 ], [ -70.6199249800095, -33.40421329251221 ], [ -70.619666280422877, -33.403601958269867 ], [ -70.619261187911931, -33.40264465908232 ], [ -70.618965708419267, -33.401946380026125 ], [ -70.619062829424124, -33.401802362604762 ], [ -70.619302643124541, -33.401446753293726 ], [ -70.619453627942477, -33.401226206955968 ], [ -70.619663832860795, -33.400911152189693 ], [ -70.619935795133429, -33.400511205222415 ], [ -70.620053463357934, -33.400333367714573 ], [ -70.620162603620642, -33.400174867726484 ], [ -70.620245470325997, -33.400048637612088 ], [ -70.620258349647486, -33.40001137596122 ], [ -70.620274622271509, -33.399985408781212 ], [ -70.620304294372659, -33.399941455317567 ], [ -70.620373717655326, -33.399830344135296 ], [ -70.620406318487568, -33.399778168227456 ], [ -70.62043700320983, -33.399726277068453 ], [ -70.620522425647692, -33.399589957011983 ], [ -70.62055054593641, -33.39955219593152 ], [ -70.620757503143281, -33.399276086121198 ], [ -70.621228860064463, -33.398641311951273 ], [ -70.622440465587303, -33.397414850931376 ], [ -70.623021639486765, -33.396827054465724 ], [ -70.622776186757036, -33.396629837538036 ], [ -70.622592777183598, -33.396481824528344 ] ] ] ] } },
{ "type": "Feature", "properties": { "OBJECTID": 86, "NOMBRE": "ZONAS ESPECIALES", "NOMBRE_ZON": "AREAS VERDES", "ZONA": "Z-AV", "Shape_STAr": 1536.6428947300001, "Shape_STLe": 193.97933958499999 }, "geometry": { "type": "MultiPolygon", "coordinates": [ [ [ [ -70.628932885818287, -33.404766615823206 ], [ -70.629662275490659, -33.404785104391379 ], [ -70.629666953195951, -33.404376741974104 ], [ -70.628932885818287, -33.404766615823206 ] ] ] ] } },
{ "type": "Feature", "properties": { "OBJECTID": 87, "NOMBRE": "ZONAS ESPECIALES", "NOMBRE_ZON": "AREAS VERDES", "ZONA": "Z-AV", "Shape_STAr": 61.776437132200002, "Shape_STLe": 37.426582462 }, "geometry": { "type": "MultiPolygon", "coordinates": [ [ [ [ -70.626527266288946, -33.404651950257055 ], [ -70.626669765060996, -33.404656428834848 ], [ -70.626652391556746, -33.40457182646589 ], [ -70.626527266288946, -33.404651950257055 ] ] ] ] } },
{ "type": "Feature", "properties": { "OBJECTID": 88, "NOMBRE": "AREAS DE EDIFICACIÓN BAJA", "NOMBRE_ZON": "AREA RINCONADA, POBL. LEMUS Y ZONA HAB. NORTE", "ZONA": "E-B1", "Shape_STAr": 317890.33647699998, "Shape_STLe": 4217.7365735599997 }, "geometry": { "type": "MultiPolygon", "coordinates": [ [ [ [ -70.629056748356618, -33.401917626999982 ], [ -70.627448290313566, -33.403078969262175 ], [ -70.625036143635995, -33.404861256232778 ], [ -70.623015573451866, -33.406354125215849 ], [ -70.622890155573458, -33.406415828356849 ], [ -70.622890863029539, -33.40641634487109 ], [ -70.622930623018817, -33.406445354374434 ], [ -70.622955451374608, -33.406463470259155 ], [ -70.622975554312148, -33.406478138022415 ], [ -70.622974115957533, -33.406479082124449 ], [ -70.622989660616227, -33.406496050585154 ], [ -70.623065163614157, -33.406579970472634 ], [ -70.623238925468314, -33.406775696470653 ], [ -70.623397965359629, -33.40695945453313 ], [ -70.623562135011682, -33.407150609722073 ], [ -70.623702018695155, -33.407303316298403 ], [ -70.623831967163184, -33.40744122559417 ], [ -70.623892590795123, -33.407500869332473 ], [ -70.623919287334473, -33.407507945543962 ], [ -70.623921109539566, -33.407508155263635 ], [ -70.623929093487092, -33.407503936569825 ], [ -70.624064720532672, -33.407417259468978 ], [ -70.624170556238269, -33.407349621345858 ], [ -70.624297739104449, -33.407268341116463 ], [ -70.62438258740319, -33.407214115566937 ], [ -70.624439772915963, -33.407281405624893 ], [ -70.6245436463755, -33.407403633627709 ], [ -70.624645817184529, -33.407523856512036 ], [ -70.624748032286888, -33.407644132835117 ], [ -70.624886812860737, -33.407807431885715 ], [ -70.625049863961308, -33.407999292258168 ], [ -70.6250814491668, -33.408036456108377 ], [ -70.625095560851477, -33.408053061586699 ], [ -70.625102362360764, -33.408055791613762 ], [ -70.625117842570589, -33.408070301332998 ], [ -70.625149304269769, -33.408099503583017 ], [ -70.625152699894059, -33.408103248603823 ], [ -70.625583750207412, -33.408042893295764 ], [ -70.62605060877587, -33.407980385176216 ], [ -70.626975894977278, -33.407852966275662 ], [ -70.629227301074494, -33.407542427685726 ], [ -70.631073908594701, -33.407281588125073 ], [ -70.632549683707097, -33.407071404667185 ], [ -70.632727263287919, -33.407043770065314 ], [ -70.629056748356618, -33.401917626999982 ] ], [ [ -70.629960632886863, -33.403523779389566 ], [ -70.62969098314511, -33.403137790110961 ], [ -70.629400159213077, -33.402722251027697 ], [ -70.629476983354394, -33.402684853806043 ], [ -70.629647666242661, -33.402912871686759 ], [ -70.629991210926249, -33.403371262493749 ], [ -70.630361747378743, -33.403867274652413 ], [ -70.630241228388016, -33.403924536902572 ], [ -70.629960632886863, -33.403523779389566 ] ], [ [ -70.624223655788256, -33.406053602468667 ], [ -70.624212492145503, -33.405955500926694 ], [ -70.624362032002679, -33.405970279068413 ], [ -70.624417044290212, -33.406034606234861 ], [ -70.624665987518611, -33.406340585202038 ], [ -70.624900284975823, -33.40662819120552 ], [ -70.625076575383716, -33.406847743078067 ], [ -70.625112706281314, -33.406863018470276 ], [ -70.625013338591771, -33.406889374128198 ], [ -70.624584390327669, -33.406450461173037 ], [ -70.624298130101124, -33.406157139156029 ], [ -70.624223655788256, -33.406053602468667 ] ], [ [ -70.629666953195951, -33.404376741974104 ], [ -70.629662275490659, -33.404785104391379 ], [ -70.628932885818287, -33.404766615823206 ], [ -70.629666953195951, -33.404376741974104 ] ], [ [ -70.629646717928708, -33.406289829691538 ], [ -70.62960019662853, -33.406065577547842 ], [ -70.630859192521712, -33.406088971982868 ], [ -70.629646717928708, -33.406289829691538 ] ], [ [ -70.631204470454151, -33.405300565252126 ], [ -70.630783958137997, -33.404694712093551 ], [ -70.630930480791122, -33.404695171111044 ], [ -70.631340178339897, -33.405258300913616 ], [ -70.631340020219511, -33.405258872952082 ], [ -70.631326646544224, -33.405304384920569 ], [ -70.631204470454151, -33.405300565252126 ] ], [ [ -70.631818355722643, -33.405950901083706 ], [ -70.631683110259033, -33.405975444251339 ], [ -70.631328927973442, -33.405478067963976 ], [ -70.631485833982225, -33.405466934657163 ], [ -70.631818355722643, -33.405950901083706 ] ], [ [ -70.630673839777074, -33.40435106837225 ], [ -70.630844992928445, -33.404595556568324 ], [ -70.630803522967, -33.404596078314469 ], [ -70.630766691801696, -33.404596610308964 ], [ -70.630730569411639, -33.40459703738054 ], [ -70.630712961377924, -33.404597219252956 ], [ -70.630664828936787, -33.404529024004532 ], [ -70.63062125994864, -33.40446739091675 ], [ -70.630581986613748, -33.404411857266787 ], [ -70.630461506384833, -33.404241667629861 ], [ -70.630351370569343, -33.404084722423818 ], [ -70.630447888144829, -33.404027857598898 ], [ -70.630673839777074, -33.40435106837225 ] ], [ [ -70.624218909498111, -33.405864412722465 ], [ -70.62408197351418, -33.405870056479571 ], [ -70.624046015305098, -33.405864085451974 ], [ -70.624022510789473, -33.405839338394472 ], [ -70.624012459006607, -33.405803678862412 ], [ -70.624014032934639, -33.405750686264682 ], [ -70.624120161534194, -33.405665323307034 ], [ -70.624218909498111, -33.405864412722465 ] ], [ [ -70.623877718870872, -33.405855550572724 ], [ -70.623907891674122, -33.405888997844229 ], [ -70.623592064674071, -33.40613344761671 ], [ -70.623553938928595, -33.406090736998308 ], [ -70.623877718870872, -33.405855550572724 ] ], [ [ -70.626652391556746, -33.40457182646589 ], [ -70.626669765060996, -33.404656428834848 ], [ -70.626527266288946, -33.404651950257055 ], [ -70.626652391556746, -33.40457182646589 ] ] ] ] } },
{ "type": "Feature", "properties": { "OBJECTID": 89, "NOMBRE": "ZONAS DE RESTRICCIÓN LADERA CERRO SAN CRISTÓBAL", "NOMBRE_ZON": "ZONA DE RESTRICCION CON EDIFICACION RESTRINGIDA", "ZONA": "Z-R2", "Shape_STAr": 3602.0698650099998, "Shape_STLe": 339.54684259800001 }, "geometry": { "type": "MultiPolygon", "coordinates": [ [ [ [ -70.622178765237194, -33.405779713334312 ], [ -70.621192604027215, -33.406172713127596 ], [ -70.621208015305399, -33.406184433977728 ], [ -70.621220317070481, -33.406193790270414 ], [ -70.621226665923686, -33.406198619591834 ], [ -70.621233276167729, -33.406200502807188 ], [ -70.621257612451487, -33.40620743549551 ], [ -70.621266707888026, -33.406210026634881 ], [ -70.621313805476817, -33.406211754031986 ], [ -70.621344308019999, -33.40621270449617 ], [ -70.621389412896292, -33.406213203457121 ], [ -70.621433777811305, -33.406213808570321 ], [ -70.621436053597861, -33.406213778822831 ], [ -70.621513212454261, -33.40620295194843 ], [ -70.621565181117674, -33.406195659447143 ], [ -70.621657508934035, -33.406182703358851 ], [ -70.621711852017967, -33.406175077640547 ], [ -70.621790699942778, -33.406164013875575 ], [ -70.621872585052017, -33.406152522560923 ], [ -70.621940828361005, -33.406142946499855 ], [ -70.621983598388368, -33.406136944681876 ], [ -70.622016596481828, -33.406134071033648 ], [ -70.622089264659991, -33.406127744062289 ], [ -70.622145486121994, -33.406137352918414 ], [ -70.622178646233053, -33.406143021097066 ], [ -70.622183426066542, -33.406144366354809 ], [ -70.622192791160472, -33.406147001696759 ], [ -70.622209367065963, -33.406151665659102 ], [ -70.622219707145589, -33.406154575032247 ], [ -70.622222734810364, -33.406155427352772 ], [ -70.622223944477483, -33.406156236712562 ], [ -70.622227894678488, -33.406158879737305 ], [ -70.622247201436252, -33.406171796750328 ], [ -70.62225679057903, -33.406178212356728 ], [ -70.622261913430293, -33.406181639972502 ], [ -70.622272470484617, -33.406192402391554 ], [ -70.622328275419392, -33.406249294428299 ], [ -70.622408355570329, -33.406330932748745 ], [ -70.622498550196653, -33.406422882872569 ], [ -70.622532414014103, -33.406403010792125 ], [ -70.622703393177929, -33.40630267259246 ], [ -70.622262364191087, -33.405802939860969 ], [ -70.622178765237194, -33.405779713334312 ] ] ] ] } },
{ "type": "Feature", "properties": { "OBJECTID": 90, "NOMBRE": "ZONAS DE RESTRICCIÓN LADERA CERRO SAN CRISTÓBAL", "NOMBRE_ZON": "ZONA DE RESTRICCION CON EDIFICACION RESTRINGIDA", "ZONA": "Z-R2", "Shape_STAr": 3284.8104638700001, "Shape_STLe": 354.86858572 }, "geometry": { "type": "MultiPolygon", "coordinates": [ [ [ [ -70.623921109539566, -33.407508155263635 ], [ -70.623919287334473, -33.407507945543962 ], [ -70.623892590795123, -33.407500869332473 ], [ -70.623831967163184, -33.40744122559417 ], [ -70.623702018695155, -33.407303316298403 ], [ -70.623562135011682, -33.407150609722073 ], [ -70.623397965359629, -33.40695945453313 ], [ -70.623238925468314, -33.406775696470653 ], [ -70.623065163614157, -33.406579970472634 ], [ -70.622989660616227, -33.406496050585154 ], [ -70.622974115957533, -33.406479082124449 ], [ -70.622970117439081, -33.406481705572268 ], [ -70.622968929508957, -33.406481024898042 ], [ -70.622965967762369, -33.406478225573231 ], [ -70.622956174101162, -33.406468970114673 ], [ -70.62294835805568, -33.406462384366534 ], [ -70.62294341668499, -33.406460680518251 ], [ -70.622754043789698, -33.406544533337168 ], [ -70.622824475347883, -33.406628149064119 ], [ -70.622969832733659, -33.406800714560276 ], [ -70.623152753481165, -33.407008260230214 ], [ -70.623331751265411, -33.407205220705279 ], [ -70.623416992867121, -33.40730156103848 ], [ -70.623471485247407, -33.40736954694372 ], [ -70.623493084671253, -33.407390770309078 ], [ -70.623528555077897, -33.40742562372494 ], [ -70.623555408719824, -33.407452009853976 ], [ -70.623671304105443, -33.407666933274939 ], [ -70.623956245564884, -33.407512205348119 ], [ -70.623944550431659, -33.407510856903812 ], [ -70.623921109539566, -33.407508155263635 ] ] ] ] } },
{ "type": "Feature", "properties": { "OBJECTID": 91, "NOMBRE": "ZONAS ESPECIALES", "NOMBRE_ZON": "AREAS VERDES", "ZONA": "Z-AV", "Shape_STAr": 653.06926650299999, "Shape_STLe": 107.849407785 }, "geometry": { "type": "MultiPolygon", "coordinates": [ [ [ [ -70.628235551179202, -33.412736504772298 ], [ -70.628218923888127, -33.412859955879348 ], [ -70.628271345176032, -33.412917697505137 ], [ -70.628362767536757, -33.41292297156383 ], [ -70.62836460313838, -33.412914214110479 ], [ -70.628498913910335, -33.412921866781311 ], [ -70.628613792799641, -33.412863317456008 ], [ -70.628657201753541, -33.412768820620457 ], [ -70.628412101522983, -33.412745209203663 ], [ -70.628410327718072, -33.412753647499287 ], [ -70.628235551179202, -33.412736504772298 ] ] ] ] } },
{ "type": "Feature", "properties": { "OBJECTID": 92, "NOMBRE": "ZONAS ESPECIALES", "NOMBRE_ZON": "AREAS VERDES", "ZONA": "Z-AV", "Shape_STAr": 1633.7716881700001, "Shape_STLe": 168.657359705 }, "geometry": { "type": "MultiPolygon", "coordinates": [ [ [ [ -70.624447238959547, -33.412599612550821 ], [ -70.624593258839553, -33.412797780979837 ], [ -70.624636497385112, -33.412791598008887 ], [ -70.624693039700503, -33.412658770253678 ], [ -70.624764496753428, -33.412574089014633 ], [ -70.624879453604322, -33.412513374984371 ], [ -70.624899772426502, -33.41235658467307 ], [ -70.624863483407651, -33.412338658145082 ], [ -70.624755134836136, -33.412327031547235 ], [ -70.624669820719603, -33.412327390627802 ], [ -70.624563928344358, -33.412327837009236 ], [ -70.624472305231606, -33.412330450203903 ], [ -70.624408847068409, -33.412334486417059 ], [ -70.624336953491778, -33.412370956608513 ], [ -70.624447238959547, -33.412599612550821 ] ] ] ] } },
{ "type": "Feature", "properties": { "OBJECTID": 93, "NOMBRE": "ZONAS ESPECIALES", "NOMBRE_ZON": "AREAS VERDES", "ZONA": "Z-AV", "Shape_STAr": 896.09066418299994, "Shape_STLe": 117.819284252 }, "geometry": { "type": "MultiPolygon", "coordinates": [ [ [ [ -70.626520768770646, -33.414260721652845 ], [ -70.626532689368659, -33.414336915456445 ], [ -70.626977337783998, -33.41426437221422 ], [ -70.626977256984844, -33.414252602543677 ], [ -70.626974451693727, -33.414228981544767 ], [ -70.626968125223613, -33.414205913565155 ], [ -70.626963730121702, -33.414194608115928 ], [ -70.626952388808888, -33.41417290095 ], [ -70.626937973998565, -33.414152456083059 ], [ -70.626920574698914, -33.414133721459578 ], [ -70.626889561391607, -33.414109340464286 ], [ -70.626853739208443, -33.414090155773088 ], [ -70.626814255894672, -33.414076877402039 ], [ -70.626786632995675, -33.414071568977704 ], [ -70.626744135303852, -33.414069007829539 ], [ -70.626723731629994, -33.414070232280721 ], [ -70.626701861814624, -33.414073048755149 ], [ -70.626674497708095, -33.41407942647799 ], [ -70.626648298025003, -33.414088562061757 ], [ -70.626635732898833, -33.414094066607717 ], [ -70.626623702526857, -33.414100279293315 ], [ -70.626600978305987, -33.414114484487499 ], [ -70.626580559716118, -33.414130999698919 ], [ -70.626571281936421, -33.414139962946749 ], [ -70.626562710957572, -33.414149460730428 ], [ -70.62654778632313, -33.414169605914367 ], [ -70.626535955995195, -33.414191161568063 ], [ -70.626527390760273, -33.414213771032131 ], [ -70.626522360281172, -33.41423707454657 ], [ -70.626520768770646, -33.414260721652845 ] ] ] ] } },
{ "type": "Feature", "properties": { "OBJECTID": 94, "NOMBRE": "AREAS DE EDIFICACIÓN MEDIA", "NOMBRE_ZON": "MEXICO CENTRO Y PONIENTE, DORSAL SUR Y AV. GUANACO", "ZONA": "E-M1", "Shape_STAr": 0.01025576014, "Shape_STLe": 1.31918621999 }, "geometry": { "type": "MultiPolygon", "coordinates": [ [ [ [ -70.641949728999208, -33.402422935547676 ], [ -70.641956645350646, -33.402422679868991 ], [ -70.641956615232431, -33.402422393484933 ], [ -70.641949728999208, -33.402422935547676 ] ] ] ] } },
{ "type": "Feature", "properties": { "OBJECTID": 95, "NOMBRE": "ZONAS ESPECIALES", "NOMBRE_ZON": "AREAS VERDES", "ZONA": "Z-AV", "Shape_STAr": 2885.8583262100001, "Shape_STLe": 323.41819192499997 }, "geometry": { "type": "MultiPolygon", "coordinates": [ [ [ [ -70.641949728999208, -33.402422935547676 ], [ -70.641274236028977, -33.402447885684865 ], [ -70.641234560310423, -33.402514421143465 ], [ -70.640684431256858, -33.402544116938905 ], [ -70.640675806290531, -33.402474594203049 ], [ -70.640613195345168, -33.40247396400131 ], [ -70.64061939148597, -33.402682475034766 ], [ -70.641051266572788, -33.402781306616319 ], [ -70.641132787975806, -33.402792704105707 ], [ -70.641144846537642, -33.40266788878057 ], [ -70.641977728031662, -33.402627828308063 ], [ -70.641956645350646, -33.402422679868991 ], [ -70.641949728999208, -33.402422935547676 ] ] ] ] } },
{ "type": "Feature", "properties": { "OBJECTID": 496, "NOMBRE": "ZONAS ESPECIALES", "NOMBRE_ZON": "SECTOR ESPECIAL ENTRECERROS", "ZONA": "U-Ea", "Shape_STAr": 71238.510292699997, "Shape_STLe": 1589.57422909 }, "geometry": { "type": "MultiPolygon", "coordinates": [ [ [ [ -70.640987445426205, -33.419310925887892 ], [ -70.640396975330518, -33.419565592660682 ], [ -70.640452538191042, -33.419645684271423 ], [ -70.640582606269973, -33.419865406379571 ], [ -70.64063789609051, -33.419960119276247 ], [ -70.640672005076212, -33.42007991178194 ], [ -70.640689445663611, -33.42023364241642 ], [ -70.64068259136576, -33.420317988386678 ], [ -70.640622045230387, -33.420494397343518 ], [ -70.640561641640289, -33.420670220900611 ], [ -70.640485772477788, -33.420862941881566 ], [ -70.640423407549378, -33.420974315868641 ], [ -70.640428923642375, -33.420974323168096 ], [ -70.640450493046572, -33.420928886829458 ], [ -70.640627765481554, -33.420998714384652 ], [ -70.641593663973865, -33.420854546937022 ], [ -70.641593137979314, -33.420853855883081 ], [ -70.643785368371383, -33.42049740560514 ], [ -70.644373932603713, -33.420391069255118 ], [ -70.644174563305455, -33.419708229146607 ], [ -70.644081034968664, -33.419093171235914 ], [ -70.643922386465889, -33.418049856834578 ], [ -70.643912082284999, -33.417982094639207 ], [ -70.643909993904018, -33.417981926623398 ], [ -70.643394462382687, -33.4180210398751 ], [ -70.643342963631895, -33.418161179455275 ], [ -70.643310581387368, -33.418189686103702 ], [ -70.643290146087068, -33.418253535889228 ], [ -70.642556922854368, -33.418587656131017 ], [ -70.642027588402414, -33.418828862744348 ], [ -70.641496302498396, -33.419076192045111 ], [ -70.640987445426205, -33.419310925887892 ] ], [ [ -70.640776162356659, -33.420914431197275 ], [ -70.640754663191473, -33.420893340455713 ], [ -70.64076006098793, -33.42086625381927 ], [ -70.640792501166175, -33.420757448095266 ], [ -70.640837761247639, -33.420622273679939 ], [ -70.640919948282232, -33.420362771344927 ], [ -70.640934279177429, -33.42023426482173 ], [ -70.641130683826219, -33.420204834720373 ], [ -70.6411413794753, -33.420354759524841 ], [ -70.64115262150419, -33.420515600060391 ], [ -70.641160011941039, -33.420618009681732 ], [ -70.641168381227672, -33.420745173306784 ], [ -70.641174277238235, -33.420862061740742 ], [ -70.640814950843563, -33.420919885422038 ], [ -70.640776162356659, -33.420914431197275 ] ], [ [ -70.64112896438813, -33.419977846979329 ], [ -70.640899332676724, -33.420013796841381 ], [ -70.640892175257108, -33.419937697708704 ], [ -70.640640284876426, -33.41949530778286 ], [ -70.640921505057534, -33.419373702703417 ], [ -70.64112896438813, -33.419977846979329 ] ] ] ] } },
{ "type": "Feature", "properties": { "OBJECTID": 1300, "NOMBRE": "ZONAS ESPECIALES", "NOMBRE_ZON": "AREAS VERDES", "ZONA": "Z-AV", "Shape_STAr": 430.22278472599999, "Shape_STLe": 86.698916193700001 }, "geometry": { "type": "MultiPolygon", "coordinates": [ [ [ [ -70.653111375149408, -33.394095641793513 ], [ -70.653377095513093, -33.394092256058528 ], [ -70.653416358377612, -33.39396214504616 ], [ -70.653094206220743, -33.39394260790111 ], [ -70.653111375149408, -33.394095641793513 ] ] ] ] } },
{ "type": "Feature", "properties": { "OBJECTID": 1301, "NOMBRE": "ZONAS ESPECIALES", "NOMBRE_ZON": "AREAS VERDES", "ZONA": "Z-AV", "Shape_STAr": 743.35957440499999, "Shape_STLe": 111.759953372 }, "geometry": { "type": "MultiPolygon", "coordinates": [ [ [ [ -70.650675087437904, -33.394289137208077 ], [ -70.651024241107805, -33.394284696916699 ], [ -70.651020347045545, -33.394095627382441 ], [ -70.650645847425182, -33.394079376852851 ], [ -70.650675087437904, -33.394289137208077 ] ] ] ] } },
{ "type": "Feature", "properties": { "OBJECTID": 1302, "NOMBRE": "ZONAS ESPECIALES", "NOMBRE_ZON": "AREAS VERDES", "ZONA": "Z-AV", "Shape_STAr": 366.67072660999997, "Shape_STLe": 89.158703075800005 }, "geometry": { "type": "MultiPolygon", "coordinates": [ [ [ [ -70.64946710507698, -33.393828253115672 ], [ -70.649810032359269, -33.39389635495241 ], [ -70.64980887409142, -33.393797008295437 ], [ -70.64946213000718, -33.393720170640627 ], [ -70.64946710507698, -33.393828253115672 ] ] ] ] } },
{ "type": "Feature", "properties": { "OBJECTID": 1303, "NOMBRE": "ZONAS ESPECIALES", "NOMBRE_ZON": "AREAS VERDES", "ZONA": "Z-AV", "Shape_STAr": 246.35514040800001, "Shape_STLe": 95.367384415000004 }, "geometry": { "type": "MultiPolygon", "coordinates": [ [ [ [ -70.649418803572175, -33.394118614269516 ], [ -70.649624441023448, -33.394177773865252 ], [ -70.649853207354639, -33.394158471876587 ], [ -70.649850942950138, -33.394108684785166 ], [ -70.649616974074505, -33.394120807015291 ], [ -70.649415733713539, -33.394059870054697 ], [ -70.649418803572175, -33.394118614269516 ] ] ] ] } },
{ "type": "Feature", "properties": { "OBJECTID": 1304, "NOMBRE": "ZONAS ESPECIALES", "NOMBRE_ZON": "AREAS VERDES", "ZONA": "Z-AV", "Shape_STAr": 307.76497284300001, "Shape_STLe": 98.165103623099995 }, "geometry": { "type": "MultiPolygon", "coordinates": [ [ [ [ -70.648803074911157, -33.393977080940275 ], [ -70.648806764470621, -33.394048677972648 ], [ -70.649108516777801, -33.394029265923649 ], [ -70.649242160344912, -33.394067782407504 ], [ -70.649238611836068, -33.393998719471654 ], [ -70.649128101359366, -33.393963894217094 ], [ -70.648803074911157, -33.393977080940275 ] ] ] ] } },
{ "type": "Feature", "properties": { "OBJECTID": 1305, "NOMBRE": "ZONAS ESPECIALES", "NOMBRE_ZON": "AREAS VERDES", "ZONA": "Z-AV", "Shape_STAr": 438.35920042800001, "Shape_STLe": 100.184401576 }, "geometry": { "type": "MultiPolygon", "coordinates": [ [ [ [ -70.649184749592649, -33.393777495449783 ], [ -70.649357591025804, -33.393816058018267 ], [ -70.649353684273279, -33.393699357854636 ], [ -70.649166924625433, -33.393674105551433 ], [ -70.648951126707274, -33.393672771321093 ], [ -70.648953779984367, -33.393775902063638 ], [ -70.649184749592649, -33.393777495449783 ] ] ] ] } },
{ "type": "Feature", "properties": { "OBJECTID": 1306, "NOMBRE": "ZONAS ESPECIALES", "NOMBRE_ZON": "AREAS VERDES", "ZONA": "Z-AV", "Shape_STAr": 442.17806570699997, "Shape_STLe": 95.754446384299996 }, "geometry": { "type": "MultiPolygon", "coordinates": [ [ [ [ -70.648457555445049, -33.393675235059824 ], [ -70.648462070749872, -33.393791203917694 ], [ -70.648841627589732, -33.393781856679084 ], [ -70.648838400669135, -33.393672482053944 ], [ -70.648457555445049, -33.393675235059824 ] ] ] ] } },
{ "type": "Feature", "properties": { "OBJECTID": 1307, "NOMBRE": "ZONAS ESPECIALES", "NOMBRE_ZON": "AREAS VERDES", "ZONA": "Z-AV", "Shape_STAr": 308.781418089, "Shape_STLe": 87.360650702499996 }, "geometry": { "type": "MultiPolygon", "coordinates": [ [ [ [ -70.648255860187646, -33.393993087165626 ], [ -70.648259849550797, -33.394075006219559 ], [ -70.648633471678096, -33.394057217929387 ], [ -70.648629651811618, -33.393979282739863 ], [ -70.648255860187646, -33.393993087165626 ] ] ] ] } },
{ "type": "Feature", "properties": { "OBJECTID": 1308, "NOMBRE": "ZONAS ESPECIALES", "NOMBRE_ZON": "AREAS VERDES", "ZONA": "Z-AV", "Shape_STAr": 304.64449723600001, "Shape_STLe": 82.749569963300004 }, "geometry": { "type": "MultiPolygon", "coordinates": [ [ [ [ -70.647701827396787, -33.394018235926083 ], [ -70.647706973049438, -33.39410892620382 ], [ -70.648047513976593, -33.394086849807216 ], [ -70.648043345760584, -33.394004842935672 ], [ -70.647701827396787, -33.394018235926083 ] ] ] ] } },
{ "type": "Feature", "properties": { "OBJECTID": 1309, "NOMBRE": "ZONAS ESPECIALES", "NOMBRE_ZON": "AREAS VERDES", "ZONA": "Z-AV", "Shape_STAr": 413.12190138, "Shape_STLe": 91.8375823035 }, "geometry": { "type": "MultiPolygon", "coordinates": [ [ [ [ -70.647985288949684, -33.393678695348711 ], [ -70.647991268671191, -33.393792653536678 ], [ -70.648351676045451, -33.393783547729797 ], [ -70.648347780599849, -33.393676086633235 ], [ -70.647985288949684, -33.393678695348711 ] ] ] ] } },
{ "type": "Feature", "properties": { "OBJECTID": 1310, "NOMBRE": "ZONAS ESPECIALES", "NOMBRE_ZON": "AREAS VERDES", "ZONA": "Z-AV", "Shape_STAr": 376.89973037800002, "Shape_STLe": 96.320578310800002 }, "geometry": { "type": "MultiPolygon", "coordinates": [ [ [ [ -70.647338720553734, -33.393749489528901 ], [ -70.647343630864839, -33.393841631300077 ], [ -70.647754735014928, -33.393813771427048 ], [ -70.647749438426899, -33.393728698863498 ], [ -70.647338720553734, -33.393749489528901 ] ] ] ] } },
{ "type": "Feature", "properties": { "OBJECTID": 1311, "NOMBRE": "ZONAS ESPECIALES", "NOMBRE_ZON": "AREAS VERDES", "ZONA": "Z-AV", "Shape_STAr": 395.66012633700001, "Shape_STLe": 92.366145811199999 }, "geometry": { "type": "MultiPolygon", "coordinates": [ [ [ [ -70.647102583616785, -33.394053012491703 ], [ -70.647109858585267, -33.394160975291754 ], [ -70.647481640258277, -33.394127092837373 ], [ -70.647475924397312, -33.394030159517079 ], [ -70.647102583616785, -33.394053012491703 ] ] ] ] } },
{ "type": "Feature", "properties": { "OBJECTID": 1312, "NOMBRE": "ZONAS ESPECIALES", "NOMBRE_ZON": "AREAS VERDES", "ZONA": "Z-AV", "Shape_STAr": 329.024774052, "Shape_STLe": 86.904513512899996 }, "geometry": { "type": "MultiPolygon", "coordinates": [ [ [ [ -70.646868025950951, -33.393773215030592 ], [ -70.646872404697177, -33.393861198319755 ], [ -70.647233690816293, -33.393843027889268 ], [ -70.647229575474867, -33.393754950036673 ], [ -70.646868025950951, -33.393773215030592 ] ] ] ] } },
{ "type": "Feature", "properties": { "OBJECTID": 1313, "NOMBRE": "ZONAS ESPECIALES", "NOMBRE_ZON": "AREAS VERDES", "ZONA": "Z-AV", "Shape_STAr": 316.69927073100001, "Shape_STLe": 87.090784034899997 }, "geometry": { "type": "MultiPolygon", "coordinates": [ [ [ [ -70.646557854430412, -33.394073509945976 ], [ -70.646563392722328, -33.394157491757937 ], [ -70.646931024300329, -33.394132990978967 ], [ -70.646925787914313, -33.394050726780065 ], [ -70.646557854430412, -33.394073509945976 ] ] ] ] } },
{ "type": "Feature", "properties": { "OBJECTID": 1314, "NOMBRE": "ZONAS ESPECIALES", "NOMBRE_ZON": "AREAS VERDES", "ZONA": "Z-AV", "Shape_STAr": 1204.86227493, "Shape_STLe": 223.12547567600001 }, "geometry": { "type": "MultiPolygon", "coordinates": [ [ [ [ -70.645875033535674, -33.393588445127364 ], [ -70.645881009085528, -33.393900943823681 ], [ -70.646713788824869, -33.39386320990149 ], [ -70.646708473146745, -33.393755584498003 ], [ -70.645999860361272, -33.393780692194838 ], [ -70.64599583908344, -33.393584921564866 ], [ -70.645875033535674, -33.393588445127364 ] ] ] ] } },
{ "type": "Feature", "properties": { "OBJECTID": 1315, "NOMBRE": "ZONAS ESPECIALES", "NOMBRE_ZON": "AREAS VERDES", "ZONA": "Z-AV", "Shape_STAr": 308.10776068000001, "Shape_STLe": 94.147862024000005 }, "geometry": { "type": "MultiPolygon", "coordinates": [ [ [ [ -70.645962056362976, -33.394094651876905 ], [ -70.645967520781099, -33.394170754490531 ], [ -70.646386828330989, -33.394127578173865 ], [ -70.646380781453786, -33.394062168227777 ], [ -70.645962056362976, -33.394094651876905 ] ] ] ] } },
{ "type": "Feature", "properties": { "OBJECTID": 1316, "NOMBRE": "ZONAS ESPECIALES", "NOMBRE_ZON": "AREAS VERDES", "ZONA": "Z-AV", "Shape_STAr": 259.17333892599999, "Shape_STLe": 96.0700282034 }, "geometry": { "type": "MultiPolygon", "coordinates": [ [ [ [ -70.645254289258091, -33.394130795202862 ], [ -70.645257326707451, -33.394196696042592 ], [ -70.645704911286998, -33.394152890015206 ], [ -70.645702105661456, -33.394107003198187 ], [ -70.645254289258091, -33.394130795202862 ] ] ] ] } },
{ "type": "Feature", "properties": { "OBJECTID": 1317, "NOMBRE": "ZONAS ESPECIALES", "NOMBRE_ZON": "AREAS VERDES", "ZONA": "Z-AV", "Shape_STAr": 1032.8944206799999, "Shape_STLe": 263.296531797 }, "geometry": { "type": "MultiPolygon", "coordinates": [ [ [ [ -70.645230654520702, -33.393826309835354 ], [ -70.645238840557425, -33.393922669449253 ], [ -70.645692961875483, -33.393907855503009 ], [ -70.645652396016231, -33.393582211452845 ], [ -70.645535427337848, -33.393403551415744 ], [ -70.645367104630012, -33.393146449090871 ], [ -70.645290050964689, -33.393172967557518 ], [ -70.64558185438139, -33.39359768645771 ], [ -70.645599158360682, -33.393796914423696 ], [ -70.645566493334996, -33.393808377998532 ], [ -70.645230654520702, -33.393826309835354 ] ] ] ] } },
{ "type": "Feature", "properties": { "OBJECTID": 1318, "NOMBRE": "ZONAS ESPECIALES", "NOMBRE_ZON": "AREAS VERDES", "ZONA": "Z-AV", "Shape_STAr": 2399.1698903699998, "Shape_STLe": 437.10405531100002 }, "geometry": { "type": "MultiPolygon", "coordinates": [ [ [ [ -70.643617980438734, -33.393982490722486 ], [ -70.643660181429055, -33.393997318722327 ], [ -70.643767857827299, -33.394022939941912 ], [ -70.643920273863031, -33.394054891635605 ], [ -70.643967653643145, -33.394062634646794 ], [ -70.644006372692374, -33.394065087717131 ], [ -70.644047219346049, -33.394064569900344 ], [ -70.644148062892256, -33.394061269358943 ], [ -70.644251834606521, -33.394056005417028 ], [ -70.644745640423352, -33.394022366283075 ], [ -70.645145903506986, -33.393996307303006 ], [ -70.645141794806008, -33.393903678609476 ], [ -70.644674896794982, -33.393937497398866 ], [ -70.644345855004872, -33.393961699178554 ], [ -70.644190332059935, -33.39397313759406 ], [ -70.64397244547537, -33.393989162835631 ], [ -70.643932504485974, -33.393982222190438 ], [ -70.643706684706245, -33.393942982230527 ], [ -70.643710851008947, -33.393653272631497 ], [ -70.643238839462356, -33.393800072295356 ], [ -70.64307028357689, -33.393852493486101 ], [ -70.643243773510264, -33.393891477191211 ], [ -70.643361652640323, -33.393917964669917 ], [ -70.643583653292097, -33.39396781902898 ], [ -70.643617980438734, -33.393982490722486 ] ] ] ] } },
{ "type": "Feature", "properties": { "OBJECTID": 1319, "NOMBRE": "ZONAS ESPECIALES", "NOMBRE_ZON": "AREAS VERDES", "ZONA": "Z-AV", "Shape_STAr": 2057.31028277, "Shape_STLe": 181.50245761299999 }, "geometry": { "type": "MultiPolygon", "coordinates": [ [ [ [ -70.645939837940503, -33.394640735818967 ], [ -70.645972245420978, -33.39505271035074 ], [ -70.646437522510425, -33.395036755362796 ], [ -70.646441021806012, -33.394624325228563 ], [ -70.645939837940503, -33.394640735818967 ] ] ] ] } },
{ "type": "Feature", "properties": { "OBJECTID": 1320, "NOMBRE": "ZONAS ESPECIALES", "NOMBRE_ZON": "AREAS VERDES", "ZONA": "Z-AV", "Shape_STAr": 261.12072994300001, "Shape_STLe": 84.481377473400002 }, "geometry": { "type": "MultiPolygon", "coordinates": [ [ [ [ -70.64469288159728, -33.39414243681761 ], [ -70.644696654241599, -33.394213942744358 ], [ -70.645069406563152, -33.394192645127021 ], [ -70.645065344217329, -33.394128659835495 ], [ -70.64469288159728, -33.39414243681761 ] ] ] ] } },
{ "type": "Feature", "properties": { "OBJECTID": 1321, "NOMBRE": "ZONAS ESPECIALES", "NOMBRE_ZON": "AREAS VERDES", "ZONA": "Z-AV", "Shape_STAr": 313.49111847199998, "Shape_STLe": 93.244724804599997 }, "geometry": { "type": "MultiPolygon", "coordinates": [ [ [ [ -70.644105334596489, -33.394172522078293 ], [ -70.644109828758531, -33.394248911815872 ], [ -70.644522242202001, -33.394224124121195 ], [ -70.644518402028808, -33.394153705790671 ], [ -70.644105334596489, -33.394172522078293 ] ] ] ] } },
{ "type": "Feature", "properties": { "OBJECTID": 1322, "NOMBRE": "ZONAS ESPECIALES", "NOMBRE_ZON": "AREAS VERDES", "ZONA": "Z-AV", "Shape_STAr": 238.65279610299999, "Shape_STLe": 87.227751869100004 }, "geometry": { "type": "MultiPolygon", "coordinates": [ [ [ [ -70.64368631086208, -33.394182946788831 ], [ -70.643907697725041, -33.394230820140372 ], [ -70.643903454225423, -33.394179607153909 ], [ -70.64352458502421, -33.394075716765556 ], [ -70.643529817751215, -33.39414910536955 ], [ -70.643587365247981, -33.394161549461678 ], [ -70.64368631086208, -33.394182946788831 ] ] ] ] } },
{ "type": "Feature", "properties": { "OBJECTID": 1323, "NOMBRE": "ZONAS ESPECIALES", "NOMBRE_ZON": "AREAS VERDES", "ZONA": "Z-AV", "Shape_STAr": 587.43006456000001, "Shape_STLe": 138.129291212 }, "geometry": { "type": "MultiPolygon", "coordinates": [ [ [ [ -70.643255863648179, -33.394105515088292 ], [ -70.643370568419428, -33.394120417260758 ], [ -70.643363261717056, -33.394027941763014 ], [ -70.643250591787634, -33.394013814360058 ], [ -70.64277287159301, -33.393953896609027 ], [ -70.642718385741034, -33.393999872944832 ], [ -70.642721523990687, -33.394036152731559 ], [ -70.643255863648179, -33.394105515088292 ] ] ] ] } },
{ "type": "Feature", "properties": { "OBJECTID": 1324, "NOMBRE": "ZONAS ESPECIALES", "NOMBRE_ZON": "AREAS VERDES", "ZONA": "Z-AV", "Shape_STAr": 1479.2508619099999, "Shape_STLe": 230.998865534 }, "geometry": { "type": "MultiPolygon", "coordinates": [ [ [ [ -70.644837528076778, -33.393287028952663 ], [ -70.643876534255938, -33.393580798504857 ], [ -70.644997846554887, -33.393536434579737 ], [ -70.644837528076778, -33.393287028952663 ] ] ] ] } },
{ "type": "Feature", "properties": { "OBJECTID": 1325, "NOMBRE": "ZONAS ESPECIALES", "NOMBRE_ZON": "AREAS VERDES", "ZONA": "Z-AV", "Shape_STAr": 340.18228847099999, "Shape_STLe": 107.161968812 }, "geometry": { "type": "MultiPolygon", "coordinates": [ [ [ [ -70.645596969354145, -33.393107305503833 ], [ -70.645813913760762, -33.39346241493282 ], [ -70.645908736665191, -33.393459039526668 ], [ -70.645667475107018, -33.393085670551123 ], [ -70.645596969354145, -33.393107305503833 ] ] ] ] } },
{ "type": "Feature", "properties": { "OBJECTID": 1326, "NOMBRE": "ZONAS ESPECIALES", "NOMBRE_ZON": "AREAS VERDES", "ZONA": "Z-AV", "Shape_STAr": 2310.2823252200001, "Shape_STLe": 228.89546361399999 }, "geometry": { "type": "MultiPolygon", "coordinates": [ [ [ [ -70.646795407380111, -33.392714827589216 ], [ -70.646787015649338, -33.392731095308868 ], [ -70.647415481429078, -33.392698150012379 ], [ -70.647730749454425, -33.392681621842506 ], [ -70.647717671537606, -33.392426860958167 ], [ -70.64771226021449, -33.392321458980838 ], [ -70.647005247926629, -33.392531689127189 ], [ -70.646840488861514, -33.392627433208688 ], [ -70.646795407380111, -33.392714827589216 ] ] ] ] } },
{ "type": "Feature", "properties": { "OBJECTID": 1327, "NOMBRE": "ZONAS ESPECIALES", "NOMBRE_ZON": "AREAS VERDES", "ZONA": "Z-AV", "Shape_STAr": 271.84409023799998, "Shape_STLe": 74.137455658999997 }, "geometry": { "type": "MultiPolygon", "coordinates": [ [ [ [ -70.645005640386387, -33.392797244768254 ], [ -70.645160062402681, -33.393001345445569 ], [ -70.645263642951733, -33.392966613113103 ], [ -70.645110683705752, -33.392764666588938 ], [ -70.645005640386387, -33.392797244768254 ] ] ] ] } },
{ "type": "Feature", "properties": { "OBJECTID": 1328, "NOMBRE": "ZONAS ESPECIALES", "NOMBRE_ZON": "AREAS VERDES", "ZONA": "Z-AV", "Shape_STAr": 241.59202282300001, "Shape_STLe": 78.083974475000005 }, "geometry": { "type": "MultiPolygon", "coordinates": [ [ [ [ -70.645371980231985, -33.392679837340296 ], [ -70.645523745071031, -33.392931613026512 ], [ -70.645600679382127, -33.392907903407789 ], [ -70.64545199883861, -33.392655273459624 ], [ -70.645371980231985, -33.392679837340296 ] ] ] ] } },
{ "type": "Feature", "properties": { "OBJECTID": 1329, "NOMBRE": "ZONAS ESPECIALES", "NOMBRE_ZON": "AREAS VERDES", "ZONA": "Z-AV", "Shape_STAr": 269.87605550699999, "Shape_STLe": 80.777529573400003 }, "geometry": { "type": "MultiPolygon", "coordinates": [ [ [ [ -70.645154255184693, -33.392338322597581 ], [ -70.645321091192983, -33.392589906838744 ], [ -70.645398886631696, -33.392565010840173 ], [ -70.645247637546191, -33.392307973149123 ], [ -70.645154255184693, -33.392338322597581 ] ] ] ] } },
{ "type": "Feature", "properties": { "OBJECTID": 1330, "NOMBRE": "ZONAS ESPECIALES", "NOMBRE_ZON": "AREAS VERDES", "ZONA": "Z-AV", "Shape_STAr": 396.56189515400001, "Shape_STLe": 90.934994841199995 }, "geometry": { "type": "MultiPolygon", "coordinates": [ [ [ [ -70.644743307301027, -33.392425409491544 ], [ -70.644922874467724, -33.39268371641721 ], [ -70.645051253531705, -33.39264314257634 ], [ -70.644856840747337, -33.392387378325012 ], [ -70.644743307301027, -33.392425409491544 ] ] ] ] } },
{ "type": "Feature", "properties": { "OBJECTID": 1336, "NOMBRE": "ZONAS ESPECIALES", "NOMBRE_ZON": "AREAS VERDES", "ZONA": "Z-AV", "Shape_STAr": 422.69935560200003, "Shape_STLe": 80.864270811799997 }, "geometry": { "type": "MultiPolygon", "coordinates": [ [ [ [ -70.642110334929214, -33.395984810534991 ], [ -70.642112846088637, -33.396107324706293 ], [ -70.642357224883682, -33.396087840613596 ], [ -70.642353739358825, -33.395917785687971 ], [ -70.642181785038971, -33.395922678119121 ], [ -70.642110334929214, -33.395984810534991 ] ] ] ] } },
{ "type": "Feature", "properties": { "OBJECTID": 1337, "NOMBRE": "ZONAS ESPECIALES", "NOMBRE_ZON": "AREAS VERDES", "ZONA": "Z-AV", "Shape_STAr": 1842.11805688, "Shape_STLe": 178.304663656 }, "geometry": { "type": "MultiPolygon", "coordinates": [ [ [ [ -70.6442716131791, -33.397992395076528 ], [ -70.644374641246799, -33.398474849126416 ], [ -70.644715829814984, -33.39845748327302 ], [ -70.644627513923794, -33.397935624629575 ], [ -70.6442716131791, -33.397992395076528 ] ] ] ] } },
{ "type": "Feature", "properties": { "OBJECTID": 1338, "NOMBRE": "ZONAS ESPECIALES", "NOMBRE_ZON": "AREAS VERDES", "ZONA": "Z-AV", "Shape_STAr": 1297.50305594, "Shape_STLe": 229.556165714 }, "geometry": { "type": "MultiPolygon", "coordinates": [ [ [ [ -70.656372367350741, -33.378897898046979 ], [ -70.656381880995625, -33.379013565506668 ], [ -70.656825098753714, -33.379001937432307 ], [ -70.657472496303953, -33.378984949253336 ], [ -70.65747446959287, -33.378871413720802 ], [ -70.656825389009484, -33.378887012997943 ], [ -70.656372367350741, -33.378897898046979 ] ] ] ] } },
{ "type": "Feature", "properties": { "OBJECTID": 1339, "NOMBRE": "ZONAS ESPECIALES", "NOMBRE_ZON": "AREAS VERDES", "ZONA": "Z-AV", "Shape_STAr": 707.91371631300001, "Shape_STLe": 136.37707661300001 }, "geometry": { "type": "MultiPolygon", "coordinates": [ [ [ [ -70.656838075023586, -33.380458745306953 ], [ -70.656838501540378, -33.38050361300045 ], [ -70.656837962716466, -33.380571201728124 ], [ -70.65743014153631, -33.380535473948783 ], [ -70.657431930929548, -33.380416326088231 ], [ -70.656838075023586, -33.380458745306953 ] ] ] ] } },
{ "type": "Feature", "properties": { "OBJECTID": 1340, "NOMBRE": "ZONAS ESPECIALES", "NOMBRE_ZON": "AREAS VERDES", "ZONA": "Z-AV", "Shape_STAr": 431.26358417699998, "Shape_STLe": 95.088371677500007 }, "geometry": { "type": "MultiPolygon", "coordinates": [ [ [ [ -70.656837962716466, -33.380571201728124 ], [ -70.656838501540378, -33.38050361300045 ], [ -70.656838074784133, -33.380458732684502 ], [ -70.656455030685819, -33.380486083793201 ], [ -70.656464063111073, -33.380593758382183 ], [ -70.656837962716466, -33.380571201728124 ] ] ] ] } },
{ "type": "Feature", "properties": { "OBJECTID": 1341, "NOMBRE": "ZONAS ESPECIALES", "NOMBRE_ZON": "AREAS VERDES", "ZONA": "Z-AV", "Shape_STAr": 578.62739156400005, "Shape_STLe": 106.949359007 }, "geometry": { "type": "MultiPolygon", "coordinates": [ [ [ [ -70.655917823199545, -33.38047911920863 ], [ -70.65592407622367, -33.380622569669356 ], [ -70.656335474955426, -33.380583827638695 ], [ -70.656327787483633, -33.380455238719286 ], [ -70.655917823199545, -33.38047911920863 ] ] ] ] } },
{ "type": "Feature", "properties": { "OBJECTID": 1342, "NOMBRE": "ZONAS ESPECIALES", "NOMBRE_ZON": "AREAS VERDES", "ZONA": "Z-AV", "Shape_STAr": 514.05629493699996, "Shape_STLe": 99.140776077699996 }, "geometry": { "type": "MultiPolygon", "coordinates": [ [ [ [ -70.655463686668782, -33.380505697930708 ], [ -70.655472945160369, -33.380635345460263 ], [ -70.655846254255636, -33.380620227162296 ], [ -70.655837021978272, -33.380483883211554 ], [ -70.655463686668782, -33.380505697930708 ] ] ] ] } },
{ "type": "Feature", "properties": { "OBJECTID": 1343, "NOMBRE": "ZONAS ESPECIALES", "NOMBRE_ZON": "AREAS VERDES", "ZONA": "Z-AV", "Shape_STAr": 568.64611450100006, "Shape_STLe": 106.743121796 }, "geometry": { "type": "MultiPolygon", "coordinates": [ [ [ [ -70.654965389619846, -33.380534747885008 ], [ -70.654975327494284, -33.380663243781001 ], [ -70.655389509088309, -33.380646859372888 ], [ -70.655380841431594, -33.380510549328513 ], [ -70.654965389619846, -33.380534747885008 ] ] ] ] } },
{ "type": "Feature", "properties": { "OBJECTID": 1344, "NOMBRE": "ZONAS ESPECIALES", "NOMBRE_ZON": "AREAS VERDES", "ZONA": "Z-AV", "Shape_STAr": 108.53381680699999, "Shape_STLe": 42.832822167800003 }, "geometry": { "type": "MultiPolygon", "coordinates": [ [ [ [ -70.655823403074407, -33.380831551033125 ], [ -70.655845399595762, -33.380907070088611 ], [ -70.655974705695598, -33.38090483865377 ], [ -70.655971292160842, -33.380829005803839 ], [ -70.655823403074407, -33.380831551033125 ] ] ] ] } },
{ "type": "Feature", "properties": { "OBJECTID": 1345, "NOMBRE": "ZONAS ESPECIALES", "NOMBRE_ZON": "AREAS VERDES", "ZONA": "Z-AV", "Shape_STAr": 503.57691753, "Shape_STLe": 102.33577325900001 }, "geometry": { "type": "MultiPolygon", "coordinates": [ [ [ [ -70.655936389615107, -33.381793632617224 ], [ -70.655989589960683, -33.382130654456844 ], [ -70.656132841740671, -33.382124086483195 ], [ -70.656079427732948, -33.381784895952954 ], [ -70.655936389615107, -33.381793632617224 ] ] ] ] } },
{ "type": "Feature", "properties": { "OBJECTID": 1346, "NOMBRE": "ZONAS ESPECIALES", "NOMBRE_ZON": "AREAS VERDES", "ZONA": "Z-AV", "Shape_STAr": 526.19143358300005, "Shape_STLe": 104.251066489 }, "geometry": { "type": "MultiPolygon", "coordinates": [ [ [ [ -70.654836901162156, -33.380542322438686 ], [ -70.65447348611589, -33.380562501241045 ], [ -70.654482753623498, -33.380685381393796 ], [ -70.654739976918862, -33.380671523724473 ], [ -70.654820689261513, -33.380668182906582 ], [ -70.654894718633187, -33.380665634591054 ], [ -70.654884984487794, -33.380542892369562 ], [ -70.654851336610363, -33.380543402418375 ], [ -70.654851174607558, -33.38054148998738 ], [ -70.654836901162156, -33.380542322438686 ] ] ] ] } },
{ "type": "Feature", "properties": { "OBJECTID": 1347, "NOMBRE": "ZONAS ESPECIALES", "NOMBRE_ZON": "AREAS VERDES", "ZONA": "Z-AV", "Shape_STAr": 336.72994850100002, "Shape_STLe": 98.781198251399999 }, "geometry": { "type": "MultiPolygon", "coordinates": [ [ [ [ -70.654492674319386, -33.380943069654045 ], [ -70.654541784938885, -33.381313015897398 ], [ -70.654618624279465, -33.381309192054168 ], [ -70.654591350268745, -33.380938871716545 ], [ -70.654492674319386, -33.380943069654045 ] ] ] ] } },
{ "type": "Feature", "properties": { "OBJECTID": 1348, "NOMBRE": "ZONAS ESPECIALES", "NOMBRE_ZON": "AREAS VERDES", "ZONA": "Z-AV", "Shape_STAr": 871.46977963300003, "Shape_STLe": 118.344371384 }, "geometry": { "type": "MultiPolygon", "coordinates": [ [ [ [ -70.656299210097586, -33.382647021042672 ], [ -70.656339372407089, -33.382904881588075 ], [ -70.656664386297408, -33.382880028826648 ], [ -70.656643001282319, -33.382636032293966 ], [ -70.656299210097586, -33.382647021042672 ] ] ] ] } },
{ "type": "Feature", "properties": { "OBJECTID": 1349, "NOMBRE": "ZONAS ESPECIALES", "NOMBRE_ZON": "AREAS VERDES", "ZONA": "Z-AV", "Shape_STAr": 605.54954483300003, "Shape_STLe": 181.14760725599999 }, "geometry": { "type": "MultiPolygon", "coordinates": [ [ [ [ -70.65509880717471, -33.382688751074021 ], [ -70.655102540732472, -33.382758530177178 ], [ -70.655992810447302, -33.382697974163442 ], [ -70.655993853601672, -33.382636429112779 ], [ -70.65509880717471, -33.382688751074021 ] ] ] ] } },
{ "type": "Feature", "properties": { "OBJECTID": 1350, "NOMBRE": "ZONAS ESPECIALES", "NOMBRE_ZON": "AREAS VERDES", "ZONA": "Z-AV", "Shape_STAr": 405.83710269699998, "Shape_STLe": 87.390582396200003 }, "geometry": { "type": "MultiPolygon", "coordinates": [ [ [ [ -70.655472339848501, -33.383357764544556 ], [ -70.655797302980119, -33.383362844716324 ], [ -70.655787979585739, -33.383230957991017 ], [ -70.655463116695501, -33.383247869438328 ], [ -70.655472339848501, -33.383357764544556 ] ] ] ] } },
{ "type": "Feature", "properties": { "OBJECTID": 1351, "NOMBRE": "ZONAS ESPECIALES", "NOMBRE_ZON": "AREAS VERDES", "ZONA": "Z-AV", "Shape_STAr": 627.35513622999997, "Shape_STLe": 105.536324162 }, "geometry": { "type": "MultiPolygon", "coordinates": [ [ [ [ -70.655198150452165, -33.384015569200237 ], [ -70.655390021142878, -33.384022643017893 ], [ -70.655385539882644, -33.383946328416485 ], [ -70.655381218825568, -33.383872737014343 ], [ -70.655377771583957, -33.383827663423574 ], [ -70.655350875130878, -33.383695900173059 ], [ -70.655173906639959, -33.383703294004775 ], [ -70.655198150452165, -33.384015569200237 ] ] ] ] } },
{ "type": "Feature", "properties": { "OBJECTID": 1352, "NOMBRE": "ZONAS ESPECIALES", "NOMBRE_ZON": "AREAS VERDES", "ZONA": "Z-AV", "Shape_STAr": 397.39235897600003, "Shape_STLe": 95.8498494607 }, "geometry": { "type": "MultiPolygon", "coordinates": [ [ [ [ -70.654619552242039, -33.382795012390424 ], [ -70.654652950830894, -33.383129385955229 ], [ -70.654773803680044, -33.383119564080054 ], [ -70.654726861843287, -33.382785514549262 ], [ -70.654619552242039, -33.382795012390424 ] ] ] ] } },
{ "type": "Feature", "properties": { "OBJECTID": 1354, "NOMBRE": "ZONAS ESPECIALES", "NOMBRE_ZON": "AREAS VERDES", "ZONA": "Z-AV", "Shape_STAr": 482.96573705399999, "Shape_STLe": 102.90610614800001 }, "geometry": { "type": "MultiPolygon", "coordinates": [ [ [ [ -70.655839914611434, -33.378913798591668 ], [ -70.655847541978702, -33.379027529786995 ], [ -70.656266790717751, -33.379016552702758 ], [ -70.656260755816533, -33.37890769543754 ], [ -70.655839914611434, -33.378913798591668 ] ] ] ] } },
{ "type": "Feature", "properties": { "OBJECTID": 1355, "NOMBRE": "ZONAS ESPECIALES", "NOMBRE_ZON": "AREAS VERDES", "ZONA": "Z-AV", "Shape_STAr": 447.94559010199998, "Shape_STLe": 98.535907223199999 }, "geometry": { "type": "MultiPolygon", "coordinates": [ [ [ [ -70.655354295657446, -33.378924915574643 ], [ -70.655362331702563, -33.379040279088017 ], [ -70.655761649920791, -33.379029841926268 ], [ -70.655754741109348, -33.378928210048471 ], [ -70.655354295657446, -33.378924915574643 ] ] ] ] } },
{ "type": "Feature", "properties": { "OBJECTID": 1356, "NOMBRE": "ZONAS ESPECIALES", "NOMBRE_ZON": "AREAS VERDES", "ZONA": "Z-AV", "Shape_STAr": 441.13141865099999, "Shape_STLe": 97.602909320899997 }, "geometry": { "type": "MultiPolygon", "coordinates": [ [ [ [ -70.654859312812164, -33.37894573119501 ], [ -70.654865095239415, -33.379053325751478 ], [ -70.655262066538455, -33.379042974702315 ], [ -70.655253289897459, -33.378934752755093 ], [ -70.654859312812164, -33.37894573119501 ] ] ] ] } },
{ "type": "Feature", "properties": { "OBJECTID": 1357, "NOMBRE": "ZONAS ESPECIALES", "NOMBRE_ZON": "AREAS VERDES", "ZONA": "Z-AV", "Shape_STAr": 449.91355863199999, "Shape_STLe": 100.33962663 }, "geometry": { "type": "MultiPolygon", "coordinates": [ [ [ [ -70.654324907714383, -33.378962165323891 ], [ -70.654335235563238, -33.379067274290577 ], [ -70.65474714028386, -33.379056433611268 ], [ -70.654739359064251, -33.378950960658365 ], [ -70.654324907714383, -33.378962165323891 ] ] ] ] } },
{ "type": "Feature", "properties": { "OBJECTID": 1358, "NOMBRE": "ZONAS ESPECIALES", "NOMBRE_ZON": "AREAS VERDES", "ZONA": "Z-AV", "Shape_STAr": 577.784599415, "Shape_STLe": 98.904004046599994 }, "geometry": { "type": "MultiPolygon", "coordinates": [ [ [ [ -70.649128325800191, -33.396517640631771 ], [ -70.649152503960693, -33.396632271234722 ], [ -70.64916649602516, -33.39663136918324 ], [ -70.649188435652732, -33.396766590397093 ], [ -70.649400886995764, -33.396742787625548 ], [ -70.649360195992443, -33.396493679911174 ], [ -70.649128325800191, -33.396517640631771 ] ] ] ] } },
{ "type": "Feature", "properties": { "OBJECTID": 1359, "NOMBRE": "ZONAS ESPECIALES", "NOMBRE_ZON": "AREAS VERDES", "ZONA": "Z-AV", "Shape_STAr": 1074.57463628, "Shape_STLe": 142.37568466299999 }, "geometry": { "type": "MultiPolygon", "coordinates": [ [ [ [ -70.637003575250588, -33.395445468983439 ], [ -70.637141738948202, -33.395874196823009 ], [ -70.637351017841283, -33.395826534494475 ], [ -70.637245467470933, -33.395388359077565 ], [ -70.637003575250588, -33.395445468983439 ] ] ] ] } },
{ "type": "Feature", "properties": { "OBJECTID": 1360, "NOMBRE": "ZONAS ESPECIALES", "NOMBRE_ZON": "AREAS VERDES", "ZONA": "Z-AV", "Shape_STAr": 1900.47449957, "Shape_STLe": 201.554228779 }, "geometry": { "type": "MultiPolygon", "coordinates": [ [ [ [ -70.636426049738049, -33.395465783073554 ], [ -70.636494385357565, -33.395508237383716 ], [ -70.636880336033798, -33.395375621966515 ], [ -70.636785591149618, -33.395208699721856 ], [ -70.636548444279782, -33.394790889770086 ], [ -70.636480647559821, -33.394777152694715 ], [ -70.636439978725534, -33.395290095176094 ], [ -70.636426049738049, -33.395465783073554 ] ] ] ] } },
{ "type": "Feature", "properties": { "OBJECTID": 1361, "NOMBRE": "ZONAS ESPECIALES", "NOMBRE_ZON": "AREAS VERDES", "ZONA": "Z-AV", "Shape_STAr": 8532.1856323800002, "Shape_STLe": 439.897194544 }, "geometry": { "type": "MultiPolygon", "coordinates": [ [ [ [ -70.636842885584073, -33.393383202793686 ], [ -70.636981439196035, -33.393568250202904 ], [ -70.637390808089052, -33.391987448885359 ], [ -70.637339084369671, -33.391930573693116 ], [ -70.636398939242198, -33.392225983589199 ], [ -70.636542611119793, -33.392683476856149 ], [ -70.636842885584073, -33.393383202793686 ] ] ] ] } },
{ "type": "Feature", "properties": { "OBJECTID": 1362, "NOMBRE": "ZONAS ESPECIALES", "NOMBRE_ZON": "AREAS VERDES", "ZONA": "Z-AV", "Shape_STAr": 906.68618556599995, "Shape_STLe": 157.53711633200001 }, "geometry": { "type": "MultiPolygon", "coordinates": [ [ [ [ -70.63751992814241, -33.391670871049108 ], [ -70.637537887097409, -33.391728057438947 ], [ -70.637823342254592, -33.391639447685222 ], [ -70.63777987498618, -33.391123683283404 ], [ -70.63751992814241, -33.391670871049108 ] ] ] ] } },
{ "type": "Feature", "properties": { "OBJECTID": 1363, "NOMBRE": "ZONAS ESPECIALES", "NOMBRE_ZON": "AREAS VERDES", "ZONA": "Z-AV", "Shape_STAr": 1692.6831651499999, "Shape_STLe": 167.10844302300001 }, "geometry": { "type": "MultiPolygon", "coordinates": [ [ [ [ -70.641340215132217, -33.391865041761299 ], [ -70.64132927611233, -33.392180530728467 ], [ -70.641800347713556, -33.392151989361544 ], [ -70.641862256115175, -33.392148642284411 ], [ -70.641842672562859, -33.391829091332546 ], [ -70.641750284051511, -33.391837151586785 ], [ -70.641340215132217, -33.391865041761299 ] ] ] ] } },
{ "type": "Feature", "properties": { "OBJECTID": 1364, "NOMBRE": "AREAS DE EDIFICACIÓN BAJA", "NOMBRE_ZON": "AREA RINCONADA, POBL. LEMUS Y ZONA HAB. NORTE", "ZONA": "E-B1", "Shape_STAr": 4.3456273629400002, "Shape_STLe": 70.973095875699997 }, "geometry": { "type": "MultiPolygon", "coordinates": [ [ [ [ -70.641862256115175, -33.392148642284411 ], [ -70.6418519982211, -33.391938243127903 ], [ -70.641842672562859, -33.391829091332546 ], [ -70.641862256115175, -33.392148642284411 ] ] ] ] } },
{ "type": "Feature", "properties": { "OBJECTID": 1366, "NOMBRE": "ZONAS ESPECIALES", "NOMBRE_ZON": "AREAS VERDES", "ZONA": "Z-AV", "Shape_STAr": 1570.37801702, "Shape_STLe": 158.42880514800001 }, "geometry": { "type": "MultiPolygon", "coordinates": [ [ [ [ -70.653260018252155, -33.3957911476151 ], [ -70.653811606827219, -33.395790070894456 ], [ -70.653807095364954, -33.395556031898863 ], [ -70.653797494197761, -33.395524862735869 ], [ -70.653445939308469, -33.395482752518497 ], [ -70.65322002977031, -33.395662111690875 ], [ -70.653220635705708, -33.395750816757179 ], [ -70.653260018252155, -33.3957911476151 ] ] ] ] } },
{ "type": "Feature", "properties": { "OBJECTID": 1367, "NOMBRE": "ZONAS ESPECIALES", "NOMBRE_ZON": "AREAS VERDES", "ZONA": "Z-AV", "Shape_STAr": 1109.7116172599999, "Shape_STLe": 139.76926742800001 }, "geometry": { "type": "MultiPolygon", "coordinates": [ [ [ [ -70.655352897696531, -33.39665126685734 ], [ -70.655364453810236, -33.397065942167636 ], [ -70.655700598176836, -33.397059073846542 ], [ -70.655683892313746, -33.396821849299343 ], [ -70.655352897696531, -33.39665126685734 ] ] ] ] } },
{ "type": "Feature", "properties": { "OBJECTID": 1368, "NOMBRE": "ZONAS ESPECIALES", "NOMBRE_ZON": "AREAS VERDES", "ZONA": "Z-AV", "Shape_STAr": 1160.9312310099999, "Shape_STLe": 146.77893484500001 }, "geometry": { "type": "MultiPolygon", "coordinates": [ [ [ [ -70.651972316230015, -33.398272617032767 ], [ -70.65206017203198, -33.398725966373753 ], [ -70.652309177733144, -33.398722052240217 ], [ -70.652237540993383, -33.398294456218686 ], [ -70.651972316230015, -33.398272617032767 ] ] ] ] } },
{ "type": "Feature", "properties": { "OBJECTID": 1369, "NOMBRE": "ZONAS ESPECIALES", "NOMBRE_ZON": "AREAS VERDES", "ZONA": "Z-AV", "Shape_STAr": 1937.0917749099999, "Shape_STLe": 186.57829460900001 }, "geometry": { "type": "MultiPolygon", "coordinates": [ [ [ [ -70.654474050592711, -33.399981714473149 ], [ -70.654505697213111, -33.400488463804159 ], [ -70.654914708833914, -33.400471684795065 ], [ -70.654882131934883, -33.40004704163816 ], [ -70.654664358312445, -33.400051490451105 ], [ -70.65465795791097, -33.399982707539962 ], [ -70.654474050592711, -33.399981714473149 ] ] ] ] } },
{ "type": "Feature", "properties": { "OBJECTID": 1370, "NOMBRE": "ZONAS ESPECIALES", "NOMBRE_ZON": "AREAS VERDES", "ZONA": "Z-AV", "Shape_STAr": 1329.3351380500001, "Shape_STLe": 187.86657091699999 }, "geometry": { "type": "MultiPolygon", "coordinates": [ [ [ [ -70.64851045007309, -33.400908223265596 ], [ -70.648647880846156, -33.401587036088728 ], [ -70.648853976973385, -33.401569223715804 ], [ -70.648677938558976, -33.400894616345674 ], [ -70.64851045007309, -33.400908223265596 ] ] ] ] } },
{ "type": "Feature", "properties": { "OBJECTID": 1371, "NOMBRE": "ZONAS ESPECIALES", "NOMBRE_ZON": "AREAS VERDES", "ZONA": "Z-AV", "Shape_STAr": 1450.0515406699999, "Shape_STLe": 194.09650731 }, "geometry": { "type": "MultiPolygon", "coordinates": [ [ [ [ -70.650037985064742, -33.400722530881829 ], [ -70.650179632518388, -33.401422785389194 ], [ -70.650361435378329, -33.401396532384702 ], [ -70.650247889101308, -33.40069583755561 ], [ -70.650037985064742, -33.400722530881829 ] ] ] ] } },
{ "type": "Feature", "properties": { "OBJECTID": 1372, "NOMBRE": "ZONAS ESPECIALES", "NOMBRE_ZON": "AREAS VERDES", "ZONA": "Z-AV", "Shape_STAr": 183.874378243, "Shape_STLe": 64.250238411500007 }, "geometry": { "type": "MultiPolygon", "coordinates": [ [ [ [ -70.645983693308281, -33.401893927805581 ], [ -70.645817977292324, -33.40206219880789 ], [ -70.646068534297783, -33.402022906622619 ], [ -70.645983693308281, -33.401893927805581 ] ] ] ] } },
{ "type": "Feature", "properties": { "OBJECTID": 1696, "NOMBRE": "ZONAS ESPECIALES", "NOMBRE_ZON": "AREAS VERDES", "ZONA": "Z-AV", "Shape_STAr": 1269.93992639, "Shape_STLe": 251.09028784399999 }, "geometry": { "type": "MultiPolygon", "coordinates": [ [ [ [ -70.644074655888261, -33.39140748479069 ], [ -70.644692480055937, -33.392306016807126 ], [ -70.644801667083783, -33.392250882324895 ], [ -70.644176533632759, -33.391368837640847 ], [ -70.644074655888261, -33.39140748479069 ] ] ] ] } },
{ "type": "Feature", "properties": { "OBJECTID": 1697, "NOMBRE": "ZONAS ESPECIALES", "NOMBRE_ZON": "AREAS VERDES", "ZONA": "Z-AV", "Shape_STAr": 352.41999168699999, "Shape_STLe": 104.55889457799999 }, "geometry": { "type": "MultiPolygon", "coordinates": [ [ [ [ -70.644747832783096, -33.391907330165054 ], [ -70.644996825844942, -33.392250307838481 ], [ -70.645058476876443, -33.392210542045085 ], [ -70.644826668503683, -33.391864289382205 ], [ -70.644747832783096, -33.391907330165054 ] ] ] ] } },
{ "type": "Feature", "properties": { "OBJECTID": 1698, "NOMBRE": "ZONAS ESPECIALES", "NOMBRE_ZON": "AREAS VERDES", "ZONA": "Z-AV", "Shape_STAr": 384.04254483800003, "Shape_STLe": 114.872137616 }, "geometry": { "type": "MultiPolygon", "coordinates": [ [ [ [ -70.644435586249884, -33.391322578188863 ], [ -70.644682013461775, -33.39172017765187 ], [ -70.644764676128304, -33.391673530251026 ], [ -70.644490433384775, -33.391289638651109 ], [ -70.644435586249884, -33.391322578188863 ] ] ] ] } },
{ "type": "Feature", "properties": { "OBJECTID": 1699, "NOMBRE": "ZONAS ESPECIALES", "NOMBRE_ZON": "AREAS VERDES", "ZONA": "Z-AV", "Shape_STAr": 3652.3670973799999, "Shape_STLe": 346.38288240899999 }, "geometry": { "type": "MultiPolygon", "coordinates": [ [ [ [ -70.64929089901095, -33.390913457284888 ], [ -70.647759791817251, -33.39142059121928 ], [ -70.649280987318093, -33.391379180849519 ], [ -70.64929089901095, -33.390913457284888 ] ] ] ] } },
{ "type": "Feature", "properties": { "OBJECTID": 1700, "NOMBRE": "ZONAS ESPECIALES", "NOMBRE_ZON": "AREAS VERDES", "ZONA": "Z-AV", "Shape_STAr": 2879.3399881800001, "Shape_STLe": 221.77774209399999 }, "geometry": { "type": "MultiPolygon", "coordinates": [ [ [ [ -70.650190951169861, -33.386758742492681 ], [ -70.649690614575164, -33.386985019970268 ], [ -70.649683403227627, -33.386975967653321 ], [ -70.649523089779223, -33.387055153395551 ], [ -70.649749132968054, -33.387373963659343 ], [ -70.649824433537745, -33.387354743613251 ], [ -70.649827810103915, -33.387357810942106 ], [ -70.649915557154543, -33.387335168825977 ], [ -70.649916659396581, -33.387331204140729 ], [ -70.64994344460726, -33.387324367395109 ], [ -70.650133743108839, -33.387312950991785 ], [ -70.650268470934051, -33.387289516078674 ], [ -70.650256721486599, -33.387202687856636 ], [ -70.650256749612851, -33.387201388843145 ], [ -70.650218657414939, -33.386914990837937 ], [ -70.650190951169861, -33.386758742492681 ] ] ] ] } },
{ "type": "Feature", "properties": { "OBJECTID": 1701, "NOMBRE": "ZONAS ESPECIALES", "NOMBRE_ZON": "AREAS VERDES", "ZONA": "Z-AV", "Shape_STAr": 1132.9509458800001, "Shape_STLe": 151.46423281899999 }, "geometry": { "type": "MultiPolygon", "coordinates": [ [ [ [ -70.650413555304809, -33.386708157796392 ], [ -70.650491045245488, -33.387196278533082 ], [ -70.650718490448668, -33.387190866619932 ], [ -70.650629889572286, -33.386695842423983 ], [ -70.650413555304809, -33.386708157796392 ] ] ] ] } },
{ "type": "Feature", "properties": { "OBJECTID": 1702, "NOMBRE": "ZONAS ESPECIALES", "NOMBRE_ZON": "AREAS VERDES", "ZONA": "Z-AV", "Shape_STAr": 1042.8761851700001, "Shape_STLe": 129.43690789 }, "geometry": { "type": "MultiPolygon", "coordinates": [ [ [ [ -70.651894955509505, -33.38570465414702 ], [ -70.651905176730821, -33.386019484082212 ], [ -70.6522333411978, -33.386000798174635 ], [ -70.652219055214587, -33.385696760533676 ], [ -70.651894955509505, -33.38570465414702 ] ] ] ] } },
{ "type": "Feature", "properties": { "OBJECTID": 1703, "NOMBRE": "ZONAS ESPECIALES", "NOMBRE_ZON": "AREAS VERDES", "ZONA": "Z-AV", "Shape_STAr": 1266.55542593, "Shape_STLe": 142.785097205 }, "geometry": { "type": "MultiPolygon", "coordinates": [ [ [ [ -70.652440586062099, -33.386581441145744 ], [ -70.652852067748114, -33.386584353908908 ], [ -70.652844448237289, -33.386279206728403 ], [ -70.652430835661747, -33.38629165885871 ], [ -70.652440586062099, -33.386581441145744 ] ] ] ] } },
{ "type": "Feature", "properties": { "OBJECTID": 1704, "NOMBRE": "ZONAS ESPECIALES", "NOMBRE_ZON": "AREAS VERDES", "ZONA": "Z-AV", "Shape_STAr": 2214.9169776499998, "Shape_STLe": 274.19079303199999 }, "geometry": { "type": "MultiPolygon", "coordinates": [ [ [ [ -70.653275290882334, -33.38323745696048 ], [ -70.653282305160573, -33.383400885649912 ], [ -70.654550911750121, -33.383330289676323 ], [ -70.654544768923785, -33.383156186208879 ], [ -70.653275290882334, -33.38323745696048 ] ] ] ] } },
{ "type": "Feature", "properties": { "OBJECTID": 2096, "NOMBRE": "AREAS DE EDIFICACIÓN BAJA", "NOMBRE_ZON": "AREA RINCONADA, POBL. LEMUS Y ZONA HAB. NORTE", "ZONA": "E-B1", "Shape_STAr": 4.5135928534399996, "Shape_STLe": 100.081595678 }, "geometry": { "type": "MultiPolygon", "coordinates": [ [ [ [ -70.650172369138417, -33.386767145798814 ], [ -70.650190909595352, -33.386758761082248 ], [ -70.650254669793796, -33.387187528277664 ], [ -70.650192756419415, -33.386757563235854 ], [ -70.650172369138417, -33.386767145798814 ] ] ] ] } },
{ "type": "Feature", "properties": { "OBJECTID": 2099, "NOMBRE": "ZONAS ESPECIALES", "NOMBRE_ZON": "AREAS VERDES", "ZONA": "Z-AV", "Shape_STAr": 2203.2724907299998, "Shape_STLe": 201.77054494500001 }, "geometry": { "type": "MultiPolygon", "coordinates": [ [ [ [ -70.655476755337205, -33.395219232927509 ], [ -70.655916395095019, -33.395272064091408 ], [ -70.65585446667761, -33.394630792473357 ], [ -70.65559469426131, -33.394642380276075 ], [ -70.655476755337205, -33.395219232927509 ] ] ] ] } },
{ "type": "Feature", "properties": { "OBJECTID": 2100, "NOMBRE": "ZONAS ESPECIALES", "NOMBRE_ZON": "AREAS VERDES", "ZONA": "Z-AV", "Shape_STAr": 348.17965843500002, "Shape_STLe": 87.561903761600007 }, "geometry": { "type": "MultiPolygon", "coordinates": [ [ [ [ -70.655146935107638, -33.394211435486035 ], [ -70.655461467028331, -33.394262659189778 ], [ -70.655452159717981, -33.394046539623112 ], [ -70.655146935107638, -33.394211435486035 ] ] ] ] } },
{ "type": "Feature", "properties": { "OBJECTID": 2101, "NOMBRE": "ZONAS ESPECIALES", "NOMBRE_ZON": "AREAS VERDES", "ZONA": "Z-AV", "Shape_STAr": 339.82773068699998, "Shape_STLe": 89.327897596499994 }, "geometry": { "type": "MultiPolygon", "coordinates": [ [ [ [ -70.654908939146253, -33.394163760574749 ], [ -70.654908943379212, -33.394163813726315 ], [ -70.655197941340049, -33.393932558146048 ], [ -70.654907875346794, -33.393936713515444 ], [ -70.654908931393834, -33.394163068071826 ], [ -70.654908939146253, -33.394163760574749 ] ] ] ] } },
{ "type": "Feature", "properties": { "OBJECTID": 2102, "NOMBRE": "ZONAS ESPECIALES", "NOMBRE_ZON": "AREAS VERDES", "ZONA": "Z-AV", "Shape_STAr": 8060.7474285400003, "Shape_STLe": 726.03066382999998 }, "geometry": { "type": "MultiPolygon", "coordinates": [ [ [ [ -70.656733223194337, -33.395766955214221 ], [ -70.65681272282248, -33.395804011229011 ], [ -70.657242286196137, -33.395786642031105 ], [ -70.657337500677599, -33.395782387760889 ], [ -70.657140235492207, -33.395730440442584 ], [ -70.656846124986188, -33.395652943209143 ], [ -70.656579199414423, -33.395565238797751 ], [ -70.656574916340091, -33.395564401372098 ], [ -70.656473875984574, -33.395505203376146 ], [ -70.656117788947725, -33.395459551241373 ], [ -70.655597731457831, -33.395392523287626 ], [ -70.655233080183933, -33.39534519274698 ], [ -70.654900512714647, -33.395302205652058 ], [ -70.65454123293884, -33.395256889150367 ], [ -70.654023694123921, -33.395191312587642 ], [ -70.653807988380336, -33.395164163517506 ], [ -70.653807496858562, -33.395164607457751 ], [ -70.653807472495686, -33.395164626720963 ], [ -70.653806038886671, -33.395165623416347 ], [ -70.653603280734586, -33.395307422709365 ], [ -70.653573638085476, -33.395343102850418 ], [ -70.653574478575152, -33.395387472566973 ], [ -70.654537559311848, -33.395502050414343 ], [ -70.655400617824242, -33.395607218187962 ], [ -70.656416735524928, -33.395728231483368 ], [ -70.656733223194337, -33.395766955214221 ] ] ] ] } },
{ "type": "Feature", "properties": { "OBJECTID": 2103, "NOMBRE": "ZONAS ESPECIALES", "NOMBRE_ZON": "AREAS VERDES", "ZONA": "Z-AV", "Shape_STAr": 411.62733720599999, "Shape_STLe": 102.58884191600001 }, "geometry": { "type": "MultiPolygon", "coordinates": [ [ [ [ -70.651589665267153, -33.396930917881392 ], [ -70.651253705131353, -33.397216352836445 ], [ -70.651594088679516, -33.397164696653675 ], [ -70.651589665267153, -33.396930917881392 ] ] ] ] } },
{ "type": "Feature", "properties": { "OBJECTID": 2104, "NOMBRE": "ZONAS ESPECIALES", "NOMBRE_ZON": "AREAS VERDES", "ZONA": "Z-AV", "Shape_STAr": 9759.7256933999997, "Shape_STLe": 396.54719349499999 }, "geometry": { "type": "MultiPolygon", "coordinates": [ [ [ [ -70.631525239936749, -33.392832959696214 ], [ -70.631533015109611, -33.392848955216031 ], [ -70.63161789708893, -33.392796013195742 ], [ -70.632002891473775, -33.392559719897946 ], [ -70.631998862113932, -33.392555986994232 ], [ -70.632122651583103, -33.392468329835289 ], [ -70.632363826220356, -33.39227753193228 ], [ -70.632363189291311, -33.392276931573257 ], [ -70.632370236648541, -33.392268945989052 ], [ -70.632098638124788, -33.392027692353842 ], [ -70.63209178851146, -33.392021239640343 ], [ -70.631891035606344, -33.391832104941514 ], [ -70.631634956357047, -33.391590844509771 ], [ -70.631537545716142, -33.391643284826017 ], [ -70.631200922557341, -33.391824589789373 ], [ -70.631052192869575, -33.391904694566179 ], [ -70.630923995278849, -33.391984010718822 ], [ -70.630904102326298, -33.392008208735767 ], [ -70.631171116060273, -33.392355195211834 ], [ -70.631340544897554, -33.392568275435437 ], [ -70.631489871895639, -33.392756074349215 ], [ -70.63150169073667, -33.39278168978602 ], [ -70.631523963635587, -33.392810515363934 ], [ -70.631525239936749, -33.392832959696214 ] ] ] ] } },
{ "type": "Feature", "properties": { "OBJECTID": 2107, "NOMBRE": "ZONAS ESPECIALES", "NOMBRE_ZON": "AREAS VERDES", "ZONA": "Z-AV", "Shape_STAr": 4577.4077187700004, "Shape_STLe": 284.98698725100002 }, "geometry": { "type": "MultiPolygon", "coordinates": [ [ [ [ -70.652433594375111, -33.379238774833688 ], [ -70.652738579238331, -33.3798884974766 ], [ -70.653146231596082, -33.379882152996153 ], [ -70.653107522553583, -33.378976558723274 ], [ -70.652433594375111, -33.379238774833688 ] ] ] ] } },
{ "type": "Feature", "properties": { "OBJECTID": 2108, "NOMBRE": "ZONAS ESPECIALES", "NOMBRE_ZON": "AREAS VERDES", "ZONA": "Z-AV", "Shape_STAr": 731.37696475500002, "Shape_STLe": 132.780919896 }, "geometry": { "type": "MultiPolygon", "coordinates": [ [ [ [ -70.653253247318418, -33.379112773762337 ], [ -70.653320555649259, -33.37940022563842 ], [ -70.653680465555738, -33.37938631243729 ], [ -70.653665024250188, -33.37926248365499 ], [ -70.653471632203264, -33.379287031098251 ], [ -70.653423099245344, -33.37912121824877 ], [ -70.653253247318418, -33.379112773762337 ] ] ] ] } },
{ "type": "Feature", "properties": { "OBJECTID": 2110, "NOMBRE": "ZONAS ESPECIALES", "NOMBRE_ZON": "AREAS VERDES", "ZONA": "Z-AV", "Shape_STAr": 51.398180671900001, "Shape_STLe": 28.837144330600001 }, "geometry": { "type": "MultiPolygon", "coordinates": [ [ [ [ -70.654283845501226, -33.380914479909883 ], [ -70.654285853787599, -33.380971816030737 ], [ -70.654373607631413, -33.380970533400088 ], [ -70.654366185957386, -33.380910989618691 ], [ -70.654283845501226, -33.380914479909883 ] ] ] ] } },
{ "type": "Feature", "properties": { "OBJECTID": 2113, "NOMBRE": "ZONAS ESPECIALES", "NOMBRE_ZON": "AREAS VERDES", "ZONA": "Z-AV", "Shape_STAr": 1385.4324408800001, "Shape_STLe": 208.014116917 }, "geometry": { "type": "MultiPolygon", "coordinates": [ [ [ [ -70.653315140071257, -33.380620886822918 ], [ -70.65332401564585, -33.380761194827741 ], [ -70.654268842135835, -33.380716390281457 ], [ -70.654265559618167, -33.380573898421126 ], [ -70.653315140071257, -33.380620886822918 ] ] ] ] } },
{ "type": "Feature", "properties": { "OBJECTID": 2114, "NOMBRE": "ZONAS ESPECIALES", "NOMBRE_ZON": "AREAS VERDES", "ZONA": "Z-AV", "Shape_STAr": 536.13681528200004, "Shape_STLe": 105.095532605 }, "geometry": { "type": "MultiPolygon", "coordinates": [ [ [ [ -70.652777288603943, -33.380683780446361 ], [ -70.652782667660802, -33.380808697491176 ], [ -70.653199828529793, -33.380789778110611 ], [ -70.653190578894566, -33.380665078596664 ], [ -70.652777288603943, -33.380683780446361 ] ] ] ] } },
{ "type": "Feature", "properties": { "OBJECTID": 2115, "NOMBRE": "ZONAS ESPECIALES", "NOMBRE_ZON": "AREAS VERDES", "ZONA": "Z-AV", "Shape_STAr": 536.88782566999998, "Shape_STLe": 103.711643893 }, "geometry": { "type": "MultiPolygon", "coordinates": [ [ [ [ -70.652295786225935, -33.380697588603361 ], [ -70.652303863899689, -33.38082756871416 ], [ -70.652706004515608, -33.380811476226349 ], [ -70.652700300839541, -33.380683940968368 ], [ -70.652295786225935, -33.380697588603361 ] ] ] ] } },
{ "type": "Feature", "properties": { "OBJECTID": 2116, "NOMBRE": "ZONAS ESPECIALES", "NOMBRE_ZON": "AREAS VERDES", "ZONA": "Z-AV", "Shape_STAr": 536.17549184200004, "Shape_STLe": 104.48803195799999 }, "geometry": { "type": "MultiPolygon", "coordinates": [ [ [ [ -70.651806118670507, -33.38071425507583 ], [ -70.651813474428735, -33.380839466024888 ], [ -70.652222814501755, -33.380828051769889 ], [ -70.652217627884269, -33.380700423017288 ], [ -70.651806118670507, -33.38071425507583 ] ] ] ] } },
{ "type": "Feature", "properties": { "OBJECTID": 2123, "NOMBRE": "ZONAS ESPECIALES", "NOMBRE_ZON": "AREAS VERDES", "ZONA": "Z-AV", "Shape_STAr": 519.30067631600002, "Shape_STLe": 107.39465236300001 }, "geometry": { "type": "MultiPolygon", "coordinates": [ [ [ [ -70.651743037337468, -33.380839461198974 ], [ -70.65173549867589, -33.380714520523114 ], [ -70.65133249202222, -33.380730281392033 ], [ -70.651332485013143, -33.38073013809376 ], [ -70.651353954089856, -33.380729298668228 ], [ -70.651327377215097, -33.38073027009542 ], [ -70.651334606555338, -33.380851446159724 ], [ -70.651341596138025, -33.380851233202129 ], [ -70.651341603113025, -33.38085137469718 ], [ -70.651743037337468, -33.380839461198974 ] ] ] ] } },
{ "type": "Feature", "properties": { "OBJECTID": 2124, "NOMBRE": "ZONAS ESPECIALES", "NOMBRE_ZON": "AREAS VERDES", "ZONA": "Z-AV", "Shape_STAr": 535.97945258200002, "Shape_STLe": 105.196959318 }, "geometry": { "type": "MultiPolygon", "coordinates": [ [ [ [ -70.650784438511749, -33.38074616332139 ], [ -70.650793661355138, -33.380872981836944 ], [ -70.65120966821172, -33.380853130352001 ], [ -70.65120087383464, -33.380731096716389 ], [ -70.650784438511749, -33.38074616332139 ] ] ] ] } },
{ "type": "Feature", "properties": { "OBJECTID": 2125, "NOMBRE": "ZONAS ESPECIALES", "NOMBRE_ZON": "AREAS VERDES", "ZONA": "Z-AV", "Shape_STAr": 509.24784859, "Shape_STLe": 103.895102079 }, "geometry": { "type": "MultiPolygon", "coordinates": [ [ [ [ -70.650296356320283, -33.380767010706961 ], [ -70.650296703519203, -33.380883409381617 ], [ -70.650717476130964, -33.380874949452924 ], [ -70.650709856266431, -33.380754905825178 ], [ -70.650296356320283, -33.380767010706961 ] ] ] ] } },
{ "type": "Feature", "properties": { "OBJECTID": 2126, "NOMBRE": "ZONAS ESPECIALES", "NOMBRE_ZON": "AREAS VERDES", "ZONA": "Z-AV", "Shape_STAr": 467.08944791499999, "Shape_STLe": 172.35010827299999 }, "geometry": { "type": "MultiPolygon", "coordinates": [ [ [ [ -70.65022614154725, -33.380773194954266 ], [ -70.649836166152966, -33.380785331764521 ], [ -70.650226195286308, -33.380779566597155 ], [ -70.64982724074919, -33.380785610055241 ], [ -70.649825557785377, -33.380899218404487 ], [ -70.650226886804546, -33.380885292000933 ], [ -70.650226885920191, -33.380885188301818 ], [ -70.650229300040735, -33.380885120124184 ], [ -70.650229107840488, -33.380869428968808 ], [ -70.650226219383427, -33.380775209517665 ], [ -70.65022614154725, -33.380773194954266 ] ] ] ] } },
{ "type": "Feature", "properties": { "OBJECTID": 2127, "NOMBRE": "ZONAS ESPECIALES", "NOMBRE_ZON": "AREAS VERDES", "ZONA": "Z-AV", "Shape_STAr": 1328.1659279600001, "Shape_STLe": 286.42483094200003 }, "geometry": { "type": "MultiPolygon", "coordinates": [ [ [ [ -70.649280645566463, -33.380440087555399 ], [ -70.649295054816179, -33.380930883315578 ], [ -70.649323206951706, -33.380927938914972 ], [ -70.649736760900538, -33.380916421835686 ], [ -70.649736761294022, -33.380916385757097 ], [ -70.649756624200606, -33.380915816866612 ], [ -70.649750004989926, -33.380783461545647 ], [ -70.649738952428478, -33.380783634638419 ], [ -70.64973895600744, -33.380783198103238 ], [ -70.6495109746037, -33.380789450160115 ], [ -70.649400292779063, -33.38079065172677 ], [ -70.649400284953856, -33.380790521966681 ], [ -70.649384559842872, -33.380790822066658 ], [ -70.64936571484364, -33.38041893527015 ], [ -70.649182950272717, -33.3801083449668 ], [ -70.649144864975455, -33.380043374351558 ], [ -70.64909638960242, -33.380064327865902 ], [ -70.649072550439826, -33.380074334875538 ], [ -70.649101584705576, -33.380123022335617 ], [ -70.649280645566463, -33.380440087555399 ] ] ] ] } },
{ "type": "Feature", "properties": { "OBJECTID": 2143, "NOMBRE": "ZONAS ESPECIALES", "NOMBRE_ZON": "AREAS VERDES", "ZONA": "Z-AV", "Shape_STAr": 196.56224298800001, "Shape_STLe": 58.318526715499999 }, "geometry": { "type": "MultiPolygon", "coordinates": [ [ [ [ -70.652783158824676, -33.381029949438876 ], [ -70.652807105056013, -33.381193296098012 ], [ -70.652916571235494, -33.381188729407349 ], [ -70.652903975410439, -33.381051465914162 ], [ -70.652903440069565, -33.381044989765599 ], [ -70.652901338881804, -33.38101956080407 ], [ -70.652901049128147, -33.381019586307623 ], [ -70.652783158824676, -33.381029949438876 ] ] ] ] } },
{ "type": "Feature", "properties": { "OBJECTID": 2146, "NOMBRE": "ZONAS ESPECIALES", "NOMBRE_ZON": "AREAS VERDES", "ZONA": "Z-AV", "Shape_STAr": 492.702033357, "Shape_STLe": 102.52443354099999 }, "geometry": { "type": "MultiPolygon", "coordinates": [ [ [ [ -70.651589509252858, -33.381098065490832 ], [ -70.651601960972599, -33.381219119711957 ], [ -70.652013568768808, -33.381188491232045 ], [ -70.652002035887037, -33.381079218105008 ], [ -70.651589509252858, -33.381098065490832 ] ] ] ] } },
{ "type": "Feature", "properties": { "OBJECTID": 2147, "NOMBRE": "ZONAS ESPECIALES", "NOMBRE_ZON": "AREAS VERDES", "ZONA": "Z-AV", "Shape_STAr": 874.59351050099997, "Shape_STLe": 136.51060355499999 }, "geometry": { "type": "MultiPolygon", "coordinates": [ [ [ [ -70.649298168042776, -33.381138157323278 ], [ -70.649304352601575, -33.381170851375053 ], [ -70.64930336240856, -33.381170899707371 ], [ -70.649331825188725, -33.381290734957055 ], [ -70.649868376906937, -33.381266011108018 ], [ -70.649859165100438, -33.381143578881165 ], [ -70.649859077027642, -33.381143582757652 ], [ -70.64985654129616, -33.381111605880683 ], [ -70.649298168042776, -33.381138157323278 ] ] ] ] } },
{ "type": "Feature", "properties": { "OBJECTID": 2149, "NOMBRE": "ZONAS ESPECIALES", "NOMBRE_ZON": "AREAS VERDES", "ZONA": "Z-AV", "Shape_STAr": 692.87105464700005, "Shape_STLe": 111.942629027 }, "geometry": { "type": "MultiPolygon", "coordinates": [ [ [ [ -70.653223942198835, -33.381903330846193 ], [ -70.653251703130564, -33.382242980913396 ], [ -70.653442142591487, -33.382231844528903 ], [ -70.653447308518793, -33.382231542119499 ], [ -70.653439885416475, -33.382109722223895 ], [ -70.653427699081618, -33.381985341459135 ], [ -70.653417075870365, -33.38189060566129 ], [ -70.653223942198835, -33.381903330846193 ] ] ] ] } },
{ "type": "Feature", "properties": { "OBJECTID": 2150, "NOMBRE": "ZONAS ESPECIALES", "NOMBRE_ZON": "AREAS VERDES", "ZONA": "Z-AV", "Shape_STAr": 497.44379041000002, "Shape_STLe": 186.280247524 }, "geometry": { "type": "MultiPolygon", "coordinates": [ [ [ [ -70.653127537128256, -33.382760512493199 ], [ -70.653130913820945, -33.382810044875093 ], [ -70.6540688581658, -33.382747254120154 ], [ -70.654063212605067, -33.382694478363035 ], [ -70.653127537128256, -33.382760512493199 ] ] ] ] } },
{ "type": "Feature", "properties": { "OBJECTID": 2496, "NOMBRE": "ZONAS ESPECIALES", "NOMBRE_ZON": "AREAS VERDES", "ZONA": "Z-AV", "Shape_STAr": 94.926224699000002, "Shape_STLe": 38.160323138300001 }, "geometry": { "type": "MultiPolygon", "coordinates": [ [ [ [ -70.654442533027023, -33.391211768311713 ], [ -70.654436911703471, -33.391299773657231 ], [ -70.654546443375196, -33.3912981714669 ], [ -70.654548404445208, -33.3912542134902 ], [ -70.654514391062534, -33.391202467250721 ], [ -70.654442533027023, -33.391211768311713 ] ] ] ] } },
{ "type": "Feature", "properties": { "OBJECTID": 2896, "NOMBRE": "ZONAS ESPECIALES", "NOMBRE_ZON": "AREAS VERDES", "ZONA": "Z-AV", "Shape_STAr": 338.76672162699998, "Shape_STLe": 79.837587632500004 }, "geometry": { "type": "MultiPolygon", "coordinates": [ [ [ [ -70.654345145085657, -33.382803729501383 ], [ -70.654352218118987, -33.383057039385569 ], [ -70.65449254250818, -33.383047532652661 ], [ -70.654468001279724, -33.382803043843062 ], [ -70.654345145085657, -33.382803729501383 ] ] ] ] } },
{ "type": "Feature", "properties": { "OBJECTID": 2897, "NOMBRE": "ZONAS ESPECIALES", "NOMBRE_ZON": "AREAS VERDES", "ZONA": "Z-AV", "Shape_STAr": 510.66870310899998, "Shape_STLe": 167.72826714499999 }, "geometry": { "type": "MultiPolygon", "coordinates": [ [ [ [ -70.653792607329265, -33.384485864042006 ], [ -70.653828408878354, -33.384514020060458 ], [ -70.654653037881488, -33.384442895843804 ], [ -70.654636166535496, -33.384400888004443 ], [ -70.653838646060223, -33.384438128772004 ], [ -70.653792607329265, -33.384485864042006 ] ] ] ] } },
{ "type": "Feature", "properties": { "OBJECTID": 2898, "NOMBRE": "ZONAS ESPECIALES", "NOMBRE_ZON": "AREAS VERDES", "ZONA": "Z-AV", "Shape_STAr": 362.22479744999998, "Shape_STLe": 86.250004323 }, "geometry": { "type": "MultiPolygon", "coordinates": [ [ [ [ -70.654450491586985, -33.383972853279388 ], [ -70.654475527983919, -33.384258493277379 ], [ -70.654596974010985, -33.384250789258687 ], [ -70.654574112657087, -33.383966209703154 ], [ -70.654450491586985, -33.383972853279388 ] ] ] ] } },
{ "type": "Feature", "properties": { "OBJECTID": 2899, "NOMBRE": "ZONAS ESPECIALES", "NOMBRE_ZON": "AREAS VERDES", "ZONA": "Z-AV", "Shape_STAr": 634.50260252400005, "Shape_STLe": 150.60258409599999 }, "geometry": { "type": "MultiPolygon", "coordinates": [ [ [ [ -70.652381593142564, -33.384379104317681 ], [ -70.652379106547556, -33.384474941846584 ], [ -70.65308434517523, -33.384439042698865 ], [ -70.653085134910299, -33.384360141648962 ], [ -70.652381593142564, -33.384379104317681 ] ] ] ] } },
{ "type": "Feature", "properties": { "OBJECTID": 2900, "NOMBRE": "ZONAS ESPECIALES", "NOMBRE_ZON": "AREAS VERDES", "ZONA": "Z-AV", "Shape_STAr": 563.73716112099999, "Shape_STLe": 165.89650399199999 }, "geometry": { "type": "MultiPolygon", "coordinates": [ [ [ [ -70.651542301452579, -33.384443674619369 ], [ -70.651540435991066, -33.384515505200135 ], [ -70.652350764747894, -33.384465984387084 ], [ -70.652350408882498, -33.384402690375211 ], [ -70.651542301452579, -33.384443674619369 ] ] ] ] } },
{ "type": "Feature", "properties": { "OBJECTID": 2901, "NOMBRE": "ZONAS ESPECIALES", "NOMBRE_ZON": "AREAS VERDES", "ZONA": "Z-AV", "Shape_STAr": 777.95169635499997, "Shape_STLe": 141.894647539 }, "geometry": { "type": "MultiPolygon", "coordinates": [ [ [ [ -70.65039542741053, -33.383902744569561 ], [ -70.650402197064651, -33.384027626985528 ], [ -70.65101296241852, -33.384000206335095 ], [ -70.651016479376636, -33.383880378051302 ], [ -70.65039542741053, -33.383902744569561 ] ] ] ] } },
{ "type": "Feature", "properties": { "OBJECTID": 2902, "NOMBRE": "ZONAS ESPECIALES", "NOMBRE_ZON": "AREAS VERDES", "ZONA": "Z-AV", "Shape_STAr": 674.93142194799998, "Shape_STLe": 111.848460832 }, "geometry": { "type": "MultiPolygon", "coordinates": [ [ [ [ -70.654391627870879, -33.390375643776764 ], [ -70.654394543414526, -33.390529508801222 ], [ -70.6548252552859, -33.390517799305478 ], [ -70.654775542037825, -33.390352677727257 ], [ -70.654391627870879, -33.390375643776764 ] ] ] ] } },
{ "type": "Feature", "properties": { "OBJECTID": 2903, "NOMBRE": "ZONAS ESPECIALES", "NOMBRE_ZON": "AREAS VERDES", "ZONA": "Z-AV", "Shape_STAr": 174.81431682799999, "Shape_STLe": 73.245475409199997 }, "geometry": { "type": "MultiPolygon", "coordinates": [ [ [ [ -70.652239398153867, -33.390478071142482 ], [ -70.652242066477612, -33.390528859260705 ], [ -70.652570178954178, -33.390506594401948 ], [ -70.652574248649344, -33.390455051897852 ], [ -70.652239398153867, -33.390478071142482 ] ] ] ] } },
{ "type": "Feature", "properties": { "OBJECTID": 2904, "NOMBRE": "ZONAS ESPECIALES", "NOMBRE_ZON": "AREAS VERDES", "ZONA": "Z-AV", "Shape_STAr": 302.886028512, "Shape_STLe": 167.827531838 }, "geometry": { "type": "MultiPolygon", "coordinates": [ [ [ [ -70.651652356080504, -33.390525973633103 ], [ -70.651692477644659, -33.391248428466277 ], [ -70.651726507931073, -33.391242964857668 ], [ -70.65169922592078, -33.390521833452347 ], [ -70.651652356080504, -33.390525973633103 ] ] ] ] } },
{ "type": "Feature", "properties": { "OBJECTID": 2905, "NOMBRE": "ZONAS ESPECIALES", "NOMBRE_ZON": "AREAS VERDES", "ZONA": "Z-AV", "Shape_STAr": 306.548635891, "Shape_STLe": 122.992276273 }, "geometry": { "type": "MultiPolygon", "coordinates": [ [ [ [ -70.650706324033408, -33.390253368956294 ], [ -70.650743641004027, -33.390308945711325 ], [ -70.651323130312818, -33.390267828834794 ], [ -70.651320128880641, -33.39022611484652 ], [ -70.650706324033408, -33.390253368956294 ] ] ] ] } },
{ "type": "Feature", "properties": { "OBJECTID": 2906, "NOMBRE": "ZONAS ESPECIALES", "NOMBRE_ZON": "AREAS VERDES", "ZONA": "Z-AV", "Shape_STAr": 805.33780147100003, "Shape_STLe": 127.196736906 }, "geometry": { "type": "MultiPolygon", "coordinates": [ [ [ [ -70.650704882095496, -33.390793375622195 ], [ -70.6507164026646, -33.39121733876447 ], [ -70.650916870550574, -33.391201514642518 ], [ -70.650879807837271, -33.390795478929057 ], [ -70.650704882095496, -33.390793375622195 ] ] ] ] } },
{ "type": "Feature", "properties": { "OBJECTID": 2907, "NOMBRE": "ZONAS ESPECIALES", "NOMBRE_ZON": "AREAS VERDES", "ZONA": "Z-AV", "Shape_STAr": 1035.18982041, "Shape_STLe": 135.748573091 }, "geometry": { "type": "MultiPolygon", "coordinates": [ [ [ [ -70.648178869128529, -33.381682892567589 ], [ -70.648230743245904, -33.382077452147321 ], [ -70.648490590883156, -33.382058941582137 ], [ -70.648413859693576, -33.381654831842461 ], [ -70.648395310726059, -33.381656795338635 ], [ -70.648178869128529, -33.381682892567589 ] ] ] ] } },
{ "type": "Feature", "properties": { "OBJECTID": 2909, "NOMBRE": "ZONAS ESPECIALES", "NOMBRE_ZON": "AREAS VERDES", "ZONA": "Z-AV", "Shape_STAr": 1062.66895832, "Shape_STLe": 145.78153665 }, "geometry": { "type": "MultiPolygon", "coordinates": [ [ [ [ -70.646418991178635, -33.381952804870814 ], [ -70.646441176482313, -33.382153023449959 ], [ -70.647008101060877, -33.382107139636254 ], [ -70.646981299306319, -33.381944866703741 ], [ -70.646418991178635, -33.381952804870814 ] ] ] ] } },
{ "type": "Feature", "properties": { "OBJECTID": 2910, "NOMBRE": "ZONAS ESPECIALES", "NOMBRE_ZON": "AREAS VERDES", "ZONA": "Z-AV", "Shape_STAr": 777.82484401199997, "Shape_STLe": 120.951856169 }, "geometry": { "type": "MultiPolygon", "coordinates": [ [ [ [ -70.645023293505915, -33.383743742733081 ], [ -70.645181988718932, -33.384086726576108 ], [ -70.645366669340689, -33.384075641889375 ], [ -70.645250980869491, -33.383714312922976 ], [ -70.645023293505915, -33.383743742733081 ] ] ] ] } },
{ "type": "Feature", "properties": { "OBJECTID": 2911, "NOMBRE": "ZONAS ESPECIALES", "NOMBRE_ZON": "AREAS VERDES", "ZONA": "Z-AV", "Shape_STAr": 26.9228025225, "Shape_STLe": 21.968069907099999 }, "geometry": { "type": "MultiPolygon", "coordinates": [ [ [ [ -70.645270828439337, -33.384230030624551 ], [ -70.645275502591147, -33.384263301343331 ], [ -70.6453526979667, -33.384254928717986 ], [ -70.645349101913339, -33.384221938606942 ], [ -70.645270828439337, -33.384230030624551 ] ] ] ] } },
{ "type": "Feature", "properties": { "OBJECTID": 3296, "NOMBRE": "ZONAS ESPECIALES", "NOMBRE_ZON": "AREAS VERDES", "ZONA": "Z-AV", "Shape_STAr": 851.90709639600004, "Shape_STLe": 157.80847832500001 }, "geometry": { "type": "MultiPolygon", "coordinates": [ [ [ [ -70.639967892680261, -33.386211530585463 ], [ -70.639471737784717, -33.386582479032022 ], [ -70.640171267215877, -33.386392321650433 ], [ -70.639967892680261, -33.386211530585463 ] ] ] ] } },
{ "type": "Feature", "properties": { "OBJECTID": 3696, "NOMBRE": "ZONAS ESPECIALES", "NOMBRE_ZON": "AREAS VERDES", "ZONA": "Z-AV", "Shape_STAr": 1943.6215266700001, "Shape_STLe": 192.72399881000001 }, "geometry": { "type": "MultiPolygon", "coordinates": [ [ [ [ -70.633333062974373, -33.391861204861485 ], [ -70.633577989145508, -33.392059536876204 ], [ -70.634117181058414, -33.391659891935355 ], [ -70.63391161080088, -33.391493350049544 ], [ -70.633333062974373, -33.391861204861485 ] ] ] ] } },
{ "type": "Feature", "properties": { "OBJECTID": 3697, "NOMBRE": "ZONAS ESPECIALES", "NOMBRE_ZON": "AREAS VERDES", "ZONA": "Z-AV", "Shape_STAr": 436.52716323099997, "Shape_STLe": 97.170816111199997 }, "geometry": { "type": "MultiPolygon", "coordinates": [ [ [ [ -70.630860783126977, -33.392805327245711 ], [ -70.630929762527344, -33.392894525615937 ], [ -70.631260994473863, -33.392708622515535 ], [ -70.631183519982869, -33.392621752730008 ], [ -70.630860783126977, -33.392805327245711 ] ] ] ] } },
{ "type": "Feature", "properties": { "OBJECTID": 3698, "NOMBRE": "ZONAS ESPECIALES", "NOMBRE_ZON": "AREAS VERDES", "ZONA": "Z-AV", "Shape_STAr": 1298.9688016, "Shape_STLe": 159.85992408300001 }, "geometry": { "type": "MultiPolygon", "coordinates": [ [ [ [ -70.641421881140175, -33.387564146777031 ], [ -70.64159343109624, -33.38768597688204 ], [ -70.642053317605544, -33.387494065039071 ], [ -70.641976617872103, -33.387244662287301 ], [ -70.641421881140175, -33.387564146777031 ] ] ] ] } },
{ "type": "Feature", "properties": { "OBJECTID": 3699, "NOMBRE": "ZONAS ESPECIALES", "NOMBRE_ZON": "AREAS VERDES", "ZONA": "Z-AV", "Shape_STAr": 454.51246316200002, "Shape_STLe": 103.584061533 }, "geometry": { "type": "MultiPolygon", "coordinates": [ [ [ [ -70.641155347508814, -33.389812945086355 ], [ -70.64117347603441, -33.389864980116215 ], [ -70.641230223872498, -33.389857928367242 ], [ -70.641276485761253, -33.389836418214195 ], [ -70.641287462993432, -33.389781218733773 ], [ -70.641296756196482, -33.389714784834503 ], [ -70.64127780913833, -33.389536510172022 ], [ -70.641251460196159, -33.389464314267094 ], [ -70.64118816790328, -33.389457537285089 ], [ -70.641155347508814, -33.389812945086355 ] ] ] ] } },
{ "type": "Feature", "properties": { "OBJECTID": 3700, "NOMBRE": "ZONAS ESPECIALES", "NOMBRE_ZON": "AREAS VERDES", "ZONA": "Z-AV", "Shape_STAr": 848.5190652, "Shape_STLe": 145.91304589000001 }, "geometry": { "type": "MultiPolygon", "coordinates": [ [ [ [ -70.63782030450281, -33.389978925166808 ], [ -70.637868278004191, -33.390088895615797 ], [ -70.638398245062575, -33.389827716447854 ], [ -70.63834016060764, -33.389680817918318 ], [ -70.63782030450281, -33.389978925166808 ] ] ] ] } },
{ "type": "Feature", "properties": { "OBJECTID": 3701, "NOMBRE": "ZONAS ESPECIALES", "NOMBRE_ZON": "AREAS VERDES", "ZONA": "Z-AV", "Shape_STAr": 283.023518577, "Shape_STLe": 77.322119802000003 }, "geometry": { "type": "MultiPolygon", "coordinates": [ [ [ [ -70.637470829559305, -33.390172623747617 ], [ -70.637487922508697, -33.390255537412038 ], [ -70.637767601194454, -33.390135705909557 ], [ -70.637721755666348, -33.390041571508384 ], [ -70.637694504221926, -33.390055804135486 ], [ -70.637470829559305, -33.390172623747617 ] ] ] ] } },
{ "type": "Feature", "properties": { "OBJECTID": 3702, "NOMBRE": "ZONAS ESPECIALES", "NOMBRE_ZON": "AREAS VERDES", "ZONA": "Z-AV", "Shape_STAr": 150.44772177600001, "Shape_STLe": 50.119466195400001 }, "geometry": { "type": "MultiPolygon", "coordinates": [ [ [ [ -70.629267322507928, -33.394148145607971 ], [ -70.629319968288215, -33.394225480172423 ], [ -70.62946107176478, -33.394149896561572 ], [ -70.629397264508668, -33.394075638707747 ], [ -70.629267322507928, -33.394148145607971 ] ] ] ] } },
{ "type": "Feature", "properties": { "OBJECTID": 4096, "NOMBRE": "ZONAS ESPECIALES", "NOMBRE_ZON": "AREAS VERDES", "ZONA": "Z-AV", "Shape_STAr": 411.72385324099997, "Shape_STLe": 96.096472042299993 }, "geometry": { "type": "MultiPolygon", "coordinates": [ [ [ [ -70.640733385455789, -33.386424581549655 ], [ -70.640878155079903, -33.386707200521975 ], [ -70.640963886377492, -33.386648359258018 ], [ -70.640843629331414, -33.386340463370658 ], [ -70.640842812812707, -33.38633837289332 ], [ -70.640724537594849, -33.386406820573264 ], [ -70.640733385455789, -33.386424581549655 ] ] ] ] } },
{ "type": "Feature", "properties": { "OBJECTID": 4098, "NOMBRE": "ZONAS ESPECIALES", "NOMBRE_ZON": "AREAS VERDES", "ZONA": "Z-AV", "Shape_STAr": 251.41980579099999, "Shape_STLe": 74.433404781099995 }, "geometry": { "type": "MultiPolygon", "coordinates": [ [ [ [ -70.640932760477256, -33.386888528146656 ], [ -70.641062398285371, -33.387037230643344 ], [ -70.641106186175435, -33.38701268795495 ], [ -70.641007222208856, -33.386759313321441 ], [ -70.640910118010211, -33.386837997479603 ], [ -70.640910262787045, -33.386838322029135 ], [ -70.640899545857209, -33.386847302637015 ], [ -70.640931605892007, -33.386885953346685 ], [ -70.640932760477256, -33.386888528146656 ] ] ] ] } },
{ "type": "Feature", "properties": { "OBJECTID": 4101, "NOMBRE": "ZONAS ESPECIALES", "NOMBRE_ZON": "AREAS VERDES", "ZONA": "Z-AV", "Shape_STAr": 345.78321942399998, "Shape_STLe": 92.208803531200004 }, "geometry": { "type": "MultiPolygon", "coordinates": [ [ [ [ -70.641097940652287, -33.387310985007126 ], [ -70.641236476249034, -33.387492626356313 ], [ -70.641282387858155, -33.387463813283574 ], [ -70.641155231338715, -33.387138257326555 ], [ -70.641054987581967, -33.387220705897626 ], [ -70.641055230480404, -33.387221217632636 ], [ -70.641042592239572, -33.387231960597227 ], [ -70.641095263406925, -33.387305356895823 ], [ -70.641097940652287, -33.387310985007126 ] ] ] ] } },
{ "type": "Feature", "properties": { "OBJECTID": 4496, "NOMBRE": "AREAS DE EDIFICACIÓN BAJA", "NOMBRE_ZON": "AREA RINCONADA, POBL. LEMUS Y ZONA HAB. NORTE", "ZONA": "E-B1", "Shape_STAr": 0.24449860673000001, "Shape_STLe": 10.795324947199999 }, "geometry": { "type": "MultiPolygon", "coordinates": [ [ [ [ -70.648837079068471, -33.380239885974419 ], [ -70.64888986560662, -33.380220837665192 ], [ -70.648836592460853, -33.380239163758091 ], [ -70.648837079068471, -33.380239885974419 ] ] ] ] } },
{ "type": "Feature", "properties": { "OBJECTID": 4497, "NOMBRE": "ZONAS ESPECIALES", "NOMBRE_ZON": "AREAS VERDES", "ZONA": "Z-AV", "Shape_STAr": 1627.8585972799999, "Shape_STLe": 455.00942126299998 }, "geometry": { "type": "MultiPolygon", "coordinates": [ [ [ [ -70.64888986560662, -33.380220837665192 ], [ -70.648837079068471, -33.380239885974419 ], [ -70.648976281787483, -33.38044645825341 ], [ -70.64904040660933, -33.38067944447301 ], [ -70.649050288573008, -33.380750896226488 ], [ -70.649080343836033, -33.380836396505906 ], [ -70.649113242762624, -33.380921858984948 ], [ -70.647717710951909, -33.381000171607887 ], [ -70.647717301770598, -33.38100019147047 ], [ -70.647734604250914, -33.381050850421978 ], [ -70.649202728630698, -33.380964989452941 ], [ -70.649161700037482, -33.380716606907427 ], [ -70.649157617708511, -33.38068115595685 ], [ -70.649152546108937, -33.380653544268583 ], [ -70.649122435722646, -33.380565181414035 ], [ -70.649054545290838, -33.380343697667122 ], [ -70.649048516911364, -33.380325643698626 ], [ -70.648958471750703, -33.38019608154066 ], [ -70.64888986560662, -33.380220837665192 ] ] ] ] } },
{ "type": "Feature", "properties": { "OBJECTID": 4502, "NOMBRE": "ZONAS ESPECIALES", "NOMBRE_ZON": "AREAS VERDES", "ZONA": "Z-AV", "Shape_STAr": 602.06212426800005, "Shape_STLe": 104.514534564 }, "geometry": { "type": "MultiPolygon", "coordinates": [ [ [ [ -70.630511681322744, -33.395448506907641 ], [ -70.630617562157099, -33.395756355566085 ], [ -70.630794204538347, -33.395710129725813 ], [ -70.630689783941506, -33.395410091767147 ], [ -70.630511681322744, -33.395448506907641 ] ] ] ] } },
{ "type": "Feature", "properties": { "OBJECTID": 4503, "NOMBRE": "ZONAS ESPECIALES", "NOMBRE_ZON": "AREAS VERDES", "ZONA": "Z-AV", "Shape_STAr": 1249.06042368, "Shape_STLe": 244.26498352499999 }, "geometry": { "type": "MultiPolygon", "coordinates": [ [ [ [ -70.630710263605678, -33.396211361150996 ], [ -70.631042387101829, -33.397178619730887 ], [ -70.631159876652021, -33.397133170100972 ], [ -70.630819746202235, -33.396183559599187 ], [ -70.630710263605678, -33.396211361150996 ] ] ] ] } },
{ "type": "Feature", "properties": { "OBJECTID": 4504, "NOMBRE": "ZONAS ESPECIALES", "NOMBRE_ZON": "AREAS VERDES", "ZONA": "Z-AV", "Shape_STAr": 531.77230960700001, "Shape_STLe": 100.705772986 }, "geometry": { "type": "MultiPolygon", "coordinates": [ [ [ [ -70.631377214834117, -33.398158931727671 ], [ -70.631420632454564, -33.398294127505672 ], [ -70.631787745851653, -33.398210557414316 ], [ -70.631744410668148, -33.398083709874463 ], [ -70.631377214834117, -33.398158931727671 ] ] ] ] } },
{ "type": "Feature", "properties": { "OBJECTID": 4505, "NOMBRE": "ZONAS ESPECIALES", "NOMBRE_ZON": "AREAS VERDES", "ZONA": "Z-AV", "Shape_STAr": 277.08702548000002, "Shape_STLe": 146.81497099699999 }, "geometry": { "type": "MultiPolygon", "coordinates": [ [ [ [ -70.628257441027458, -33.402227150383936 ], [ -70.628305287932633, -33.402231288554816 ], [ -70.628309986898302, -33.40220917430895 ], [ -70.628274374684878, -33.402195804896614 ], [ -70.627969744404155, -33.402113427960273 ], [ -70.627731137718811, -33.402048263054247 ], [ -70.62759645279327, -33.402011458735871 ], [ -70.627579531071547, -33.402038266846525 ], [ -70.627612339037384, -33.402056079620166 ], [ -70.627728461268745, -33.402086874163395 ], [ -70.62793430029366, -33.402141459483772 ], [ -70.628070347192363, -33.402177536711633 ], [ -70.628200712592488, -33.402212106539999 ], [ -70.628257441027458, -33.402227150383936 ] ] ] ] } },
{ "type": "Feature", "properties": { "OBJECTID": 4506, "NOMBRE": "ZONAS ESPECIALES", "NOMBRE_ZON": "AREAS VERDES", "ZONA": "Z-AV", "Shape_STAr": 381.79176345600001, "Shape_STLe": 180.06243088400001 }, "geometry": { "type": "MultiPolygon", "coordinates": [ [ [ [ -70.627194851146697, -33.401952768125682 ], [ -70.627352745603162, -33.401994889557784 ], [ -70.627396718810516, -33.401994093554322 ], [ -70.627409176784283, -33.401971809011378 ], [ -70.627234662644199, -33.401922471829813 ], [ -70.626940490105014, -33.401842198014194 ], [ -70.626674807674263, -33.401769697090415 ], [ -70.626577288109402, -33.401743327332689 ], [ -70.626527438715286, -33.401739377976263 ], [ -70.626505231255663, -33.40173983598698 ], [ -70.626515198026269, -33.401766581802391 ], [ -70.626531900011642, -33.401775909642325 ], [ -70.626572274928435, -33.401786680253352 ], [ -70.626693823367333, -33.401819107296532 ], [ -70.62692852214515, -33.401881718271731 ], [ -70.627194851146697, -33.401952768125682 ] ] ] ] } },
{ "type": "Feature", "properties": { "OBJECTID": 4507, "NOMBRE": "ZONAS ESPECIALES", "NOMBRE_ZON": "AREAS VERDES", "ZONA": "Z-AV", "Shape_STAr": 559.410304709, "Shape_STLe": 244.715122232 }, "geometry": { "type": "MultiPolygon", "coordinates": [ [ [ [ -70.626064010985516, -33.401662383490482 ], [ -70.626266402626143, -33.401718792520356 ], [ -70.626322294107055, -33.401716191201658 ], [ -70.626347614699441, -33.401695560741977 ], [ -70.626316751559798, -33.40167754176256 ], [ -70.626263153412552, -33.401663576962534 ], [ -70.626090452446675, -33.401618579259399 ], [ -70.625938405652974, -33.401578850580087 ], [ -70.625785329310276, -33.401538679777516 ], [ -70.625642884001309, -33.401501296828961 ], [ -70.625498182769775, -33.401463322811324 ], [ -70.625378410660062, -33.40143189037812 ], [ -70.625279656258172, -33.401405973154169 ], [ -70.625205618051254, -33.401386542713396 ], [ -70.625191962258967, -33.401382753537852 ], [ -70.625154171622114, -33.401370608487881 ], [ -70.625116442824677, -33.401370907044495 ], [ -70.625109891553876, -33.401389093607115 ], [ -70.625122433477841, -33.40139796660101 ], [ -70.625123644734899, -33.40139840165115 ], [ -70.625135262598022, -33.401402572854757 ], [ -70.625142675174374, -33.401405234463063 ], [ -70.625147805919937, -33.401407016913446 ], [ -70.625161422042154, -33.401410812024523 ], [ -70.62537222135019, -33.401469567188393 ], [ -70.626064010985516, -33.401662383490482 ] ] ] ] } },
{ "type": "Feature", "properties": { "OBJECTID": 4508, "NOMBRE": "ZONAS ESPECIALES", "NOMBRE_ZON": "AREAS VERDES", "ZONA": "Z-AV", "Shape_STAr": 688.03578454700005, "Shape_STLe": 266.18741968500001 }, "geometry": { "type": "MultiPolygon", "coordinates": [ [ [ [ -70.62465075340738, -33.401280491376482 ], [ -70.624864237838977, -33.401340569514069 ], [ -70.624919352985842, -33.401336474737995 ], [ -70.624911648107954, -33.401308757639846 ], [ -70.624875825081816, -33.401290833020141 ], [ -70.624544978809169, -33.401196030850031 ], [ -70.623792445732178, -33.400989152312974 ], [ -70.62365157140664, -33.400952030558088 ], [ -70.623593816828262, -33.400945954137136 ], [ -70.623584039137882, -33.400962783202246 ], [ -70.623611794813669, -33.400985866773716 ], [ -70.623909947343307, -33.40107041719795 ], [ -70.62465075340738, -33.401280491376482 ] ] ] ] } },
{ "type": "Feature", "properties": { "OBJECTID": 4509, "NOMBRE": "ZONAS ESPECIALES", "NOMBRE_ZON": "AREAS VERDES", "ZONA": "Z-AV", "Shape_STAr": 563.36541331499996, "Shape_STLe": 294.69995891100001 }, "geometry": { "type": "MultiPolygon", "coordinates": [ [ [ [ -70.623413996023132, -33.400919834682902 ], [ -70.62345032479962, -33.400923181251201 ], [ -70.623458559152425, -33.400906963997542 ], [ -70.623433426892959, -33.400891329493568 ], [ -70.623386201558844, -33.400879112564965 ], [ -70.623180709753143, -33.400825952564809 ], [ -70.622928244706699, -33.400760640355273 ], [ -70.622504677659123, -33.400640289049512 ], [ -70.622045381723822, -33.400509225179192 ], [ -70.621976201786794, -33.40050554025111 ], [ -70.621968167033927, -33.400529155269474 ], [ -70.622003535025314, -33.40054503321565 ], [ -70.622020522961549, -33.400549941646922 ], [ -70.62246568839646, -33.400668605290015 ], [ -70.623102968066348, -33.400838474459832 ], [ -70.623272194104928, -33.400883582276407 ], [ -70.623394354423581, -33.400916144380183 ], [ -70.623413996023132, -33.400919834682902 ] ] ] ] } },
{ "type": "Feature", "properties": { "OBJECTID": 4510, "NOMBRE": "ZONAS ESPECIALES", "NOMBRE_ZON": "AREAS VERDES", "ZONA": "Z-AV", "Shape_STAr": 682.19706876099997, "Shape_STLe": 274.50693678900001 }, "geometry": { "type": "MultiPolygon", "coordinates": [ [ [ [ -70.621829287829655, -33.400493145250714 ], [ -70.621859804224144, -33.400497089538092 ], [ -70.621880684301061, -33.400483364769251 ], [ -70.62187917767811, -33.400465645348106 ], [ -70.621879111822267, -33.400465630877875 ], [ -70.621876894674998, -33.40046516295255 ], [ -70.621838656861911, -33.400457086395662 ], [ -70.62156794871116, -33.400384185543288 ], [ -70.621170018074551, -33.400277331380209 ], [ -70.620571335752189, -33.400123269363618 ], [ -70.620517896147078, -33.400119598043901 ], [ -70.620490544994666, -33.400134804961297 ], [ -70.620500750235735, -33.400156089370057 ], [ -70.62051743438559, -33.40016456513461 ], [ -70.620563209626482, -33.400176031043522 ], [ -70.621158791015105, -33.400325207784803 ], [ -70.621492563008943, -33.400408808034321 ], [ -70.621659658245903, -33.400450659643454 ], [ -70.621751334602081, -33.400473621409837 ], [ -70.621815196327731, -33.400489616613569 ], [ -70.621829287829655, -33.400493145250714 ] ] ] ] } },
{ "type": "Feature", "properties": { "OBJECTID": 4512, "NOMBRE": "ZONAS ESPECIALES", "NOMBRE_ZON": "AREAS VERDES", "ZONA": "Z-AV", "Shape_STAr": 5216.6427138400004, "Shape_STLe": 490.86462365900002 }, "geometry": { "type": "MultiPolygon", "coordinates": [ [ [ [ -70.630202355321543, -33.399961258575729 ], [ -70.630252758855292, -33.400146712377477 ], [ -70.631451121654081, -33.399880417245576 ], [ -70.632156217097929, -33.399706501026337 ], [ -70.632564156114313, -33.399615233574345 ], [ -70.632491883061348, -33.399401434417101 ], [ -70.63249025568102, -33.399398238988461 ], [ -70.630826732985767, -33.399806305640467 ], [ -70.630202355321543, -33.399961258575729 ] ] ] ] } },
{ "type": "Feature", "properties": { "OBJECTID": 4513, "NOMBRE": "ZONAS ESPECIALES", "NOMBRE_ZON": "AREAS VERDES", "ZONA": "Z-AV", "Shape_STAr": 5001.6589396999998, "Shape_STLe": 397.26363012000002 }, "geometry": { "type": "MultiPolygon", "coordinates": [ [ [ [ -70.632631167448196, -33.399341550390432 ], [ -70.632679139244516, -33.399602983128119 ], [ -70.63446792473249, -33.399192879001276 ], [ -70.634339167773803, -33.398940454670971 ], [ -70.633855993711634, -33.39905467121222 ], [ -70.633558396657918, -33.399123651268098 ], [ -70.632631167448196, -33.399341550390432 ] ] ] ] } },
{ "type": "Feature", "properties": { "OBJECTID": 4514, "NOMBRE": "ZONAS ESPECIALES", "NOMBRE_ZON": "AREAS VERDES", "ZONA": "Z-AV", "Shape_STAr": 8411.9961977999992, "Shape_STLe": 596.70474272000001 }, "geometry": { "type": "MultiPolygon", "coordinates": [ [ [ [ -70.634442835078275, -33.398925473927825 ], [ -70.634523449180634, -33.39917841883036 ], [ -70.634629039212967, -33.399153739521907 ], [ -70.634900753165681, -33.399092128710805 ], [ -70.635185381865412, -33.399027483760946 ], [ -70.635891724339743, -33.398867484156959 ], [ -70.637289673095864, -33.398554565606972 ], [ -70.637215146753718, -33.398312165870315 ], [ -70.637198543338513, -33.398254808308664 ], [ -70.637093062054589, -33.39828065802137 ], [ -70.636940143458759, -33.398317751772396 ], [ -70.63669460813891, -33.398377285596517 ], [ -70.636265945580405, -33.398481665700011 ], [ -70.63578240825268, -33.398598995869477 ], [ -70.635336746310941, -33.398707176318261 ], [ -70.634442835078275, -33.398925473927825 ] ] ] ] } },
{ "type": "Feature", "properties": { "OBJECTID": 4515, "NOMBRE": "ZONAS ESPECIALES", "NOMBRE_ZON": "AREAS VERDES", "ZONA": "Z-AV", "Shape_STAr": 7883.8716262999997, "Shape_STLe": 638.31459996800004 }, "geometry": { "type": "MultiPolygon", "coordinates": [ [ [ [ -70.637339347532176, -33.39826647395077 ], [ -70.637442991016727, -33.398514215040237 ], [ -70.638824174698428, -33.39816955859861 ], [ -70.64046177501433, -33.397755639298026 ], [ -70.640350506125742, -33.397556677214006 ], [ -70.639135490253111, -33.397841889526667 ], [ -70.63737150013587, -33.398251732984754 ], [ -70.637336271610508, -33.398261780821386 ], [ -70.637339347532176, -33.39826647395077 ] ] ] ] } },
{ "type": "Feature", "properties": { "OBJECTID": 4516, "NOMBRE": "ZONAS ESPECIALES", "NOMBRE_ZON": "AREAS VERDES", "ZONA": "Z-AV", "Shape_STAr": 1054.45305259, "Shape_STLe": 171.69857109099999 }, "geometry": { "type": "MultiPolygon", "coordinates": [ [ [ [ -70.638905434003533, -33.399541867392792 ], [ -70.638912973537913, -33.399570687779132 ], [ -70.639028855093756, -33.399542670874958 ], [ -70.63911177654586, -33.399522820772255 ], [ -70.639505475106176, -33.39942813938886 ], [ -70.639651780985162, -33.399392702661146 ], [ -70.639611332453583, -33.399275413650713 ], [ -70.639417168490468, -33.399315775507745 ], [ -70.639223005410258, -33.399356137051804 ], [ -70.639025606112696, -33.399396970323686 ], [ -70.638875986465564, -33.399428009466504 ], [ -70.638905434003533, -33.399541867392792 ] ] ] ] } },
{ "type": "Feature", "properties": { "OBJECTID": 4896, "NOMBRE": "ZONAS ESPECIALES", "NOMBRE_ZON": "AREAS VERDES", "ZONA": "Z-AV", "Shape_STAr": 2043.4828827399999, "Shape_STLe": 302.94507301099998 }, "geometry": { "type": "MultiPolygon", "coordinates": [ [ [ [ -70.636789580169989, -33.401418245761924 ], [ -70.636835783920134, -33.401424555899283 ], [ -70.638254987030521, -33.401291345986245 ], [ -70.63821966141758, -33.401084402575201 ], [ -70.637433988387102, -33.40123937358922 ], [ -70.637212073707758, -33.401283821130512 ], [ -70.63678608121765, -33.401368184257848 ], [ -70.636789580169989, -33.401418245761924 ] ] ] ] } },
{ "type": "Feature", "properties": { "OBJECTID": 4897, "NOMBRE": "ZONAS ESPECIALES", "NOMBRE_ZON": "AREAS VERDES", "ZONA": "Z-AV", "Shape_STAr": 1184.4506761, "Shape_STLe": 164.61002575500001 }, "geometry": { "type": "MultiPolygon", "coordinates": [ [ [ [ -70.634107148803352, -33.400693753775407 ], [ -70.634436698866878, -33.400723056179181 ], [ -70.634490259145821, -33.400598153541047 ], [ -70.634484700178589, -33.400597510726946 ], [ -70.634490774937746, -33.400420620727523 ], [ -70.634490748124136, -33.400419188968442 ], [ -70.634486634465489, -33.400421142430154 ], [ -70.634036318099177, -33.400557247260316 ], [ -70.633917482900529, -33.400591740246433 ], [ -70.633902192375444, -33.400595521014623 ], [ -70.633896679226879, -33.400597382865641 ], [ -70.633891180554969, -33.400599960582007 ], [ -70.633878928697655, -33.400606564649188 ], [ -70.633824769114582, -33.400608352034602 ], [ -70.633826348016285, -33.400669892237843 ], [ -70.634107148803352, -33.400693753775407 ] ] ] ] } },
{ "type": "Feature", "properties": { "OBJECTID": 4898, "NOMBRE": "ZONAS ESPECIALES", "NOMBRE_ZON": "AREAS VERDES", "ZONA": "Z-AV", "Shape_STAr": 198.610539356, "Shape_STLe": 57.092622167199998 }, "geometry": { "type": "MultiPolygon", "coordinates": [ [ [ [ -70.633636546392339, -33.40094345427849 ], [ -70.633652922285464, -33.401058367665975 ], [ -70.633822277892136, -33.401043419670025 ], [ -70.6338195924193, -33.400940746964388 ], [ -70.633636546392339, -33.40094345427849 ] ] ] ] } },
{ "type": "Feature", "properties": { "OBJECTID": 4899, "NOMBRE": "ZONAS ESPECIALES", "NOMBRE_ZON": "AREAS VERDES", "ZONA": "Z-AV", "Shape_STAr": 919.20344646499996, "Shape_STLe": 184.82729945400001 }, "geometry": { "type": "MultiPolygon", "coordinates": [ [ [ [ -70.637146368958284, -33.402757407283985 ], [ -70.637171456868643, -33.402649645307335 ], [ -70.636715099108059, -33.402656395944582 ], [ -70.636489860070782, -33.402659726440078 ], [ -70.636286462342156, -33.402662734163293 ], [ -70.636290775682994, -33.402692587473851 ], [ -70.636292046735832, -33.402760376852626 ], [ -70.636872876475493, -33.402758358655731 ], [ -70.637146368958284, -33.402757407283985 ] ] ] ] } },
{ "type": "Feature", "properties": { "OBJECTID": 4901, "NOMBRE": "ZONAS ESPECIALES", "NOMBRE_ZON": "AREAS VERDES", "ZONA": "Z-AV", "Shape_STAr": 1450.5018737400001, "Shape_STLe": 257.32649367300002 }, "geometry": { "type": "MultiPolygon", "coordinates": [ [ [ [ -70.62960019662853, -33.406065577547842 ], [ -70.629646717928708, -33.406289829691538 ], [ -70.630859192521712, -33.406088971982868 ], [ -70.62960019662853, -33.406065577547842 ] ] ] ] } },
{ "type": "Feature", "properties": { "OBJECTID": 4902, "NOMBRE": "ZONAS ESPECIALES", "NOMBRE_ZON": "AREAS VERDES", "ZONA": "Z-AV", "Shape_STAr": 210.08700811200001, "Shape_STLe": 90.380748003500003 }, "geometry": { "type": "MultiPolygon", "coordinates": [ [ [ [ -70.623553938928595, -33.406090736998308 ], [ -70.623592064674071, -33.40613344761671 ], [ -70.623907891674122, -33.405888997844229 ], [ -70.623877718870872, -33.405855550572724 ], [ -70.623553938928595, -33.406090736998308 ] ] ] ] } },
{ "type": "Feature", "properties": { "OBJECTID": 4903, "NOMBRE": "ZONAS ESPECIALES", "NOMBRE_ZON": "AREAS VERDES", "ZONA": "Z-AV", "Shape_STAr": 271.47457834900001, "Shape_STLe": 67.202378896699997 }, "geometry": { "type": "MultiPolygon", "coordinates": [ [ [ [ -70.624046015305098, -33.405864085451974 ], [ -70.62408197351418, -33.405870056479571 ], [ -70.624218909498111, -33.405864412722465 ], [ -70.624120161534194, -33.405665323307034 ], [ -70.624014032934639, -33.405750686264682 ], [ -70.624012459006607, -33.405803678862412 ], [ -70.624022510789473, -33.405839338394472 ], [ -70.624046015305098, -33.405864085451974 ] ] ] ] } },
{ "type": "Feature", "properties": { "OBJECTID": 4904, "NOMBRE": "ZONAS ESPECIALES", "NOMBRE_ZON": "AREAS VERDES", "ZONA": "Z-AV", "Shape_STAr": 1583.4417363299999, "Shape_STLe": 274.61583247700003 }, "geometry": { "type": "MultiPolygon", "coordinates": [ [ [ [ -70.624584390327669, -33.406450461173037 ], [ -70.625013338591771, -33.406889374128198 ], [ -70.625112706281314, -33.406863018470276 ], [ -70.625076575383716, -33.406847743078067 ], [ -70.624900284975823, -33.40662819120552 ], [ -70.624665987518611, -33.406340585202038 ], [ -70.624417044290212, -33.406034606234861 ], [ -70.624362032002679, -33.405970279068413 ], [ -70.624212492145503, -33.405955500926694 ], [ -70.624223655788256, -33.406053602468667 ], [ -70.624298130101124, -33.406157139156029 ], [ -70.624584390327669, -33.406450461173037 ] ] ] ] } },
{ "type": "Feature", "properties": { "OBJECTID": 4905, "NOMBRE": "ZONAS ESPECIALES", "NOMBRE_ZON": "AREAS VERDES", "ZONA": "Z-AV", "Shape_STAr": 422.25029515, "Shape_STLe": 130.21700132500001 }, "geometry": { "type": "MultiPolygon", "coordinates": [ [ [ [ -70.639829663477173, -33.408091720183535 ], [ -70.639831337739366, -33.408225314380331 ], [ -70.640442705415992, -33.408107048331907 ], [ -70.639829663477173, -33.408091720183535 ] ] ] ] } },
{ "type": "Feature", "properties": { "OBJECTID": 4906, "NOMBRE": "ZONAS ESPECIALES", "NOMBRE_ZON": "AREAS VERDES", "ZONA": "Z-AV", "Shape_STAr": 1071.06202983, "Shape_STLe": 171.931494692 }, "geometry": { "type": "MultiPolygon", "coordinates": [ [ [ [ -70.629098170963132, -33.401934852785743 ], [ -70.629499465987763, -33.402462161565886 ], [ -70.629646311283707, -33.402403920220927 ], [ -70.629236784181273, -33.401862403411322 ], [ -70.629224538218779, -33.401853455710807 ], [ -70.629098170963132, -33.401934852785743 ] ] ] ] } },
{ "type": "Feature", "properties": { "OBJECTID": 4907, "NOMBRE": "ZONAS ESPECIALES", "NOMBRE_ZON": "AREAS VERDES", "ZONA": "Z-AV", "Shape_STAr": 691.11833212, "Shape_STLe": 126.89313827 }, "geometry": { "type": "MultiPolygon", "coordinates": [ [ [ [ -70.629769744510313, -33.402883077452422 ], [ -70.629843135877834, -33.402963495669063 ], [ -70.629967508415319, -33.402899895592796 ], [ -70.629689970427435, -33.402510147332791 ], [ -70.629577926393083, -33.402565266656154 ], [ -70.629576134192902, -33.402566140628956 ], [ -70.629769744510313, -33.402883077452422 ] ] ] ] } },
{ "type": "Feature", "properties": { "OBJECTID": 4908, "NOMBRE": "ZONAS ESPECIALES", "NOMBRE_ZON": "AREAS VERDES", "ZONA": "Z-AV", "Shape_STAr": 1403.8257613000001, "Shape_STLe": 241.42915822200001 }, "geometry": { "type": "MultiPolygon", "coordinates": [ [ [ [ -70.630467145368073, -33.403836091873067 ], [ -70.630630941734978, -33.403836630851686 ], [ -70.630135464007168, -33.403143565666831 ], [ -70.630020353788581, -33.402983610219493 ], [ -70.629897135708973, -33.403044548296926 ], [ -70.630467145368073, -33.403836091873067 ] ] ] ] } },
{ "type": "Feature", "properties": { "OBJECTID": 4910, "NOMBRE": "ZONAS ESPECIALES", "NOMBRE_ZON": "AREAS VERDES", "ZONA": "Z-AV", "Shape_STAr": 847.34981094299997, "Shape_STLe": 186.81051361300001 }, "geometry": { "type": "MultiPolygon", "coordinates": [ [ [ [ -70.631019613513757, -33.404578056708644 ], [ -70.631032587567546, -33.404594805429859 ], [ -70.631143519680307, -33.404590444698911 ], [ -70.631155742242726, -33.404591666491832 ], [ -70.630708529249816, -33.403976143761028 ], [ -70.630565729893121, -33.403967608293165 ], [ -70.631017176751868, -33.404577812786648 ], [ -70.631019613513757, -33.404578056708644 ] ] ] ] } },
{ "type": "Feature", "properties": { "OBJECTID": 4912, "NOMBRE": "ZONAS ESPECIALES", "NOMBRE_ZON": "AREAS VERDES", "ZONA": "Z-AV", "Shape_STAr": 894.50865044700004, "Shape_STLe": 183.895536115 }, "geometry": { "type": "MultiPolygon", "coordinates": [ [ [ [ -70.631703417852506, -33.405336551649533 ], [ -70.631718000144204, -33.405337513279356 ], [ -70.631328011076732, -33.404799108204152 ], [ -70.631278173637554, -33.404729237474854 ], [ -70.631137487676085, -33.404727644270039 ], [ -70.631506054509671, -33.405247785517162 ], [ -70.631557618565623, -33.405325207933942 ], [ -70.631703417852506, -33.405336551649533 ] ] ] ] } },
{ "type": "Feature", "properties": { "OBJECTID": 4913, "NOMBRE": "ZONAS ESPECIALES", "NOMBRE_ZON": "AREAS VERDES", "ZONA": "Z-AV", "Shape_STAr": 969.60097223900004, "Shape_STLe": 181.166621365 }, "geometry": { "type": "MultiPolygon", "coordinates": [ [ [ [ -70.631204470454151, -33.405300565252126 ], [ -70.631326646544224, -33.405304384920569 ], [ -70.631340020219511, -33.405258872952082 ], [ -70.631340178339897, -33.405258300913616 ], [ -70.630930480791122, -33.404695171111044 ], [ -70.630783958137997, -33.404694712093551 ], [ -70.631204470454151, -33.405300565252126 ] ] ] ] } },
{ "type": "Feature", "properties": { "OBJECTID": 4915, "NOMBRE": "ZONAS ESPECIALES", "NOMBRE_ZON": "AREAS VERDES", "ZONA": "Z-AV", "Shape_STAr": 752.100313927, "Shape_STLe": 162.28665587 }, "geometry": { "type": "MultiPolygon", "coordinates": [ [ [ [ -70.630461506384833, -33.404241667629861 ], [ -70.630581986613748, -33.404411857266787 ], [ -70.63062125994864, -33.40446739091675 ], [ -70.630664828936787, -33.404529024004532 ], [ -70.630712961377924, -33.404597219252956 ], [ -70.630730569411639, -33.40459703738054 ], [ -70.630766691801696, -33.404596610308964 ], [ -70.630803522967, -33.404596078314469 ], [ -70.630844992928445, -33.404595556568324 ], [ -70.630673839777074, -33.40435106837225 ], [ -70.630447888144829, -33.404027857598898 ], [ -70.630351370569343, -33.404084722423818 ], [ -70.630461506384833, -33.404241667629861 ] ] ] ] } },
{ "type": "Feature", "properties": { "OBJECTID": 4916, "NOMBRE": "ZONAS ESPECIALES", "NOMBRE_ZON": "AREAS VERDES", "ZONA": "Z-AV", "Shape_STAr": 937.85400647200004, "Shape_STLe": 188.20859475200001 }, "geometry": { "type": "MultiPolygon", "coordinates": [ [ [ [ -70.63211411250154, -33.406056031820334 ], [ -70.632142167072757, -33.406095749197391 ], [ -70.632294005651261, -33.406086532990855 ], [ -70.631908809931986, -33.40557483056763 ], [ -70.631837408337901, -33.405471781232919 ], [ -70.631696923179064, -33.405471674970137 ], [ -70.63211411250154, -33.406056031820334 ] ] ] ] } },
{ "type": "Feature", "properties": { "OBJECTID": 4917, "NOMBRE": "ZONAS ESPECIALES", "NOMBRE_ZON": "AREAS VERDES", "ZONA": "Z-AV", "Shape_STAr": 2059.0167600700001, "Shape_STLe": 220.951812703 }, "geometry": { "type": "MultiPolygon", "coordinates": [ [ [ [ -70.63219743526713, -33.406195064194115 ], [ -70.632433173012814, -33.406565323003491 ], [ -70.633110980530034, -33.406298702248996 ], [ -70.633193616437367, -33.406214577965308 ], [ -70.63219743526713, -33.406195064194115 ] ] ] ] } },
{ "type": "Feature", "properties": { "OBJECTID": 4918, "NOMBRE": "ZONAS ESPECIALES", "NOMBRE_ZON": "AREAS VERDES", "ZONA": "Z-AV", "Shape_STAr": 802.50373731399998, "Shape_STLe": 153.70927028099999 }, "geometry": { "type": "MultiPolygon", "coordinates": [ [ [ [ -70.631328927973442, -33.405478067963976 ], [ -70.631683110259033, -33.405975444251339 ], [ -70.631818355722643, -33.405950901083706 ], [ -70.631485833982225, -33.405466934657163 ], [ -70.631328927973442, -33.405478067963976 ] ] ] ] } },
{ "type": "Feature", "properties": { "OBJECTID": 4919, "NOMBRE": "ZONAS ESPECIALES", "NOMBRE_ZON": "AREAS VERDES", "ZONA": "Z-AV", "Shape_STAr": 1638.5779279200001, "Shape_STLe": 330.54883157299997 }, "geometry": { "type": "MultiPolygon", "coordinates": [ [ [ [ -70.629960632886863, -33.403523779389566 ], [ -70.630241228388016, -33.403924536902572 ], [ -70.630361747378743, -33.403867274652413 ], [ -70.629991210926249, -33.403371262493749 ], [ -70.629647666242661, -33.402912871686759 ], [ -70.629476983354394, -33.402684853806043 ], [ -70.629400159213077, -33.402722251027697 ], [ -70.62969098314511, -33.403137790110961 ], [ -70.629960632886863, -33.403523779389566 ] ] ] ] } },
{ "type": "Feature", "properties": { "OBJECTID": 5302, "NOMBRE": "ZONAS ESPECIALES", "NOMBRE_ZON": "AREAS VERDES", "ZONA": "Z-AV", "Shape_STAr": 179.21334844500001, "Shape_STLe": 62.612177698499998 }, "geometry": { "type": "MultiPolygon", "coordinates": [ [ [ [ -70.635749941775671, -33.411084163368031 ], [ -70.635806032252546, -33.411190573955047 ], [ -70.636004217770363, -33.411134488649012 ], [ -70.635974384189339, -33.41108862536182 ], [ -70.635973343179643, -33.411088906936442 ], [ -70.635874681997436, -33.411108162770226 ], [ -70.63582934640857, -33.411057814369187 ], [ -70.635749941775671, -33.411084163368031 ] ] ] ] } },
{ "type": "Feature", "properties": { "OBJECTID": 5303, "NOMBRE": "ZONAS ESPECIALES", "NOMBRE_ZON": "AREAS VERDES", "ZONA": "Z-AV", "Shape_STAr": 143.22238646900001, "Shape_STLe": 51.320422902600001 }, "geometry": { "type": "MultiPolygon", "coordinates": [ [ [ [ -70.635399275824653, -33.411222426289513 ], [ -70.635427244236951, -33.411304067455326 ], [ -70.635532555063165, -33.411273427938752 ], [ -70.635493662216433, -33.411121112653746 ], [ -70.635399275824653, -33.411222426289513 ] ] ] ] } },
{ "type": "Feature", "properties": { "OBJECTID": 5304, "NOMBRE": "ZONAS ESPECIALES", "NOMBRE_ZON": "AREAS VERDES", "ZONA": "Z-AV", "Shape_STAr": 837.34005385600005, "Shape_STLe": 198.20327938299999 }, "geometry": { "type": "MultiPolygon", "coordinates": [ [ [ [ -70.635043726229824, -33.410934128144532 ], [ -70.63526468183872, -33.41167397799866 ], [ -70.635375160550282, -33.411642959343638 ], [ -70.635107781269127, -33.410850605557442 ], [ -70.63510041695497, -33.410849487868887 ], [ -70.635043726229824, -33.410934128144532 ] ] ] ] } },
{ "type": "Feature", "properties": { "OBJECTID": 5305, "NOMBRE": "ZONAS ESPECIALES", "NOMBRE_ZON": "AREAS VERDES", "ZONA": "Z-AV", "Shape_STAr": 230.23464898, "Shape_STLe": 80.359968886199994 }, "geometry": { "type": "MultiPolygon", "coordinates": [ [ [ [ -70.635047706728884, -33.410616875931566 ], [ -70.635088407612656, -33.410746720940267 ], [ -70.635159601037657, -33.410713144206191 ], [ -70.635139016243045, -33.410661625134772 ], [ -70.635084892706757, -33.410495606017477 ], [ -70.635064621363881, -33.410430798805024 ], [ -70.634992991139768, -33.410463665185212 ], [ -70.635016122101689, -33.410526083637841 ], [ -70.635047706728884, -33.410616875931566 ] ] ] ] } },
{ "type": "Feature", "properties": { "OBJECTID": 5306, "NOMBRE": "ZONAS ESPECIALES", "NOMBRE_ZON": "AREAS VERDES", "ZONA": "Z-AV", "Shape_STAr": 310.88577491500001, "Shape_STLe": 84.093255834600001 }, "geometry": { "type": "MultiPolygon", "coordinates": [ [ [ [ -70.63484298820822, -33.410118809261419 ], [ -70.634947622411119, -33.410390386884202 ], [ -70.63503825735107, -33.410354403089372 ], [ -70.634938872592102, -33.410071120006876 ], [ -70.63484298820822, -33.410118809261419 ] ] ] ] } },
{ "type": "Feature", "properties": { "OBJECTID": 5307, "NOMBRE": "ZONAS ESPECIALES", "NOMBRE_ZON": "AREAS VERDES", "ZONA": "Z-AV", "Shape_STAr": 487.77319541399999, "Shape_STLe": 109.04403727099999 }, "geometry": { "type": "MultiPolygon", "coordinates": [ [ [ [ -70.634676451630369, -33.409677772310914 ], [ -70.634800709986322, -33.410050395231821 ], [ -70.634914105559346, -33.40999999876842 ], [ -70.634783607175052, -33.409629232111925 ], [ -70.634676451630369, -33.409677772310914 ] ] ] ] } },
{ "type": "Feature", "properties": { "OBJECTID": 5308, "NOMBRE": "ZONAS ESPECIALES", "NOMBRE_ZON": "AREAS VERDES", "ZONA": "Z-AV", "Shape_STAr": 253.22336226499999, "Shape_STLe": 66.649389666399998 }, "geometry": { "type": "MultiPolygon", "coordinates": [ [ [ [ -70.633191772687553, -33.410404662500589 ], [ -70.633194045211027, -33.410556674385724 ], [ -70.63334059094008, -33.41053848648977 ], [ -70.633319549054804, -33.41033980571612 ], [ -70.633312895560877, -33.410342937014846 ], [ -70.633191772687553, -33.410404662500589 ] ] ] ] } },
{ "type": "Feature", "properties": { "OBJECTID": 5312, "NOMBRE": "AREAS DE EDIFICACIÓN BAJA", "NOMBRE_ZON": "AREA RINCONADA, POBL. LEMUS Y ZONA HAB. NORTE", "ZONA": "E-B1", "Shape_STAr": 459349.33223900001, "Shape_STLe": 5066.6934614299998 }, "geometry": { "type": "MultiPolygon", "coordinates": [ [ [ [ -70.632027587612797, -33.408827536864536 ], [ -70.626797096481383, -33.410356659377562 ], [ -70.624723800873696, -33.410937310538685 ], [ -70.624650927552651, -33.410959790047947 ], [ -70.62476782567137, -33.411209952675044 ], [ -70.624813257054214, -33.411263987967899 ], [ -70.624834761837178, -33.412108453450365 ], [ -70.626557203856407, -33.412232824333152 ], [ -70.62651977884066, -33.412440340981853 ], [ -70.626495258057432, -33.412576526499116 ], [ -70.626773826282772, -33.412598747734251 ], [ -70.626933140019261, -33.412611455423281 ], [ -70.627183323346046, -33.412631411992756 ], [ -70.627370972744856, -33.412646379832715 ], [ -70.627623548128909, -33.412666525976128 ], [ -70.628057112258574, -33.412701106257579 ], [ -70.628299104166516, -33.412723199916279 ], [ -70.628402585095003, -33.412732959184858 ], [ -70.628404361435514, -33.412724483880851 ], [ -70.628825063094069, -33.412763456324051 ], [ -70.628823424111005, -33.412773814661229 ], [ -70.628819505691922, -33.412798587174024 ], [ -70.628816034626752, -33.412817601017082 ], [ -70.628810427257065, -33.412844699893171 ], [ -70.628805263757542, -33.41286965469321 ], [ -70.628797464675301, -33.412907342818535 ], [ -70.628763937627198, -33.413069363665365 ], [ -70.628722183203436, -33.413271138934256 ], [ -70.628708506346669, -33.413337230820169 ], [ -70.628716643576183, -33.413338730132132 ], [ -70.628767380213176, -33.413348082343454 ], [ -70.628837288212821, -33.413361809173978 ], [ -70.628917632698517, -33.413375774966653 ], [ -70.628958659505344, -33.413384178731157 ], [ -70.628982720428382, -33.413390852836891 ], [ -70.629126779545729, -33.413429917496494 ], [ -70.629174157176564, -33.413277142405775 ], [ -70.629254243281792, -33.412982481502482 ], [ -70.629293496260985, -33.412844850253975 ], [ -70.629398575577667, -33.41248028270018 ], [ -70.629560319353175, -33.41256527760325 ], [ -70.629729764297522, -33.412654318630636 ], [ -70.629875661679264, -33.412730985470297 ], [ -70.630125608851785, -33.412862328199409 ], [ -70.630233511684324, -33.412919028651082 ], [ -70.630387986186179, -33.413000201323712 ], [ -70.630563556122837, -33.413092478507551 ], [ -70.630739609425945, -33.413185857432559 ], [ -70.630853231114827, -33.413254889555375 ], [ -70.630981649092917, -33.413332912172415 ], [ -70.631062670294398, -33.413382767833056 ], [ -70.631116426058128, -33.413414798348342 ], [ -70.631162426005957, -33.413425873942892 ], [ -70.631199584379416, -33.413434820236404 ], [ -70.631228330023873, -33.41344174071866 ], [ -70.631244769925019, -33.413452661238381 ], [ -70.63127268230869, -33.413471204668397 ], [ -70.631341875292833, -33.413517170985372 ], [ -70.631378449744474, -33.413541466883594 ], [ -70.631410080730674, -33.41356248109161 ], [ -70.631436326074962, -33.413579915511825 ], [ -70.631464322985394, -33.413603204130936 ], [ -70.631499898620092, -33.413632796066125 ], [ -70.631543186263542, -33.413668802286374 ], [ -70.631569720562823, -33.41369087370731 ], [ -70.631595456368885, -33.413712281055332 ], [ -70.631608086137419, -33.413722786300227 ], [ -70.632359064688032, -33.41416865423701 ], [ -70.632768762608166, -33.414397018311554 ], [ -70.633197907782829, -33.414636254423122 ], [ -70.633604455876537, -33.414861911942587 ], [ -70.633683475433955, -33.41494024319406 ], [ -70.634692501253127, -33.415357950138485 ], [ -70.634698543060296, -33.415403529356858 ], [ -70.635263206793667, -33.415549423323284 ], [ -70.635816133398322, -33.415691526676113 ], [ -70.637284935216456, -33.416038652722932 ], [ -70.637316809313646, -33.415966281132278 ], [ -70.637406445778623, -33.415570951460033 ], [ -70.637698479375317, -33.414278752784668 ], [ -70.637842404608023, -33.413640599303946 ], [ -70.637530292279635, -33.413553224149432 ], [ -70.637178826593839, -33.41346073030568 ], [ -70.635855371636396, -33.413126126260046 ], [ -70.635303728070042, -33.412963652382842 ], [ -70.635303015484467, -33.412963442632694 ], [ -70.635302680383916, -33.412963349652955 ], [ -70.635302601598767, -33.412963334458716 ], [ -70.635302431309029, -33.412963715473403 ], [ -70.635148592504095, -33.413352466428641 ], [ -70.635062716889905, -33.413325836522588 ], [ -70.635097975453505, -33.413239662491272 ], [ -70.635208017997925, -33.412945759318333 ], [ -70.635211154393758, -33.412936387613208 ], [ -70.635119869670888, -33.41290950078357 ], [ -70.635296448208067, -33.41245856902146 ], [ -70.635150108095431, -33.411788581861138 ], [ -70.635254847996123, -33.411758885297651 ], [ -70.634989358668463, -33.410955625731319 ], [ -70.634957688988109, -33.410859667951037 ], [ -70.634902595277197, -33.410702691592476 ], [ -70.634794516268045, -33.410418358738653 ], [ -70.634659863518593, -33.410064107882206 ], [ -70.634516609454877, -33.409681731999349 ], [ -70.633662306146164, -33.40834963155303 ], [ -70.632027587612797, -33.408827536864536 ] ], [ [ -70.632311398062669, -33.410438021471776 ], [ -70.632308394285701, -33.41018069047383 ], [ -70.632870549364853, -33.410175098636742 ], [ -70.633001385206882, -33.410173796458054 ], [ -70.633004392084814, -33.410431126461617 ], [ -70.632311398062669, -33.410438021471776 ] ], [ [ -70.635018995938353, -33.414137986017117 ], [ -70.635544294917537, -33.415068367456982 ], [ -70.635806541607607, -33.415532835206584 ], [ -70.635797860060265, -33.415551069310709 ], [ -70.635716590179129, -33.415533334351458 ], [ -70.635403172391548, -33.414999409283439 ], [ -70.634930354889931, -33.414193922750236 ], [ -70.634955306709173, -33.414111371105051 ], [ -70.634988568111268, -33.414111052595835 ], [ -70.635018995938353, -33.414137986017117 ] ], [ [ -70.635072741372753, -33.411769774979213 ], [ -70.634988999335889, -33.411811401806908 ], [ -70.634710479017286, -33.411055182516399 ], [ -70.63477766266125, -33.411041158265192 ], [ -70.634845422544004, -33.411068443838865 ], [ -70.635072741372753, -33.411769774979213 ] ], [ [ -70.63530843289125, -33.414262357502537 ], [ -70.635335113097511, -33.414257563302755 ], [ -70.635375405593095, -33.414270970755055 ], [ -70.635698388257538, -33.414846603131238 ], [ -70.635637084196333, -33.414831037937169 ], [ -70.635590048340205, -33.414790649215028 ], [ -70.635316409403089, -33.414298581733426 ], [ -70.63530843289125, -33.414262357502537 ] ], [ [ -70.634783671062635, -33.413724024855853 ], [ -70.634789190808988, -33.413821282337459 ], [ -70.634463119921676, -33.413851133101822 ], [ -70.634417558833832, -33.413811169981123 ], [ -70.634449831432448, -33.413749302876532 ], [ -70.634783671062635, -33.413724024855853 ] ], [ [ -70.63575263235559, -33.415043197726042 ], [ -70.635755640942577, -33.415015942566974 ], [ -70.635795744182218, -33.415020095968366 ], [ -70.636135074627362, -33.415624883190752 ], [ -70.636132312904593, -33.415626996540887 ], [ -70.63606648820172, -33.415612108961326 ], [ -70.63575263235559, -33.415043197726042 ] ], [ [ -70.633649694261806, -33.409409712966266 ], [ -70.633515526982137, -33.40944609318737 ], [ -70.633405226342234, -33.409258721741963 ], [ -70.633467322675116, -33.409240390417615 ], [ -70.633514847464838, -33.40922636061368 ], [ -70.633516962728095, -33.409225736645475 ], [ -70.633649694261806, -33.409409712966266 ] ], [ [ -70.633312895560877, -33.410342937014846 ], [ -70.633319549054804, -33.41033980571612 ], [ -70.63334059094008, -33.41053848648977 ], [ -70.633194045211027, -33.410556674385724 ], [ -70.633191772687553, -33.410404662500589 ], [ -70.633312895560877, -33.410342937014846 ] ], [ [ -70.635158982265651, -33.413463975372544 ], [ -70.635042481786883, -33.413756404357862 ], [ -70.63502126517119, -33.413756126712507 ], [ -70.635009718436322, -33.413653968777126 ], [ -70.635084235531778, -33.413441485174864 ], [ -70.635158982265651, -33.413463975372544 ] ], [ [ -70.634880711002623, -33.410939885134383 ], [ -70.634865263659179, -33.41094233430281 ], [ -70.634853606329415, -33.410942289549162 ], [ -70.634840705639235, -33.410940335769908 ], [ -70.634831483194148, -33.410937612944899 ], [ -70.634821530121513, -33.410933257511992 ], [ -70.634813044786199, -33.41092809453167 ], [ -70.63480354584155, -33.410920142014682 ], [ -70.634802052420184, -33.410918603331446 ], [ -70.634799935362167, -33.410916263923937 ], [ -70.634796394811559, -33.410911756334151 ], [ -70.63479442227289, -33.410908865805787 ], [ -70.634792434200747, -33.410905548013496 ], [ -70.634788973047947, -33.410898333879409 ], [ -70.634785846031306, -33.41088794810549 ], [ -70.63478470989763, -33.410878906877322 ], [ -70.634785151875008, -33.4108684064269 ], [ -70.634786520490181, -33.41086139107005 ], [ -70.634788118155811, -33.410856212432677 ], [ -70.634790676871958, -33.410850100357699 ], [ -70.634793976218219, -33.410844146262058 ], [ -70.63479760993647, -33.410838935378472 ], [ -70.63480230247427, -33.410833475161233 ], [ -70.634809518469908, -33.410826907601916 ], [ -70.634814715844158, -33.410823138881099 ], [ -70.634823592932662, -33.410818105990536 ], [ -70.634827007280222, -33.410816567554058 ], [ -70.634833149900814, -33.410814235618822 ], [ -70.634848170617502, -33.410810769399738 ], [ -70.634855805527252, -33.410810087988281 ], [ -70.634864073782595, -33.410810208975974 ], [ -70.63486569150993, -33.410810232745099 ], [ -70.634866913179707, -33.41081041053684 ], [ -70.634869650294561, -33.410810605329281 ], [ -70.63487389388375, -33.41081142868304 ], [ -70.634877817700442, -33.410812001032838 ], [ -70.634879310619581, -33.410812480068593 ], [ -70.63488146370068, -33.410812897194866 ], [ -70.634887828251962, -33.410814891127863 ], [ -70.634890919635666, -33.410816202228155 ], [ -70.634892303281674, -33.410816645728914 ], [ -70.63489346795636, -33.410817282402554 ], [ -70.634896143106118, -33.410818416818799 ], [ -70.634903201164292, -33.410822357684786 ], [ -70.634904784474514, -33.410823471320739 ], [ -70.634905506972473, -33.410823866720406 ], [ -70.634906410303273, -33.410824615960379 ], [ -70.634909426538783, -33.410826736994473 ], [ -70.634912958557464, -33.410829698952568 ], [ -70.634915642510222, -33.410832221172605 ], [ -70.634915894655904, -33.410832478478689 ], [ -70.634917721669837, -33.410834374398341 ], [ -70.634922275887888, -33.410839838093473 ], [ -70.634929018728585, -33.410851058195675 ], [ -70.634932416428001, -33.41086010748942 ], [ -70.634934126937523, -33.410868180693498 ], [ -70.634934697343141, -33.410877272664933 ], [ -70.634933690534027, -33.410887240362996 ], [ -70.634931400558372, -33.410895814508528 ], [ -70.634928802532173, -33.410902123703863 ], [ -70.634924179441313, -33.410910199226471 ], [ -70.634917659540704, -33.410918392639466 ], [ -70.634908875995023, -33.410926351652122 ], [ -70.6349032862868, -33.410930243688227 ], [ -70.634893085632527, -33.410935629511862 ], [ -70.634880711002623, -33.410939885134383 ] ] ] ] } },
{ "type": "Feature", "properties": { "OBJECTID": 5323, "NOMBRE": "ZONAS ESPECIALES", "NOMBRE_ZON": "AREAS VERDES", "ZONA": "Z-AV", "Shape_STAr": 160.46622981300001, "Shape_STLe": 44.965779343100003 }, "geometry": { "type": "MultiPolygon", "coordinates": [ [ [ [ -70.634915894655904, -33.410832478478689 ], [ -70.634906410303273, -33.410824615960379 ], [ -70.634904784474514, -33.410823471320739 ], [ -70.63489346795636, -33.410817282402554 ], [ -70.634890919635666, -33.410816202228155 ], [ -70.634879310619581, -33.410812480068593 ], [ -70.63487389388375, -33.41081142868304 ], [ -70.634866913179707, -33.41081041053684 ], [ -70.634864073782595, -33.410810208975974 ], [ -70.634855805527252, -33.410810087988281 ], [ -70.634848170617502, -33.410810769399738 ], [ -70.634833149900814, -33.410814235618822 ], [ -70.634827007280222, -33.410816567554058 ], [ -70.634823592932662, -33.410818105990536 ], [ -70.634814715844158, -33.410823138881099 ], [ -70.634809518469908, -33.410826907601916 ], [ -70.63480230247427, -33.410833475161233 ], [ -70.63479760993647, -33.410838935378472 ], [ -70.634793976218219, -33.410844146262058 ], [ -70.634790676871958, -33.410850100357699 ], [ -70.634788118155811, -33.410856212432677 ], [ -70.634786520490181, -33.41086139107005 ], [ -70.634785151875008, -33.4108684064269 ], [ -70.63478470989763, -33.410878906877322 ], [ -70.634785846031306, -33.41088794810549 ], [ -70.634788973047947, -33.410898333879409 ], [ -70.634792434200747, -33.410905548013496 ], [ -70.63479442227289, -33.410908865805787 ], [ -70.634796394811559, -33.410911756334151 ], [ -70.634799935362167, -33.410916263923937 ], [ -70.634802052420184, -33.410918603331446 ], [ -70.63480354584155, -33.410920142014682 ], [ -70.634813044786199, -33.41092809453167 ], [ -70.634821530121513, -33.410933257511992 ], [ -70.634831483194148, -33.410937612944899 ], [ -70.634840705639235, -33.410940335769908 ], [ -70.634853606329415, -33.410942289549162 ], [ -70.634865263659179, -33.41094233430281 ], [ -70.634880711002623, -33.410939885134383 ], [ -70.634893085632527, -33.410935629511862 ], [ -70.6349032862868, -33.410930243688227 ], [ -70.634908875995023, -33.410926351652122 ], [ -70.634917659540704, -33.410918392639466 ], [ -70.634924179441313, -33.410910199226471 ], [ -70.634928802532173, -33.410902123703863 ], [ -70.634931400558372, -33.410895814508528 ], [ -70.634933690534027, -33.410887240362996 ], [ -70.634934697343141, -33.410877272664933 ], [ -70.634934126937523, -33.410868180693498 ], [ -70.634932416428001, -33.41086010748942 ], [ -70.634929018728585, -33.410851058195675 ], [ -70.634922275887888, -33.410839838093473 ], [ -70.634917721669837, -33.410834374398341 ], [ -70.634915894655904, -33.410832478478689 ] ] ] ] } },
{ "type": "Feature", "properties": { "OBJECTID": 5326, "NOMBRE": "ZONAS ESPECIALES", "NOMBRE_ZON": "AREAS VERDES", "ZONA": "Z-AV", "Shape_STAr": 278.94120040199999, "Shape_STLe": 71.152861474600002 }, "geometry": { "type": "MultiPolygon", "coordinates": [ [ [ [ -70.633405226342234, -33.409258721741963 ], [ -70.633515526982137, -33.40944609318737 ], [ -70.633649694261806, -33.409409712966266 ], [ -70.633516962728095, -33.409225736645475 ], [ -70.633514847464838, -33.40922636061368 ], [ -70.633467322675116, -33.409240390417615 ], [ -70.633405226342234, -33.409258721741963 ] ] ] ] } },
{ "type": "Feature", "properties": { "OBJECTID": 5330, "NOMBRE": "ZONAS ESPECIALES", "NOMBRE_ZON": "AREAS VERDES", "ZONA": "Z-AV", "Shape_STAr": 775.32876919499995, "Shape_STLe": 192.52077286400001 }, "geometry": { "type": "MultiPolygon", "coordinates": [ [ [ [ -70.635302444209998, -33.412963715303306 ], [ -70.635303776304326, -33.412960489021508 ], [ -70.635344715327321, -33.412853595285981 ], [ -70.635422749045247, -33.41265273031425 ], [ -70.635441747206542, -33.412603003497502 ], [ -70.635346988683565, -33.412576479175968 ], [ -70.635211440929567, -33.412936471313316 ], [ -70.635211154393758, -33.412936387613208 ], [ -70.635208017997925, -33.412945759318333 ], [ -70.635097975453505, -33.413239662491272 ], [ -70.635062716889905, -33.413325836522588 ], [ -70.635148592504095, -33.413352466428641 ], [ -70.635301850710931, -33.412965154335915 ], [ -70.635302419500036, -33.412963716530925 ], [ -70.635302444209998, -33.412963715303306 ] ] ] ] } },
{ "type": "Feature", "properties": { "OBJECTID": 5334, "NOMBRE": "ZONAS ESPECIALES", "NOMBRE_ZON": "AREAS VERDES", "ZONA": "Z-AV", "Shape_STAr": 212.662484683, "Shape_STLe": 79.493596010600001 }, "geometry": { "type": "MultiPolygon", "coordinates": [ [ [ [ -70.63502126517119, -33.413756126712507 ], [ -70.635042481786883, -33.413756404357862 ], [ -70.635158982265651, -33.413463975372544 ], [ -70.635084235531778, -33.413441485174864 ], [ -70.635009718436322, -33.413653968777126 ], [ -70.63502126517119, -33.413756126712507 ] ] ] ] } },
{ "type": "Feature", "properties": { "OBJECTID": 5335, "NOMBRE": "ZONAS ESPECIALES", "NOMBRE_ZON": "AREAS VERDES", "ZONA": "Z-AV", "Shape_STAr": 362.62569680199999, "Shape_STLe": 86.099051681600002 }, "geometry": { "type": "MultiPolygon", "coordinates": [ [ [ [ -70.634417558833832, -33.413811169981123 ], [ -70.634463119921676, -33.413851133101822 ], [ -70.634789190808988, -33.413821282337459 ], [ -70.634783671062635, -33.413724024855853 ], [ -70.634449831432448, -33.413749302876532 ], [ -70.634417558833832, -33.413811169981123 ] ] ] ] } },
{ "type": "Feature", "properties": { "OBJECTID": 5336, "NOMBRE": "ZONAS ESPECIALES", "NOMBRE_ZON": "AREAS VERDES", "ZONA": "Z-AV", "Shape_STAr": 8542.2186600999994, "Shape_STLe": 1168.34080442 }, "geometry": { "type": "MultiPolygon", "coordinates": [ [ [ [ -70.639680931636477, -33.418445158982941 ], [ -70.639793016685431, -33.418474219368342 ], [ -70.639826461222199, -33.418376424551468 ], [ -70.639620455731148, -33.418073726995217 ], [ -70.639368462294641, -33.417685738463412 ], [ -70.639283757031578, -33.417538919952307 ], [ -70.639117948011489, -33.417194649634638 ], [ -70.638952230005913, -33.41685515034181 ], [ -70.638808903897811, -33.416556395443578 ], [ -70.638766310265879, -33.416470104698931 ], [ -70.638691881892356, -33.416203844886937 ], [ -70.638652208237829, -33.41603066105732 ], [ -70.638589535570276, -33.415663074804165 ], [ -70.63858172272586, -33.415610684231751 ], [ -70.638587392726805, -33.41548844095125 ], [ -70.638603240189298, -33.415180901918703 ], [ -70.638615324307892, -33.4149154081706 ], [ -70.638640711808222, -33.414570519081039 ], [ -70.638672335580111, -33.41419405201956 ], [ -70.638699460994118, -33.41382050768113 ], [ -70.638786361541591, -33.413599838412551 ], [ -70.63873111101654, -33.413506079016443 ], [ -70.638631682997982, -33.41354461573826 ], [ -70.638544422552968, -33.413746200593586 ], [ -70.638496377794254, -33.414278458621986 ], [ -70.638449525156744, -33.414934778415713 ], [ -70.638418995176295, -33.415611878951964 ], [ -70.63850124400193, -33.416112828311213 ], [ -70.638613525646207, -33.416516027207294 ], [ -70.638786409356925, -33.416873567241318 ], [ -70.63901117121712, -33.417326819029384 ], [ -70.639094210506002, -33.417506110340966 ], [ -70.639111852113373, -33.417536419495299 ], [ -70.639374622758965, -33.417952900157651 ], [ -70.639680931636477, -33.418445158982941 ] ] ] ] } },
{ "type": "Feature", "properties": { "OBJECTID": 5337, "NOMBRE": "ZONAS ESPECIALES", "NOMBRE_ZON": "AREAS VERDES", "ZONA": "Z-AV", "Shape_STAr": 1585.6717244399999, "Shape_STLe": 183.70309279 }, "geometry": { "type": "MultiPolygon", "coordinates": [ [ [ [ -70.640892175257108, -33.419937697708704 ], [ -70.640899332676724, -33.420013796841381 ], [ -70.64112896438813, -33.419977846979329 ], [ -70.640921505057534, -33.419373702703417 ], [ -70.640640284876426, -33.41949530778286 ], [ -70.640892175257108, -33.419937697708704 ] ] ] ] } },
{ "type": "Feature", "properties": { "OBJECTID": 5338, "NOMBRE": "ZONAS ESPECIALES", "NOMBRE_ZON": "AREAS VERDES", "ZONA": "Z-AV", "Shape_STAr": 2087.98304353, "Shape_STLe": 207.45875802899999 }, "geometry": { "type": "MultiPolygon", "coordinates": [ [ [ [ -70.640776162356659, -33.420914431197275 ], [ -70.640814950843563, -33.420919885422038 ], [ -70.641174277238235, -33.420862061740742 ], [ -70.641168381227672, -33.420745173306784 ], [ -70.641160011941039, -33.420618009681732 ], [ -70.64115262150419, -33.420515600060391 ], [ -70.6411413794753, -33.420354759524841 ], [ -70.641130683826219, -33.420204834720373 ], [ -70.640934279177429, -33.42023426482173 ], [ -70.640919948282232, -33.420362771344927 ], [ -70.640837761247639, -33.420622273679939 ], [ -70.640792501166175, -33.420757448095266 ], [ -70.64076006098793, -33.42086625381927 ], [ -70.640754663191473, -33.420893340455713 ], [ -70.640776162356659, -33.420914431197275 ] ] ] ] } },
{ "type": "Feature", "properties": { "OBJECTID": 5339, "NOMBRE": "ZONAS ESPECIALES", "NOMBRE_ZON": "AREAS VERDES", "ZONA": "Z-AV", "Shape_STAr": 83.994915825899994, "Shape_STLe": 36.9283087178 }, "geometry": { "type": "MultiPolygon", "coordinates": [ [ [ [ -70.640537024781338, -33.419316658486984 ], [ -70.64057660623547, -33.419378769723892 ], [ -70.640677517881883, -33.419335678246632 ], [ -70.640630091127818, -33.419270077933547 ], [ -70.640630047300817, -33.419270092040783 ], [ -70.640537024781338, -33.419316658486984 ] ] ] ] } },
{ "type": "Feature", "properties": { "OBJECTID": 5342, "NOMBRE": "ZONAS ESPECIALES", "NOMBRE_ZON": "AREAS VERDES", "ZONA": "Z-AV", "Shape_STAr": 3082.9036635799998, "Shape_STLe": 1026.6377009299999 }, "geometry": { "type": "MultiPolygon", "coordinates": [ [ [ [ -70.641868634081206, -33.429952588751327 ], [ -70.641920590725974, -33.430218866436675 ], [ -70.641934592465574, -33.430294766516433 ], [ -70.641990406718563, -33.430614674419893 ], [ -70.642018389678128, -33.430816018576031 ], [ -70.642046247006448, -33.43105202616136 ], [ -70.642062934178512, -33.431193391358846 ], [ -70.642079779961065, -33.431325700993447 ], [ -70.642103669102937, -33.431447756446047 ], [ -70.64211536919116, -33.431524895416224 ], [ -70.642132597957726, -33.431531929677774 ], [ -70.642147418659818, -33.431534917759421 ], [ -70.642168244522182, -33.431533978208016 ], [ -70.642186415000708, -33.43152488521779 ], [ -70.642183742524253, -33.431504690795194 ], [ -70.642172246585233, -33.431418922237455 ], [ -70.642082914400433, -33.430810047137641 ], [ -70.641977829455357, -33.430214337063767 ], [ -70.641977757444877, -33.430214339820978 ], [ -70.64194794785017, -33.430053961039114 ], [ -70.641928372866758, -33.429921195995362 ], [ -70.641908524145975, -33.429811698143467 ], [ -70.641895055273409, -33.429700923593096 ], [ -70.641882045853407, -33.429614599649618 ], [ -70.641852045435172, -33.429419337005491 ], [ -70.641821086837766, -33.429324303662057 ], [ -70.64180949803324, -33.429275541905326 ], [ -70.641802987782498, -33.42923208149346 ], [ -70.641780568076001, -33.429099354067503 ], [ -70.641780231147152, -33.429081462636702 ], [ -70.641721277076016, -33.429029303108294 ], [ -70.641653986663314, -33.428924373373334 ], [ -70.641346028702429, -33.428727508075475 ], [ -70.641281120367807, -33.428682059189022 ], [ -70.641239751496514, -33.428645359390124 ], [ -70.641166852072814, -33.428580829793987 ], [ -70.64105951236894, -33.428485813281924 ], [ -70.640939080045371, -33.428375063464841 ], [ -70.640753612996008, -33.428168779329944 ], [ -70.64070737824683, -33.428118843548226 ], [ -70.640686638044158, -33.428094630593414 ], [ -70.640611772630209, -33.427994679363429 ], [ -70.640564096767761, -33.42793067872325 ], [ -70.640554503787996, -33.427916772272013 ], [ -70.640472310978978, -33.427798580093203 ], [ -70.640375736973823, -33.427671955703481 ], [ -70.640318520451245, -33.427573311136612 ], [ -70.640270695932927, -33.427490236844186 ], [ -70.640252227824959, -33.427466383346079 ], [ -70.640239054895503, -33.427443578073422 ], [ -70.640230379776696, -33.427431004081164 ], [ -70.64021386061782, -33.427434024563816 ], [ -70.640205893513482, -33.427445135869327 ], [ -70.640200963180618, -33.4274578780973 ], [ -70.64020142557348, -33.42749286205823 ], [ -70.640212493617682, -33.427505143772635 ], [ -70.640290863443397, -33.427634545042807 ], [ -70.640371083898089, -33.427767001523321 ], [ -70.640397730820297, -33.427810997384206 ], [ -70.640477635272646, -33.427918982321351 ], [ -70.640509309919679, -33.427964724319573 ], [ -70.640570737987815, -33.428046583232444 ], [ -70.640634690756102, -33.428134974025404 ], [ -70.640666855392126, -33.428179654356192 ], [ -70.640695798381472, -33.428219738294125 ], [ -70.640739616620877, -33.428267625532456 ], [ -70.640814660145779, -33.428346559895623 ], [ -70.640996110703782, -33.428518336281542 ], [ -70.641163385840414, -33.428655460536618 ], [ -70.641298587840097, -33.42876202223286 ], [ -70.641609901429092, -33.428958882904418 ], [ -70.641615866929655, -33.428970049736385 ], [ -70.641633803627784, -33.429003628157247 ], [ -70.641636514273259, -33.429010268511071 ], [ -70.641663129532986, -33.42904772984123 ], [ -70.641686868927579, -33.42908114215065 ], [ -70.641689115948495, -33.429090006238319 ], [ -70.641708594459374, -33.42910436339622 ], [ -70.641710213572651, -33.429114780629327 ], [ -70.641718971584922, -33.429145386380611 ], [ -70.641723209121551, -33.429162629159123 ], [ -70.641723621185733, -33.429165606051619 ], [ -70.641726130759849, -33.429185556451692 ], [ -70.641729039022692, -33.429226678318074 ], [ -70.641729535317523, -33.429234128068252 ], [ -70.641732577046696, -33.42924452736785 ], [ -70.641737999184087, -33.429268017663126 ], [ -70.641747327586586, -33.429291158636957 ], [ -70.641751424757089, -33.42930094695155 ], [ -70.641752243286149, -33.429306603206818 ], [ -70.641755142475603, -33.429328337675699 ], [ -70.641757358989807, -33.429351572807718 ], [ -70.641764998746567, -33.429379508615035 ], [ -70.641783581521665, -33.429440704177559 ], [ -70.641799066443241, -33.429488519736232 ], [ -70.641807773964914, -33.42951644050072 ], [ -70.641817433737202, -33.429557174465273 ], [ -70.641823888930006, -33.42957886275056 ], [ -70.641824729914234, -33.429585710925309 ], [ -70.641826337829215, -33.429595532195215 ], [ -70.641833834063178, -33.429653594584991 ], [ -70.641844617020908, -33.429753966039478 ], [ -70.641849122051781, -33.429804312304483 ], [ -70.641851133274216, -33.429854393984968 ], [ -70.641856480369839, -33.429892798807074 ], [ -70.641868634081206, -33.429952588751327 ] ] ] ] } },
{ "type": "Feature", "properties": { "OBJECTID": 5347, "NOMBRE": "ZONAS ESPECIALES", "NOMBRE_ZON": "AREAS VERDES", "ZONA": "Z-AV", "Shape_STAr": 521.87988002199995, "Shape_STLe": 92.956340345300006 }, "geometry": { "type": "MultiPolygon", "coordinates": [ [ [ [ -70.644982988224072, -33.428753682239467 ], [ -70.645007462185291, -33.428934835189274 ], [ -70.645296123749588, -33.428901842174973 ], [ -70.645257218274764, -33.428748992558944 ], [ -70.645222591182517, -33.428723682239088 ], [ -70.645157725512973, -33.428724542833734 ], [ -70.645156419389281, -33.428740935560356 ], [ -70.644982988224072, -33.428753682239467 ] ] ] ] } },
{ "type": "Feature", "properties": { "OBJECTID": 5350, "NOMBRE": "AREAS DE EDIFICACIÓN MEDIA", "NOMBRE_ZON": "BELLAVISTA - BARRIO ORIENTE RECOLETA DOMINICA", "ZONA": "E-M3", "Shape_STAr": 0.00298031077, "Shape_STLe": 0.63927477637999996 }, "geometry": { "type": "MultiPolygon", "coordinates": [ [ [ [ -70.641051236320436, -33.425821550382423 ], [ -70.64105321664249, -33.425819395858639 ], [ -70.641053127999484, -33.425819200432862 ], [ -70.641051236320436, -33.425821550382423 ] ] ] ] } },
{ "type": "Feature", "properties": { "OBJECTID": 5351, "NOMBRE": "ZONAS ESPECIALES", "NOMBRE_ZON": "AREAS VERDES", "ZONA": "Z-AV", "Shape_STAr": 165.35018291399999, "Shape_STLe": 56.351069157200001 }, "geometry": { "type": "MultiPolygon", "coordinates": [ [ [ [ -70.641051236320436, -33.425821550382423 ], [ -70.641053127999484, -33.425819200432862 ], [ -70.641047930224076, -33.425807779008281 ], [ -70.640976518842493, -33.425750915830164 ], [ -70.640960454745269, -33.425691177485156 ], [ -70.640923834841857, -33.425673170043694 ], [ -70.640901848880233, -33.4256767418225 ], [ -70.64089561074276, -33.425685473812621 ], [ -70.640892861062383, -33.425690580281845 ], [ -70.640883455628369, -33.425701144312725 ], [ -70.640886909130202, -33.425714520543856 ], [ -70.640929996481105, -33.425849360996565 ], [ -70.640956418459112, -33.425854678463757 ], [ -70.640957473861221, -33.425854067486952 ], [ -70.640969124834641, -33.42584944023951 ], [ -70.640975475205053, -33.425846671460498 ], [ -70.640986115639635, -33.425845039031799 ], [ -70.641006329889493, -33.425841789188105 ], [ -70.641022282122677, -33.425838893344796 ], [ -70.641040350807984, -33.425835075778885 ], [ -70.641051236320436, -33.425821550382423 ] ] ] ] } },
{ "type": "Feature", "properties": { "OBJECTID": 5352, "NOMBRE": "ZONAS ESPECIALES", "NOMBRE_ZON": "AREAS VERDES", "ZONA": "Z-AV", "Shape_STAr": 742.09321589599995, "Shape_STLe": 110.89243851400001 }, "geometry": { "type": "MultiPolygon", "coordinates": [ [ [ [ -70.647580255113283, -33.430749396930132 ], [ -70.647656724320754, -33.43103113265699 ], [ -70.647903636044148, -33.430995639147646 ], [ -70.647811438931328, -33.430703875045793 ], [ -70.647580255113283, -33.430749396930132 ] ] ] ] } },
{ "type": "Feature", "properties": { "OBJECTID": 5353, "NOMBRE": "ZONAS ESPECIALES", "NOMBRE_ZON": "AREAS VERDES", "ZONA": "Z-AV", "Shape_STAr": 935.18415282299998, "Shape_STLe": 157.727771308 }, "geometry": { "type": "MultiPolygon", "coordinates": [ [ [ [ -70.647773479189141, -33.431155685543779 ], [ -70.647768375589024, -33.431156708399008 ], [ -70.647756426869677, -33.431156867180391 ], [ -70.647749679876455, -33.431161251340363 ], [ -70.647733421834047, -33.431174352695223 ], [ -70.647732337200054, -33.431177230410533 ], [ -70.647729573111675, -33.431181561643221 ], [ -70.64772311469892, -33.431201213514029 ], [ -70.647718761355804, -33.431211770438146 ], [ -70.647719356535703, -33.431243258854806 ], [ -70.647732253930201, -33.431263130586593 ], [ -70.647835783541197, -33.431410646520803 ], [ -70.647844110127721, -33.431429624848484 ], [ -70.647863943973931, -33.431455130988638 ], [ -70.647928501971094, -33.431528241819343 ], [ -70.648089538512068, -33.431706967532946 ], [ -70.648094749305628, -33.431711669843139 ], [ -70.648098750288355, -33.431712571699748 ], [ -70.648103890002531, -33.431713457519059 ], [ -70.648107286062512, -33.431712458247127 ], [ -70.648110229058062, -33.431711559688907 ], [ -70.648112471931526, -33.431709811896624 ], [ -70.648117353351125, -33.431703066277976 ], [ -70.648090775310564, -33.431621910576162 ], [ -70.648044840101178, -33.431483173442267 ], [ -70.647993905652868, -33.431340446308504 ], [ -70.647926916039083, -33.43113875730721 ], [ -70.647921307105776, -33.431135920750101 ], [ -70.647914160948659, -33.431130909574051 ], [ -70.647887977020886, -33.431130780483429 ], [ -70.647885701689631, -33.431130810721605 ], [ -70.647773479189141, -33.431155685543779 ] ] ] ] } },
{ "type": "Feature", "properties": { "OBJECTID": 5355, "NOMBRE": "ZONAS ESPECIALES", "NOMBRE_ZON": "AREAS VERDES", "ZONA": "Z-AV", "Shape_STAr": 3476.2436164400001, "Shape_STLe": 639.77859394999996 }, "geometry": { "type": "MultiPolygon", "coordinates": [ [ [ [ -70.650131070100954, -33.41930231379262 ], [ -70.65018723683545, -33.419636433469257 ], [ -70.650268969111906, -33.420122633655708 ], [ -70.650334889035463, -33.420514773323092 ], [ -70.650392252408977, -33.420855999536414 ], [ -70.650455550427793, -33.421231766104682 ], [ -70.650638449578949, -33.421212006861161 ], [ -70.65060924339042, -33.421058009790826 ], [ -70.65056448654488, -33.421067833885729 ], [ -70.650513919712424, -33.420803635375819 ], [ -70.650440247464729, -33.420395610490083 ], [ -70.650385983590525, -33.420090408952973 ], [ -70.650310377662692, -33.419666851311767 ], [ -70.650287776317214, -33.419544537643382 ], [ -70.650308354926622, -33.419543419697604 ], [ -70.650309494453552, -33.419543397319487 ], [ -70.650308809961075, -33.419512112073626 ], [ -70.650285603448296, -33.419512570579911 ], [ -70.650275238420889, -33.419458688067373 ], [ -70.650263160608716, -33.419395901142821 ], [ -70.650258638362118, -33.419371798623231 ], [ -70.650255191024058, -33.419348805478705 ], [ -70.650246224857639, -33.419290303218297 ], [ -70.650237594759332, -33.41923802361157 ], [ -70.650235287084172, -33.419224051624418 ], [ -70.650222939255386, -33.419171430090962 ], [ -70.650221629897487, -33.419165886837803 ], [ -70.650219207271292, -33.419146976162224 ], [ -70.650216273763121, -33.419123060822393 ], [ -70.650208741551822, -33.419080207847742 ], [ -70.650194464578888, -33.41900059499482 ], [ -70.650177719320652, -33.418907215198132 ], [ -70.650168026551668, -33.418853160493576 ], [ -70.650173959602995, -33.418829742223693 ], [ -70.650154420503597, -33.418746878844097 ], [ -70.650137179064018, -33.418669898179893 ], [ -70.650156924326254, -33.418663567056655 ], [ -70.650143169903927, -33.418560239963739 ], [ -70.650105598681279, -33.418557252482479 ], [ -70.650067729086445, -33.418553898307898 ], [ -70.650033392994345, -33.418548311077622 ], [ -70.650003075733679, -33.418542894925992 ], [ -70.650026730941448, -33.418681615153069 ], [ -70.650074325708147, -33.41896474955184 ], [ -70.650131070100954, -33.41930231379262 ] ] ] ] } },
{ "type": "Feature", "properties": { "OBJECTID": 5356, "NOMBRE": "ZONAS ESPECIALES", "NOMBRE_ZON": "AREAS VERDES", "ZONA": "Z-AV", "Shape_STAr": 2238.4886116299999, "Shape_STLe": 434.597534096 }, "geometry": { "type": "MultiPolygon", "coordinates": [ [ [ [ -70.6505287899043, -33.421410045096998 ], [ -70.650555599297505, -33.42162429185796 ], [ -70.650605733651076, -33.422035092751187 ], [ -70.650657822536402, -33.422461908392961 ], [ -70.650700197113409, -33.422809116347103 ], [ -70.650741517146614, -33.423126048601695 ], [ -70.650759788769562, -33.423271055612467 ], [ -70.650850711432284, -33.423266976574403 ], [ -70.650886036820552, -33.423239336947987 ], [ -70.650850219762305, -33.42297531480181 ], [ -70.650833360773078, -33.422935834441873 ], [ -70.650826596189631, -33.422860170031292 ], [ -70.650811364262324, -33.422821704208665 ], [ -70.650788612983987, -33.422616968328462 ], [ -70.650755188322293, -33.422314367434659 ], [ -70.65074592160444, -33.422230481883332 ], [ -70.650723731668904, -33.422029587498727 ], [ -70.650702500474921, -33.421839679038122 ], [ -70.65065251794914, -33.421500323502841 ], [ -70.650650444247503, -33.421486845323486 ], [ -70.650637078451837, -33.421490134528639 ], [ -70.65063041291306, -33.42143553728048 ], [ -70.650590378100958, -33.421403481661784 ], [ -70.6505287899043, -33.421410045096998 ] ] ] ] } },
{ "type": "Feature", "properties": { "OBJECTID": 5357, "NOMBRE": "ZONAS ESPECIALES", "NOMBRE_ZON": "AREAS VERDES", "ZONA": "Z-AV", "Shape_STAr": 2039.6127784600001, "Shape_STLe": 347.076172429 }, "geometry": { "type": "MultiPolygon", "coordinates": [ [ [ [ -70.650918465535511, -33.424867803910246 ], [ -70.651010561313441, -33.424874814216665 ], [ -70.651040901189731, -33.424852166700155 ], [ -70.651000653017235, -33.424406731569405 ], [ -70.650949462926704, -33.423835166311335 ], [ -70.650925815101516, -33.423411505659736 ], [ -70.650779289531883, -33.423422017257991 ], [ -70.650793028748581, -33.423684308696252 ], [ -70.650833129267326, -33.424062663463765 ], [ -70.650900683941757, -33.424700035524893 ], [ -70.650918465535511, -33.424867803910246 ] ] ] ] } },
{ "type": "Feature", "properties": { "OBJECTID": 5358, "NOMBRE": "ZONAS ESPECIALES", "NOMBRE_ZON": "AREAS VERDES", "ZONA": "Z-AV", "Shape_STAr": 1664.84518327, "Shape_STLe": 343.58868435300002 }, "geometry": { "type": "MultiPolygon", "coordinates": [ [ [ [ -70.651027846091665, -33.426168651790839 ], [ -70.651054825478028, -33.426473549491334 ], [ -70.65116810240778, -33.426439809028942 ], [ -70.651141469854466, -33.42613921837787 ], [ -70.651123588836114, -33.426105955368868 ], [ -70.651121818274717, -33.426055904966965 ], [ -70.651082429902871, -33.425529057743347 ], [ -70.651044065801727, -33.425016569249486 ], [ -70.650926325720988, -33.42500853049679 ], [ -70.650946802668145, -33.425252755111394 ], [ -70.650992262994222, -33.42576651812405 ], [ -70.651027846091665, -33.426168651790839 ] ] ] ] } },
{ "type": "Feature", "properties": { "OBJECTID": 5359, "NOMBRE": "ZONAS ESPECIALES", "NOMBRE_ZON": "AREAS VERDES", "ZONA": "Z-AV", "Shape_STAr": 366.75683712599999, "Shape_STLe": 93.154607867400003 }, "geometry": { "type": "MultiPolygon", "coordinates": [ [ [ [ -70.651179436819504, -33.426480565005612 ], [ -70.651078544663463, -33.426512447853369 ], [ -70.651092668928527, -33.42683444939653 ], [ -70.651199970941946, -33.426798958644355 ], [ -70.651189592703446, -33.426477489819675 ], [ -70.651179436819504, -33.426480565005612 ] ] ] ] } },
{ "type": "Feature", "properties": { "OBJECTID": 5361, "NOMBRE": "ZONAS ESPECIALES", "NOMBRE_ZON": "AREAS VERDES", "ZONA": "Z-AV", "Shape_STAr": 258.06184258899998, "Shape_STLe": 71.662250348900002 }, "geometry": { "type": "MultiPolygon", "coordinates": [ [ [ [ -70.65108498004173, -33.426887493553025 ], [ -70.651135141196164, -33.427100702167792 ], [ -70.651249319917085, -33.42705343212203 ], [ -70.651218565302571, -33.426946714463774 ], [ -70.651209814761259, -33.426949660015097 ], [ -70.651182752476473, -33.42684157921682 ], [ -70.65108498004173, -33.426887493553025 ] ] ] ] } },
{ "type": "Feature", "properties": { "OBJECTID": 5362, "NOMBRE": "ZONAS ESPECIALES", "NOMBRE_ZON": "AREAS VERDES", "ZONA": "Z-AV", "Shape_STAr": 1778.4456807700001, "Shape_STLe": 336.08712401100001 }, "geometry": { "type": "MultiPolygon", "coordinates": [ [ [ [ -70.651248513141596, -33.428398716740659 ], [ -70.651273427934569, -33.428655502223805 ], [ -70.651359746349712, -33.428633362714606 ], [ -70.651376195629936, -33.428615080058108 ], [ -70.651373749432551, -33.428346763125184 ], [ -70.651361388745869, -33.428261724899798 ], [ -70.651361165880672, -33.428260520321011 ], [ -70.651344267352513, -33.428248040415902 ], [ -70.651338238836715, -33.428234631164855 ], [ -70.651344327828909, -33.428216425154375 ], [ -70.651353381577579, -33.428207108653744 ], [ -70.651361630206551, -33.428202188460205 ], [ -70.651353154241733, -33.428129294810589 ], [ -70.651342364315823, -33.428036499787567 ], [ -70.651323035373409, -33.427870260027923 ], [ -70.651300021702667, -33.427672330416236 ], [ -70.651269380407271, -33.427408804239391 ], [ -70.651248858398333, -33.427232308520757 ], [ -70.65124797949403, -33.427226675686455 ], [ -70.65124709130167, -33.42722634481914 ], [ -70.65120236186543, -33.4272118817102 ], [ -70.651136014679651, -33.427239226561959 ], [ -70.65118206488232, -33.427713860191844 ], [ -70.651248513141596, -33.428398716740659 ] ] ] ] } },
{ "type": "Feature", "properties": { "OBJECTID": 5363, "NOMBRE": "ZONAS ESPECIALES", "NOMBRE_ZON": "AREAS VERDES", "ZONA": "Z-AV", "Shape_STAr": 589.94495570799995, "Shape_STLe": 126.011645504 }, "geometry": { "type": "MultiPolygon", "coordinates": [ [ [ [ -70.651315649588724, -33.429166229986421 ], [ -70.651322290388023, -33.429234105949512 ], [ -70.651407693911636, -33.42921820389514 ], [ -70.651441398630723, -33.429181602579519 ], [ -70.651418478642626, -33.428981446983734 ], [ -70.651392429455328, -33.428753949066675 ], [ -70.651355293488109, -33.42873624474263 ], [ -70.651275302139638, -33.428753829638914 ], [ -70.651292383505336, -33.428928423177332 ], [ -70.651315649588724, -33.429166229986421 ] ] ] ] } },
{ "type": "Feature", "properties": { "OBJECTID": 5364, "NOMBRE": "ZONAS ESPECIALES", "NOMBRE_ZON": "AREAS VERDES", "ZONA": "Z-AV", "Shape_STAr": 218.83102032299999, "Shape_STLe": 60.5221873399 }, "geometry": { "type": "MultiPolygon", "coordinates": [ [ [ [ -70.651298452162251, -33.429253589930781 ], [ -70.651315827912967, -33.429431166381626 ], [ -70.651433941236448, -33.429408398681751 ], [ -70.651419529729225, -33.429252185836766 ], [ -70.651390753897175, -33.429234943752419 ], [ -70.651385785974767, -33.429235853120815 ], [ -70.651298452162251, -33.429253589930781 ] ] ] ] } },
{ "type": "Feature", "properties": { "OBJECTID": 5365, "NOMBRE": "ZONAS ESPECIALES", "NOMBRE_ZON": "AREAS VERDES", "ZONA": "Z-AV", "Shape_STAr": 1129.9756043899999, "Shape_STLe": 228.36390821200001 }, "geometry": { "type": "MultiPolygon", "coordinates": [ [ [ [ -70.651374205763773, -33.430026752752902 ], [ -70.651410241559759, -33.430382319542893 ], [ -70.651496702482461, -33.430364719617437 ], [ -70.65152000049963, -33.430328062086581 ], [ -70.651497956934392, -33.430093069924631 ], [ -70.651462542491885, -33.429715523661812 ], [ -70.651435409888791, -33.429426255138786 ], [ -70.651317552740267, -33.429448352978724 ], [ -70.651342785063477, -33.429705969262578 ], [ -70.651374205763773, -33.430026752752902 ] ] ] ] } },
{ "type": "Feature", "properties": { "OBJECTID": 5366, "NOMBRE": "ZONAS ESPECIALES", "NOMBRE_ZON": "AREAS VERDES", "ZONA": "Z-AV", "Shape_STAr": 1180.66632211, "Shape_STLe": 168.438233207 }, "geometry": { "type": "MultiPolygon", "coordinates": [ [ [ [ -70.651374644289788, -33.430901188082949 ], [ -70.651377536523881, -33.43113818123161 ], [ -70.651494708640158, -33.431110179145854 ], [ -70.651526367605882, -33.431064741897799 ], [ -70.651552220358411, -33.431051536611733 ], [ -70.651584181914416, -33.431049209856539 ], [ -70.651585722298435, -33.431017881519153 ], [ -70.651594259555353, -33.43101631767022 ], [ -70.651577707815292, -33.430820748814369 ], [ -70.65155625840363, -33.43054441082954 ], [ -70.651526020673401, -33.430544611554822 ], [ -70.651522900760796, -33.4305048284318 ], [ -70.651493076617513, -33.430509884487449 ], [ -70.651494391893436, -33.430523276234368 ], [ -70.651370053446598, -33.430549881223236 ], [ -70.651372636050681, -33.430736579112406 ], [ -70.651374644289788, -33.430901188082949 ] ] ] ] } },
{ "type": "Feature", "properties": { "OBJECTID": 5696, "NOMBRE": "ZONAS ESPECIALES", "NOMBRE_ZON": "AREAS VERDES", "ZONA": "Z-AV", "Shape_STAr": 1839.5655036000001, "Shape_STLe": 185.994139206 }, "geometry": { "type": "MultiPolygon", "coordinates": [ [ [ [ -70.632311398062669, -33.410438021471776 ], [ -70.633004392084814, -33.410431126461617 ], [ -70.633001385206882, -33.410173796458054 ], [ -70.632870549364853, -33.410175098636742 ], [ -70.632308394285701, -33.41018069047383 ], [ -70.632311398062669, -33.410438021471776 ] ] ] ] } },
{ "type": "Feature", "properties": { "OBJECTID": 6096, "NOMBRE": "ZONAS ESPECIALES", "NOMBRE_ZON": "AREAS VERDES", "ZONA": "Z-AV", "Shape_STAr": 533.83041396500005, "Shape_STLe": 92.402418017399995 }, "geometry": { "type": "MultiPolygon", "coordinates": [ [ [ [ -70.650199926181259, -33.418149489981921 ], [ -70.650159498880086, -33.417911131627662 ], [ -70.650015284019801, -33.41793183095205 ], [ -70.64989579024126, -33.417948878003699 ], [ -70.649897271023235, -33.417956777264024 ], [ -70.649900542208727, -33.417974219306977 ], [ -70.64990641633625, -33.417999019013465 ], [ -70.6499083720703, -33.418005704406283 ], [ -70.649930703827351, -33.418040488461386 ], [ -70.649945488051571, -33.418060019285271 ], [ -70.649954397329438, -33.418071307090869 ], [ -70.649960762713462, -33.418078074503349 ], [ -70.649966412565135, -33.418083627653012 ], [ -70.649975156918941, -33.418092222986495 ], [ -70.649980489578226, -33.418097267214726 ], [ -70.649987312486004, -33.418103377418483 ], [ -70.649993057878632, -33.418108523472789 ], [ -70.649997315500912, -33.41811233657689 ], [ -70.65000006786029, -33.418114801632591 ], [ -70.650008154391216, -33.418119832669447 ], [ -70.650016098564237, -33.418124558076052 ], [ -70.650025968945613, -33.418130428429201 ], [ -70.650033153067668, -33.418133291749932 ], [ -70.650045774600329, -33.418138038795455 ], [ -70.650053577370386, -33.418140974146986 ], [ -70.650059447853522, -33.418143182179136 ], [ -70.650064063062729, -33.418144523119651 ], [ -70.650075464463939, -33.418146338316994 ], [ -70.650090029562577, -33.418148657027416 ], [ -70.650099326055951, -33.418149942897657 ], [ -70.650106153176552, -33.418149852063571 ], [ -70.650120490129737, -33.418149661310771 ], [ -70.650136420435928, -33.418149449356491 ], [ -70.650155577602206, -33.4181493847517 ], [ -70.650174452244769, -33.418149506974316 ], [ -70.650189030111221, -33.418149601593321 ], [ -70.650197226801268, -33.418149654860478 ], [ -70.650199926181259, -33.418149489981921 ] ] ] ] } },
{ "type": "Feature", "properties": { "OBJECTID": 6097, "NOMBRE": "ZONAS ESPECIALES", "NOMBRE_ZON": "AREAS VERDES", "ZONA": "Z-AV", "Shape_STAr": 631.16216232500005, "Shape_STLe": 152.03453842299999 }, "geometry": { "type": "MultiPolygon", "coordinates": [ [ [ [ -70.649848430039825, -33.4183028040053 ], [ -70.649865527975123, -33.418313320941387 ], [ -70.649879140814946, -33.418321693695475 ], [ -70.649888397034843, -33.418327387354509 ], [ -70.6498956229117, -33.418331831935241 ], [ -70.649911154104814, -33.418337807355492 ], [ -70.649965586570019, -33.418357734185868 ], [ -70.649978878216189, -33.418362600382167 ], [ -70.649996331475791, -33.418368989411093 ], [ -70.649999947260184, -33.418370310282512 ], [ -70.650001573312949, -33.418370539357731 ], [ -70.650007934104039, -33.418371435020781 ], [ -70.650031723143641, -33.41837478265554 ], [ -70.65005035802244, -33.418377406151883 ], [ -70.650070115380942, -33.418380186960476 ], [ -70.65008408668632, -33.418382153741391 ], [ -70.650106875101343, -33.418385361363804 ], [ -70.650120788180047, -33.418387319896958 ], [ -70.650129861923617, -33.418388597004345 ], [ -70.650141724116438, -33.418390267182396 ], [ -70.650148566896519, -33.418391230375143 ], [ -70.650154033622727, -33.418391479591421 ], [ -70.650164302666425, -33.418390624200242 ], [ -70.650176132899361, -33.418389638914476 ], [ -70.65018285222088, -33.418389078755531 ], [ -70.650185655709663, -33.41838884575661 ], [ -70.650185806246327, -33.41838884465546 ], [ -70.650176216835476, -33.418302678957289 ], [ -70.650166689634219, -33.418303125870437 ], [ -70.650148327014946, -33.418302955350484 ], [ -70.650119051439916, -33.418301493412464 ], [ -70.650090505990079, -33.418297753653874 ], [ -70.650073578568467, -33.418295000128467 ], [ -70.650052239780237, -33.418290937217577 ], [ -70.650028108827527, -33.418284749767167 ], [ -70.649988884879122, -33.418273238506664 ], [ -70.64997084554409, -33.418265996928632 ], [ -70.64995081577122, -33.41825722797698 ], [ -70.649933447105923, -33.418250079377643 ], [ -70.649928069048855, -33.418247865690454 ], [ -70.649921287376628, -33.418243765111626 ], [ -70.649907228339472, -33.418234430635486 ], [ -70.649875646296564, -33.418212971507977 ], [ -70.649865264868865, -33.41820538364459 ], [ -70.649853892595473, -33.41819606933354 ], [ -70.649845288261503, -33.418187883362911 ], [ -70.649836080527791, -33.418179123738895 ], [ -70.649825910166371, -33.418169447134105 ], [ -70.649813234930818, -33.418156459868214 ], [ -70.649806847680821, -33.418149104746576 ], [ -70.649798933434525, -33.418139991530829 ], [ -70.649792874884128, -33.418133014411353 ], [ -70.649788452536498, -33.418127655952965 ], [ -70.649785869471657, -33.418122599489728 ], [ -70.649782510262526, -33.418116023849151 ], [ -70.649779546387407, -33.418110222129776 ], [ -70.649774686257032, -33.41810070845586 ], [ -70.649767733332297, -33.418087098556946 ], [ -70.649762541507656, -33.418076934566948 ], [ -70.649757334086615, -33.418066741925657 ], [ -70.64975250409843, -33.418057286468638 ], [ -70.649748926015974, -33.418050282664254 ], [ -70.649746663474829, -33.41804585411851 ], [ -70.649742972575211, -33.41803862816105 ], [ -70.649740746895546, -33.418034272172982 ], [ -70.649739064829404, -33.418030910885697 ], [ -70.649735288511579, -33.418020192379011 ], [ -70.649730316739522, -33.418006083566155 ], [ -70.649722634131436, -33.417985109115385 ], [ -70.649632337711338, -33.418001030740172 ], [ -70.649630077282126, -33.418015476541662 ], [ -70.649629335655945, -33.418020615107153 ], [ -70.649628645088896, -33.418025837765427 ], [ -70.649628728102257, -33.418030226764458 ], [ -70.649628807517473, -33.418034425525448 ], [ -70.649629567575516, -33.418036458960216 ], [ -70.649634116707276, -33.418045394195396 ], [ -70.649643535526081, -33.418063894387132 ], [ -70.649650377675982, -33.418077334419372 ], [ -70.649659543144253, -33.418094663798314 ], [ -70.649680886961704, -33.418128447384525 ], [ -70.649696800904195, -33.418153637518991 ], [ -70.649724249837092, -33.418197085953608 ], [ -70.64973359639886, -33.418211877876431 ], [ -70.649736172778105, -33.418215273260827 ], [ -70.649751953837068, -33.418229002008147 ], [ -70.649783887724936, -33.418256782816684 ], [ -70.649799215026988, -33.418270116279828 ], [ -70.649806489440991, -33.418276445042586 ], [ -70.649816052347163, -33.418282888556476 ], [ -70.649830884922324, -33.41829201254675 ], [ -70.649848430039825, -33.4183028040053 ] ] ] ] } },
{ "type": "Feature", "properties": { "OBJECTID": 6098, "NOMBRE": "AREAS DE EDIFICACIÓN MEDIA", "NOMBRE_ZON": "PATRONATO - AV. LA PAZ", "ZONA": "E-M2", "Shape_STAr": 0.35948664543999997, "Shape_STLe": 11.8606731499 }, "geometry": { "type": "MultiPolygon", "coordinates": [ [ [ [ -70.650086606244059, -33.418555569850732 ], [ -70.650023772094457, -33.41854659213228 ], [ -70.650033392994345, -33.418548311077622 ], [ -70.650067729086445, -33.418553898307898 ], [ -70.650086606244059, -33.418555569850732 ] ] ] ] } },
{ "type": "Feature", "properties": { "OBJECTID": 6099, "NOMBRE": "ZONAS ESPECIALES", "NOMBRE_ZON": "AREAS VERDES", "ZONA": "Z-AV", "Shape_STAr": 782.31464024599995, "Shape_STLe": 187.32206133099999 }, "geometry": { "type": "MultiPolygon", "coordinates": [ [ [ [ -70.650003204077848, -33.418543653460141 ], [ -70.650003075733679, -33.418542894925992 ], [ -70.650023772094457, -33.41854659213228 ], [ -70.650086606244059, -33.418555569850732 ], [ -70.650101015661136, -33.418474683398081 ], [ -70.65009655971933, -33.418474031141123 ], [ -70.650078216964559, -33.418471672510485 ], [ -70.65007244706517, -33.41847091688949 ], [ -70.650063054191008, -33.418468915346303 ], [ -70.650055937540728, -33.418467289341187 ], [ -70.650050236899489, -33.418465988093118 ], [ -70.650039612157698, -33.418463561041435 ], [ -70.650022984562227, -33.41845949045797 ], [ -70.650012925128621, -33.418456589637472 ], [ -70.650004354659089, -33.418454118117459 ], [ -70.649998946100055, -33.418452737227454 ], [ -70.649992363263948, -33.41845153068175 ], [ -70.649987461740295, -33.418450631836819 ], [ -70.649979428508161, -33.41844915870675 ], [ -70.649973546048628, -33.418448080822067 ], [ -70.649962646337599, -33.418444989166737 ], [ -70.649948833246853, -33.418440755775286 ], [ -70.649930722629534, -33.41843520516764 ], [ -70.649904972659044, -33.418426888370881 ], [ -70.649901042220492, -33.418425136099337 ], [ -70.649894774362892, -33.418421421881305 ], [ -70.649890889445061, -33.418419119790094 ], [ -70.649884962109127, -33.418416181123447 ], [ -70.649877678816139, -33.418413306488247 ], [ -70.649870402008574, -33.418410433569989 ], [ -70.649864137211111, -33.418407961127933 ], [ -70.649854693364631, -33.418403662386972 ], [ -70.649829204748727, -33.418390002368788 ], [ -70.649795129419644, -33.41837255616008 ], [ -70.649788232933432, -33.418367787042577 ], [ -70.649772808666114, -33.418357117067167 ], [ -70.649737516815748, -33.418331584092257 ], [ -70.649709785987781, -33.418309224171047 ], [ -70.649692464176397, -33.418294318284424 ], [ -70.64967147839549, -33.418274747271767 ], [ -70.649655615473407, -33.418257486237529 ], [ -70.649635893663387, -33.418232987045826 ], [ -70.649618723114642, -33.418209758862837 ], [ -70.649597773057792, -33.41817820115363 ], [ -70.649579970916676, -33.418147733366411 ], [ -70.649569697368477, -33.418126856495434 ], [ -70.649551944989412, -33.418089921026485 ], [ -70.64954246016876, -33.418069692899373 ], [ -70.649531600129237, -33.418048680434396 ], [ -70.649522606717795, -33.418034362669289 ], [ -70.649516568609428, -33.418026133525224 ], [ -70.649511941071026, -33.418022888967116 ], [ -70.649499317093813, -33.418014655428138 ], [ -70.649491687600829, -33.418009678701296 ], [ -70.649483462364188, -33.418004703584486 ], [ -70.649441947090025, -33.418008554615419 ], [ -70.649447710724147, -33.418033546101171 ], [ -70.649455350997599, -33.418067354158893 ], [ -70.64945916015364, -33.418086463756225 ], [ -70.649462323082091, -33.418096252527548 ], [ -70.649490068345784, -33.418172321639048 ], [ -70.649501951262764, -33.418199597232181 ], [ -70.649513882880484, -33.418223249529412 ], [ -70.649526853731572, -33.418247263164076 ], [ -70.64953152654428, -33.418255914485293 ], [ -70.649533428111269, -33.418258940982902 ], [ -70.649545361343115, -33.418273978083612 ], [ -70.649553763735682, -33.418284565626109 ], [ -70.649566188321117, -33.418300222058647 ], [ -70.649578272507796, -33.418315450139517 ], [ -70.649590577676179, -33.418327578399442 ], [ -70.649623421397905, -33.418358659565172 ], [ -70.649643576147227, -33.418377732105967 ], [ -70.64965947458424, -33.418390160669638 ], [ -70.649691044208168, -33.418413691517571 ], [ -70.649707758254308, -33.418424209974226 ], [ -70.649739138760623, -33.418442630857221 ], [ -70.649780293002095, -33.418465961138267 ], [ -70.649815195652735, -33.41848268389991 ], [ -70.649848957717168, -33.418498859985206 ], [ -70.649875654979951, -33.418508020928677 ], [ -70.649903389092302, -33.418517360162255 ], [ -70.649933836568323, -33.418527613819585 ], [ -70.649955763917418, -33.41853385044358 ], [ -70.649994074691094, -33.418541766545964 ], [ -70.650003204077848, -33.418543653460141 ] ] ] ] } },
{ "type": "Feature", "properties": { "OBJECTID": 7296, "NOMBRE": "AREAS DE EDIFICACIÓN BAJA", "NOMBRE_ZON": "AREA RINCONADA, POBL. LEMUS Y ZONA HAB. NORTE", "ZONA": "E-B1", "Shape_STAr": 2048392.02229, "Shape_STLe": 18577.9234946 }, "geometry": { "type": "MultiPolygon", "coordinates": [ [ [ [ -70.656639857669362, -33.384376486085742 ], [ -70.656645522087715, -33.384333377735516 ], [ -70.656688505924635, -33.384003316763447 ], [ -70.656724336443034, -33.383727535157377 ], [ -70.656763151238849, -33.383430124726111 ], [ -70.656804418667363, -33.383112585997772 ], [ -70.656815362456371, -33.383081053406571 ], [ -70.656842896725038, -33.382970951711762 ], [ -70.656854617617185, -33.382855271393737 ], [ -70.656880896084061, -33.38259591516875 ], [ -70.656878625655864, -33.381720355502054 ], [ -70.656877513110018, -33.381258206455705 ], [ -70.656877399287112, -33.381214411380661 ], [ -70.65683681588537, -33.380714971864407 ], [ -70.656837962716466, -33.380571201728124 ], [ -70.656464063111073, -33.380593758382183 ], [ -70.656455030685819, -33.380486083793201 ], [ -70.656838074784133, -33.380458732684502 ], [ -70.656838501540378, -33.38050361300045 ], [ -70.656838075023586, -33.380458745306953 ], [ -70.656832590134101, -33.379881219059442 ], [ -70.656824938606178, -33.379065124684075 ], [ -70.656825098753714, -33.379001937432307 ], [ -70.656381880995625, -33.379013565506668 ], [ -70.656372367350741, -33.378897898046979 ], [ -70.656825389009484, -33.378887012997943 ], [ -70.65682639653221, -33.378488810570929 ], [ -70.656827960431144, -33.378321967736738 ], [ -70.656541126418503, -33.377742614051442 ], [ -70.656498134985142, -33.377702797531306 ], [ -70.656306023855066, -33.377317854897981 ], [ -70.65630243334094, -33.377314208911315 ], [ -70.653126378502662, -33.378509101848493 ], [ -70.649820326563969, -33.379753513367234 ], [ -70.648687776338235, -33.380183283847614 ], [ -70.648688418513785, -33.380184047285724 ], [ -70.648573096670816, -33.380227778922382 ], [ -70.648324467450024, -33.380322059664046 ], [ -70.648202246166619, -33.380368406840851 ], [ -70.648085221455361, -33.380412782914298 ], [ -70.647971763566787, -33.380455806556633 ], [ -70.647858849870644, -33.38049862266309 ], [ -70.647772668968173, -33.380531302400854 ], [ -70.647740013576737, -33.380543685320781 ], [ -70.64770503677876, -33.380556948584079 ], [ -70.647672319461549, -33.380569354854579 ], [ -70.647658921514505, -33.380574435121183 ], [ -70.647638724806072, -33.380582093818532 ], [ -70.647625140079299, -33.380587245100926 ], [ -70.647615437796929, -33.380591129160464 ], [ -70.647608819098281, -33.380593793580054 ], [ -70.647598763066341, -33.380597843763525 ], [ -70.647582526589488, -33.380604370375075 ], [ -70.647717710951909, -33.381000171607887 ], [ -70.649113242762624, -33.380921858984948 ], [ -70.649080343836033, -33.380836396505906 ], [ -70.649050288573008, -33.380750896226488 ], [ -70.64904040660933, -33.38067944447301 ], [ -70.648976281787483, -33.38044645825341 ], [ -70.648837079068471, -33.380239885974419 ], [ -70.648836592460853, -33.380239163758091 ], [ -70.64888986560662, -33.380220837665192 ], [ -70.648958471750703, -33.38019608154066 ], [ -70.649048516911364, -33.380325643698626 ], [ -70.649054545290838, -33.380343697667122 ], [ -70.649122435722646, -33.380565181414035 ], [ -70.649152546108937, -33.380653544268583 ], [ -70.649157617708511, -33.38068115595685 ], [ -70.649161700037482, -33.380716606907427 ], [ -70.649202728630698, -33.380964989452941 ], [ -70.647734604250914, -33.381050850421978 ], [ -70.647734591766053, -33.381050815416216 ], [ -70.644487955703553, -33.381214853591878 ], [ -70.644602322169462, -33.381859368107314 ], [ -70.643361413053128, -33.382226693130825 ], [ -70.643262141714473, -33.382257982971311 ], [ -70.64326062425981, -33.382258461198511 ], [ -70.642554305465552, -33.382481084047107 ], [ -70.642662884226013, -33.382790873576717 ], [ -70.641858753056823, -33.383043583837335 ], [ -70.64185875754211, -33.383043593698169 ], [ -70.641786341716255, -33.383080932771392 ], [ -70.641213438902824, -33.383539343331471 ], [ -70.641576378805652, -33.384399056705305 ], [ -70.641717947526729, -33.384722577469987 ], [ -70.641819061592912, -33.384961575878862 ], [ -70.64189981107333, -33.385175743794584 ], [ -70.641970199019525, -33.385359096889658 ], [ -70.642050872345678, -33.385573060972852 ], [ -70.642183555362095, -33.385928293547067 ], [ -70.642330350351472, -33.386314286509418 ], [ -70.642498066523288, -33.386752739785109 ], [ -70.64267940001325, -33.387183095295207 ], [ -70.642834800269029, -33.387557628514095 ], [ -70.642853031005927, -33.387831683610052 ], [ -70.642916587033838, -33.388842405939705 ], [ -70.642981193985975, -33.389869793561289 ], [ -70.643043738582406, -33.390864376118543 ], [ -70.643129198121414, -33.392239151206645 ], [ -70.643218341412549, -33.393420414927981 ], [ -70.643238839462356, -33.393800072295356 ], [ -70.643710851008947, -33.393653272631497 ], [ -70.643706684706245, -33.393942982230527 ], [ -70.643932504485974, -33.393982222190438 ], [ -70.64397244547537, -33.393989162835631 ], [ -70.644190332059935, -33.39397313759406 ], [ -70.644345855004872, -33.393961699178554 ], [ -70.644674896794982, -33.393937497398866 ], [ -70.645141794806008, -33.393903678609476 ], [ -70.645145903506986, -33.393996307303006 ], [ -70.644745640423352, -33.394022366283075 ], [ -70.644251834606521, -33.394056005417028 ], [ -70.644148062892256, -33.394061269358943 ], [ -70.644047219346049, -33.394064569900344 ], [ -70.644006372692374, -33.394065087717131 ], [ -70.643967653643145, -33.394062634646794 ], [ -70.643920273863031, -33.394054891635605 ], [ -70.643767857827299, -33.394022939941912 ], [ -70.643660181429055, -33.393997318722327 ], [ -70.643617980438734, -33.393982490722486 ], [ -70.643583653292097, -33.39396781902898 ], [ -70.643361652640323, -33.393917964669917 ], [ -70.643243773510264, -33.393891477191211 ], [ -70.643247089264477, -33.393952882391339 ], [ -70.643250591787634, -33.394013814360058 ], [ -70.643363261717056, -33.394027941763014 ], [ -70.643370568419428, -33.394120417260758 ], [ -70.643255863648179, -33.394105515088292 ], [ -70.643308679289333, -33.395024205618306 ], [ -70.643324847753107, -33.395308029205921 ], [ -70.643350379460315, -33.395756201454489 ], [ -70.643366418786087, -33.396271628240171 ], [ -70.643366421558369, -33.396271718386743 ], [ -70.643467753310887, -33.396268342447158 ], [ -70.644003742405104, -33.396174719166844 ], [ -70.644465842713799, -33.396093999749198 ], [ -70.644893354863711, -33.39601932046115 ], [ -70.645343432564729, -33.395972264791361 ], [ -70.645779370547316, -33.395926686492807 ], [ -70.64629560514706, -33.395872710179312 ], [ -70.64663596410287, -33.39583712238904 ], [ -70.646970861058747, -33.395802103087824 ], [ -70.647384059906315, -33.395758896154888 ], [ -70.647558122130022, -33.39574069355362 ], [ -70.647705060934655, -33.395722666066007 ], [ -70.648148026855679, -33.395666400433335 ], [ -70.648441494710568, -33.395629117436293 ], [ -70.648616219556914, -33.395606918455009 ], [ -70.648847808007901, -33.395577495567281 ], [ -70.649036440467341, -33.395553530248328 ], [ -70.649181665452616, -33.395535079197181 ], [ -70.649514833940572, -33.395492748650952 ], [ -70.649913642253011, -33.395442077127605 ], [ -70.650141522808767, -33.39541311328523 ], [ -70.650364885973673, -33.395384742101754 ], [ -70.650559594373249, -33.395359992028197 ], [ -70.650854209829163, -33.395321427324568 ], [ -70.651190083797019, -33.395277451041828 ], [ -70.651388417959623, -33.395248374932699 ], [ -70.651679175306001, -33.395205503788141 ], [ -70.651928358291372, -33.395168763367167 ], [ -70.652098441313768, -33.395143684950021 ], [ -70.652381726004634, -33.395101902790707 ], [ -70.652742407843888, -33.395048730521502 ], [ -70.653073772506389, -33.394999857282734 ], [ -70.653284532377498, -33.39496877917319 ], [ -70.653550577328701, -33.394929548115527 ], [ -70.653727906037162, -33.394903410456138 ], [ -70.653771905078671, -33.394854308144801 ], [ -70.653820704907318, -33.394799950881904 ], [ -70.653906960440708, -33.394703870677077 ], [ -70.654080401732799, -33.394510675014544 ], [ -70.654202935763635, -33.394374277042672 ], [ -70.65433886708783, -33.394222768690348 ], [ -70.654452912333952, -33.394095731049021 ], [ -70.654566327657093, -33.393969396116951 ], [ -70.654723794622669, -33.393794084001122 ], [ -70.654869138489417, -33.393624464327097 ], [ -70.655034020521612, -33.393430960385814 ], [ -70.655232096869767, -33.393194773409384 ], [ -70.655318177219456, -33.393097725123212 ], [ -70.65543854576579, -33.392962594879613 ], [ -70.655595629584823, -33.392786028750237 ], [ -70.65565507433746, -33.392719341393445 ], [ -70.655704355877987, -33.392663976854074 ], [ -70.655750364974452, -33.392612193851697 ], [ -70.655882357066318, -33.392463909074792 ], [ -70.655943339639151, -33.392395397397443 ], [ -70.656070257829995, -33.392294100621505 ], [ -70.656140443888802, -33.392216007597042 ], [ -70.656026221450915, -33.391094022699242 ], [ -70.655342214758065, -33.391125028898365 ], [ -70.655414340861185, -33.3909169113834 ], [ -70.655250294107105, -33.390214064349948 ], [ -70.655126686925456, -33.389622919510423 ], [ -70.65508460789907, -33.389422081958692 ], [ -70.655079847060776, -33.389346682888686 ], [ -70.655066402419152, -33.38913241384634 ], [ -70.654974211299361, -33.388321724332499 ], [ -70.654827688869943, -33.387031291066187 ], [ -70.655235377328026, -33.386986374518706 ], [ -70.655079944428095, -33.385787141638154 ], [ -70.65606309678509, -33.385703925329743 ], [ -70.656940702866294, -33.386242204018401 ], [ -70.65694853843118, -33.386174661300181 ], [ -70.656098991829964, -33.385685760421005 ], [ -70.655920925849443, -33.384444911636066 ], [ -70.655905222550444, -33.384411755207324 ], [ -70.656639857669362, -33.384376486085742 ] ], [ [ -70.6453526979667, -33.384254928717986 ], [ -70.645275502591147, -33.384263301343331 ], [ -70.645270828439337, -33.384230030624551 ], [ -70.645349101913339, -33.384221938606942 ], [ -70.6453526979667, -33.384254928717986 ] ], [ [ -70.654373607631413, -33.380970533400088 ], [ -70.654285853787599, -33.380971816030737 ], [ -70.654283845501226, -33.380914479909883 ], [ -70.654366185957386, -33.380910989618691 ], [ -70.654373607631413, -33.380970533400088 ] ], [ [ -70.654442533027023, -33.391211768311713 ], [ -70.654514391062534, -33.391202467250721 ], [ -70.654548404445208, -33.3912542134902 ], [ -70.654546443375196, -33.3912981714669 ], [ -70.654436911703471, -33.391299773657231 ], [ -70.654442533027023, -33.391211768311713 ] ], [ [ -70.655974705695598, -33.38090483865377 ], [ -70.655845399595762, -33.380907070088611 ], [ -70.655823403074407, -33.380831551033125 ], [ -70.655971292160842, -33.380829005803839 ], [ -70.655974705695598, -33.38090483865377 ] ], [ [ -70.652574248649344, -33.390455051897852 ], [ -70.652570178954178, -33.390506594401948 ], [ -70.652242066477612, -33.390528859260705 ], [ -70.652239398153867, -33.390478071142482 ], [ -70.652574248649344, -33.390455051897852 ] ], [ [ -70.652916571235494, -33.381188729407349 ], [ -70.652807105056013, -33.381193296098012 ], [ -70.652783158824676, -33.381029949438876 ], [ -70.652901049128147, -33.381019586307623 ], [ -70.652901338881804, -33.38101956080407 ], [ -70.652903440069565, -33.381044989765599 ], [ -70.652903975410439, -33.381051465914162 ], [ -70.652916571235494, -33.381188729407349 ] ], [ [ -70.643907697725041, -33.394230820140372 ], [ -70.64368631086208, -33.394182946788831 ], [ -70.643587365247981, -33.394161549461678 ], [ -70.643529817751215, -33.39414910536955 ], [ -70.64352458502421, -33.394075716765556 ], [ -70.643903454225423, -33.394179607153909 ], [ -70.643907697725041, -33.394230820140372 ] ], [ [ -70.645600679382127, -33.392907903407789 ], [ -70.645523745071031, -33.392931613026512 ], [ -70.645371980231985, -33.392679837340296 ], [ -70.64545199883861, -33.392655273459624 ], [ -70.645600679382127, -33.392907903407789 ] ], [ [ -70.649853207354639, -33.394158471876587 ], [ -70.649624441023448, -33.394177773865252 ], [ -70.649418803572175, -33.394118614269516 ], [ -70.649415733713539, -33.394059870054697 ], [ -70.649616974074505, -33.394120807015291 ], [ -70.649850942950138, -33.394108684785166 ], [ -70.649853207354639, -33.394158471876587 ] ], [ [ -70.645704911286998, -33.394152890015206 ], [ -70.645257326707451, -33.394196696042592 ], [ -70.645254289258091, -33.394130795202862 ], [ -70.645702105661456, -33.394107003198187 ], [ -70.645704911286998, -33.394152890015206 ] ], [ [ -70.645069406563152, -33.394192645127021 ], [ -70.644696654241599, -33.394213942744358 ], [ -70.64469288159728, -33.39414243681761 ], [ -70.645065344217329, -33.394128659835495 ], [ -70.645069406563152, -33.394192645127021 ] ], [ [ -70.645398886631696, -33.392565010840173 ], [ -70.645321091192983, -33.392589906838744 ], [ -70.645154255184693, -33.392338322597581 ], [ -70.645247637546191, -33.392307973149123 ], [ -70.645398886631696, -33.392565010840173 ] ], [ [ -70.645263642951733, -33.392966613113103 ], [ -70.645160062402681, -33.393001345445569 ], [ -70.645005640386387, -33.392797244768254 ], [ -70.645110683705752, -33.392764666588938 ], [ -70.645263642951733, -33.392966613113103 ] ], [ [ -70.651726507931073, -33.391242964857668 ], [ -70.651692477644659, -33.391248428466277 ], [ -70.651652356080504, -33.390525973633103 ], [ -70.65169922592078, -33.390521833452347 ], [ -70.651726507931073, -33.391242964857668 ] ], [ [ -70.648047513976593, -33.394086849807216 ], [ -70.647706973049438, -33.39410892620382 ], [ -70.647701827396787, -33.394018235926083 ], [ -70.648043345760584, -33.394004842935672 ], [ -70.648047513976593, -33.394086849807216 ] ], [ [ -70.651323130312818, -33.390267828834794 ], [ -70.650743641004027, -33.390308945711325 ], [ -70.650706324033408, -33.390253368956294 ], [ -70.651320128880641, -33.39022611484652 ], [ -70.651323130312818, -33.390267828834794 ] ], [ [ -70.649242160344912, -33.394067782407504 ], [ -70.649108516777801, -33.394029265923649 ], [ -70.648806764470621, -33.394048677972648 ], [ -70.648803074911157, -33.393977080940275 ], [ -70.649128101359366, -33.393963894217094 ], [ -70.649238611836068, -33.393998719471654 ], [ -70.649242160344912, -33.394067782407504 ] ], [ [ -70.646386828330989, -33.394127578173865 ], [ -70.645967520781099, -33.394170754490531 ], [ -70.645962056362976, -33.394094651876905 ], [ -70.646380781453786, -33.394062168227777 ], [ -70.646386828330989, -33.394127578173865 ] ], [ [ -70.648633471678096, -33.394057217929387 ], [ -70.648259849550797, -33.394075006219559 ], [ -70.648255860187646, -33.393993087165626 ], [ -70.648629651811618, -33.393979282739863 ], [ -70.648633471678096, -33.394057217929387 ] ], [ [ -70.644522242202001, -33.394224124121195 ], [ -70.644109828758531, -33.394248911815872 ], [ -70.644105334596489, -33.394172522078293 ], [ -70.644518402028808, -33.394153705790671 ], [ -70.644522242202001, -33.394224124121195 ] ], [ [ -70.646931024300329, -33.394132990978967 ], [ -70.646563392722328, -33.394157491757937 ], [ -70.646557854430412, -33.394073509945976 ], [ -70.646925787914313, -33.394050726780065 ], [ -70.646931024300329, -33.394132990978967 ] ], [ [ -70.647233690816293, -33.393843027889268 ], [ -70.646872404697177, -33.393861198319755 ], [ -70.646868025950951, -33.393773215030592 ], [ -70.647229575474867, -33.393754950036673 ], [ -70.647233690816293, -33.393843027889268 ] ], [ [ -70.654618624279465, -33.381309192054168 ], [ -70.654541784938885, -33.381313015897398 ], [ -70.654492674319386, -33.380943069654045 ], [ -70.654591350268745, -33.380938871716545 ], [ -70.654618624279465, -33.381309192054168 ] ], [ [ -70.65449254250818, -33.383047532652661 ], [ -70.654352218118987, -33.383057039385569 ], [ -70.654345145085657, -33.382803729501383 ], [ -70.654468001279724, -33.382803043843062 ], [ -70.65449254250818, -33.383047532652661 ] ], [ [ -70.645908736665191, -33.393459039526668 ], [ -70.645813913760762, -33.39346241493282 ], [ -70.645596969354145, -33.393107305503833 ], [ -70.645667475107018, -33.393085670551123 ], [ -70.645908736665191, -33.393459039526668 ] ], [ [ -70.645058476876443, -33.392210542045085 ], [ -70.644996825844942, -33.392250307838481 ], [ -70.644747832783096, -33.391907330165054 ], [ -70.644826668503683, -33.391864289382205 ], [ -70.645058476876443, -33.392210542045085 ] ], [ [ -70.654596974010985, -33.384250789258687 ], [ -70.654475527983919, -33.384258493277379 ], [ -70.654450491586985, -33.383972853279388 ], [ -70.654574112657087, -33.383966209703154 ], [ -70.654596974010985, -33.384250789258687 ] ], [ [ -70.64980887409142, -33.393797008295437 ], [ -70.649810032359269, -33.39389635495241 ], [ -70.64946710507698, -33.393828253115672 ], [ -70.64946213000718, -33.393720170640627 ], [ -70.64980887409142, -33.393797008295437 ] ], [ [ -70.647754735014928, -33.393813771427048 ], [ -70.647343630864839, -33.393841631300077 ], [ -70.647338720553734, -33.393749489528901 ], [ -70.647749438426899, -33.393728698863498 ], [ -70.647754735014928, -33.393813771427048 ] ], [ [ -70.644764676128304, -33.391673530251026 ], [ -70.644682013461775, -33.39172017765187 ], [ -70.644435586249884, -33.391322578188863 ], [ -70.644490433384775, -33.391289638651109 ], [ -70.644764676128304, -33.391673530251026 ] ], [ [ -70.647481640258277, -33.394127092837373 ], [ -70.647109858585267, -33.394160975291754 ], [ -70.647102583616785, -33.394053012491703 ], [ -70.647475924397312, -33.394030159517079 ], [ -70.647481640258277, -33.394127092837373 ] ], [ [ -70.645051253531705, -33.39264314257634 ], [ -70.644922874467724, -33.39268371641721 ], [ -70.644743307301027, -33.392425409491544 ], [ -70.644856840747337, -33.392387378325012 ], [ -70.645051253531705, -33.39264314257634 ] ], [ [ -70.654773803680044, -33.383119564080054 ], [ -70.654652950830894, -33.383129385955229 ], [ -70.654619552242039, -33.382795012390424 ], [ -70.654726861843287, -33.382785514549262 ], [ -70.654773803680044, -33.383119564080054 ] ], [ [ -70.655797302980119, -33.383362844716324 ], [ -70.655472339848501, -33.383357764544556 ], [ -70.655463116695501, -33.383247869438328 ], [ -70.655787979585739, -33.383230957991017 ], [ -70.655797302980119, -33.383362844716324 ] ], [ [ -70.648351676045451, -33.393783547729797 ], [ -70.647991268671191, -33.393792653536678 ], [ -70.647985288949684, -33.393678695348711 ], [ -70.648347780599849, -33.393676086633235 ], [ -70.648351676045451, -33.393783547729797 ] ], [ [ -70.653416358377612, -33.39396214504616 ], [ -70.653377095513093, -33.394092256058528 ], [ -70.653111375149408, -33.394095641793513 ], [ -70.653094206220743, -33.39394260790111 ], [ -70.653416358377612, -33.39396214504616 ] ], [ [ -70.649357591025804, -33.393816058018267 ], [ -70.649184749592649, -33.393777495449783 ], [ -70.648953779984367, -33.393775902063638 ], [ -70.648951126707274, -33.393672771321093 ], [ -70.649166924625433, -33.393674105551433 ], [ -70.649353684273279, -33.393699357854636 ], [ -70.649357591025804, -33.393816058018267 ] ], [ [ -70.655262066538455, -33.379042974702315 ], [ -70.654865095239415, -33.379053325751478 ], [ -70.654859312812164, -33.37894573119501 ], [ -70.655253289897459, -33.378934752755093 ], [ -70.655262066538455, -33.379042974702315 ] ], [ [ -70.648841627589732, -33.393781856679084 ], [ -70.648462070749872, -33.393791203917694 ], [ -70.648457555445049, -33.393675235059824 ], [ -70.648838400669135, -33.393672482053944 ], [ -70.648841627589732, -33.393781856679084 ] ], [ [ -70.655761649920791, -33.379029841926268 ], [ -70.655362331702563, -33.379040279088017 ], [ -70.655354295657446, -33.378924915574643 ], [ -70.655754741109348, -33.378928210048471 ], [ -70.655761649920791, -33.379029841926268 ] ], [ [ -70.65474714028386, -33.379056433611268 ], [ -70.654335235563238, -33.379067274290577 ], [ -70.654324907714383, -33.378962165323891 ], [ -70.654739359064251, -33.378950960658365 ], [ -70.65474714028386, -33.379056433611268 ] ], [ [ -70.65022614154725, -33.380773194954266 ], [ -70.650226219383427, -33.380775209517665 ], [ -70.650229107840488, -33.380869428968808 ], [ -70.650229300040735, -33.380885120124184 ], [ -70.650226885920191, -33.380885188301818 ], [ -70.650226886804546, -33.380885292000933 ], [ -70.649825557785377, -33.380899218404487 ], [ -70.64982724074919, -33.380785610055241 ], [ -70.650226195286308, -33.380779566597155 ], [ -70.649836166152966, -33.380785331764521 ], [ -70.65022614154725, -33.380773194954266 ] ], [ [ -70.656266790717751, -33.379016552702758 ], [ -70.655847541978702, -33.379027529786995 ], [ -70.655839914611434, -33.378913798591668 ], [ -70.656260755816533, -33.37890769543754 ], [ -70.656266790717751, -33.379016552702758 ] ], [ [ -70.652013568768808, -33.381188491232045 ], [ -70.651601960972599, -33.381219119711957 ], [ -70.651589509252858, -33.381098065490832 ], [ -70.652002035887037, -33.381079218105008 ], [ -70.652013568768808, -33.381188491232045 ] ], [ [ -70.6540688581658, -33.382747254120154 ], [ -70.653130913820945, -33.382810044875093 ], [ -70.653127537128256, -33.382760512493199 ], [ -70.654063212605067, -33.382694478363035 ], [ -70.6540688581658, -33.382747254120154 ] ], [ [ -70.656132841740671, -33.382124086483195 ], [ -70.655989589960683, -33.382130654456844 ], [ -70.655936389615107, -33.381793632617224 ], [ -70.656079427732948, -33.381784895952954 ], [ -70.656132841740671, -33.382124086483195 ] ], [ [ -70.650296356320283, -33.380767010706961 ], [ -70.650709856266431, -33.380754905825178 ], [ -70.650717476130964, -33.380874949452924 ], [ -70.650296703519203, -33.380883409381617 ], [ -70.650296356320283, -33.380767010706961 ] ], [ [ -70.654653037881488, -33.384442895843804 ], [ -70.653828408878354, -33.384514020060458 ], [ -70.653792607329265, -33.384485864042006 ], [ -70.653838646060223, -33.384438128772004 ], [ -70.654636166535496, -33.384400888004443 ], [ -70.654653037881488, -33.384442895843804 ] ], [ [ -70.655846254255636, -33.380620227162296 ], [ -70.655472945160369, -33.380635345460263 ], [ -70.655463686668782, -33.380505697930708 ], [ -70.655837021978272, -33.380483883211554 ], [ -70.655846254255636, -33.380620227162296 ] ], [ [ -70.651743037337468, -33.380839461198974 ], [ -70.651341603113025, -33.38085137469718 ], [ -70.651341596138025, -33.380851233202129 ], [ -70.651334606555338, -33.380851446159724 ], [ -70.651327377215097, -33.38073027009542 ], [ -70.651353954089856, -33.380729298668228 ], [ -70.651332485013143, -33.38073013809376 ], [ -70.65133249202222, -33.380730281392033 ], [ -70.65173549867589, -33.380714520523114 ], [ -70.651743037337468, -33.380839461198974 ] ], [ [ -70.654836901162156, -33.380542322438686 ], [ -70.654851174607558, -33.38054148998738 ], [ -70.654851336610363, -33.380543402418375 ], [ -70.654884984487794, -33.380542892369562 ], [ -70.654894718633187, -33.380665634591054 ], [ -70.654820689261513, -33.380668182906582 ], [ -70.654739976918862, -33.380671523724473 ], [ -70.654482753623498, -33.380685381393796 ], [ -70.65447348611589, -33.380562501241045 ], [ -70.654836901162156, -33.380542322438686 ] ], [ [ -70.65120966821172, -33.380853130352001 ], [ -70.650793661355138, -33.380872981836944 ], [ -70.650784438511749, -33.38074616332139 ], [ -70.65120087383464, -33.380731096716389 ], [ -70.65120966821172, -33.380853130352001 ] ], [ [ -70.653199828529793, -33.380789778110611 ], [ -70.652782667660802, -33.380808697491176 ], [ -70.652777288603943, -33.380683780446361 ], [ -70.653190578894566, -33.380665078596664 ], [ -70.653199828529793, -33.380789778110611 ] ], [ [ -70.652222814501755, -33.380828051769889 ], [ -70.651813474428735, -33.380839466024888 ], [ -70.651806118670507, -33.38071425507583 ], [ -70.652217627884269, -33.380700423017288 ], [ -70.652222814501755, -33.380828051769889 ] ], [ [ -70.652706004515608, -33.380811476226349 ], [ -70.652303863899689, -33.38082756871416 ], [ -70.652295786225935, -33.380697588603361 ], [ -70.652700300839541, -33.380683940968368 ], [ -70.652706004515608, -33.380811476226349 ] ], [ [ -70.651542301452579, -33.384443674619369 ], [ -70.652350408882498, -33.384402690375211 ], [ -70.652350764747894, -33.384465984387084 ], [ -70.651540435991066, -33.384515505200135 ], [ -70.651542301452579, -33.384443674619369 ] ], [ [ -70.655389509088309, -33.380646859372888 ], [ -70.654975327494284, -33.380663243781001 ], [ -70.654965389619846, -33.380534747885008 ], [ -70.655380841431594, -33.380510549328513 ], [ -70.655389509088309, -33.380646859372888 ] ], [ [ -70.656335474955426, -33.380583827638695 ], [ -70.65592407622367, -33.380622569669356 ], [ -70.655917823199545, -33.38047911920863 ], [ -70.656327787483633, -33.380455238719286 ], [ -70.656335474955426, -33.380583827638695 ] ], [ [ -70.655993853601672, -33.382636429112779 ], [ -70.655992810447302, -33.382697974163442 ], [ -70.655102540732472, -33.382758530177178 ], [ -70.65509880717471, -33.382688751074021 ], [ -70.655993853601672, -33.382636429112779 ] ], [ [ -70.655390021142878, -33.384022643017893 ], [ -70.655198150452165, -33.384015569200237 ], [ -70.655173906639959, -33.383703294004775 ], [ -70.655350875130878, -33.383695900173059 ], [ -70.655377771583957, -33.383827663423574 ], [ -70.655381218825568, -33.383872737014343 ], [ -70.655385539882644, -33.383946328416485 ], [ -70.655390021142878, -33.384022643017893 ] ], [ [ -70.652381593142564, -33.384379104317681 ], [ -70.653085134910299, -33.384360141648962 ], [ -70.65308434517523, -33.384439042698865 ], [ -70.652379106547556, -33.384474941846584 ], [ -70.652381593142564, -33.384379104317681 ] ], [ [ -70.6548252552859, -33.390517799305478 ], [ -70.654394543414526, -33.390529508801222 ], [ -70.654391627870879, -33.390375643776764 ], [ -70.654775542037825, -33.390352677727257 ], [ -70.6548252552859, -33.390517799305478 ] ], [ [ -70.653447308518793, -33.382231542119499 ], [ -70.653442142591487, -33.382231844528903 ], [ -70.653251703130564, -33.382242980913396 ], [ -70.653223942198835, -33.381903330846193 ], [ -70.653417075870365, -33.38189060566129 ], [ -70.653427699081618, -33.381985341459135 ], [ -70.653439885416475, -33.382109722223895 ], [ -70.653447308518793, -33.382231542119499 ] ], [ [ -70.653680465555738, -33.37938631243729 ], [ -70.653320555649259, -33.37940022563842 ], [ -70.653253247318418, -33.379112773762337 ], [ -70.653423099245344, -33.37912121824877 ], [ -70.653471632203264, -33.379287031098251 ], [ -70.653665024250188, -33.37926248365499 ], [ -70.653680465555738, -33.37938631243729 ] ], [ [ -70.651024241107805, -33.394284696916699 ], [ -70.650675087437904, -33.394289137208077 ], [ -70.650645847425182, -33.394079376852851 ], [ -70.651020347045545, -33.394095627382441 ], [ -70.651024241107805, -33.394284696916699 ] ], [ [ -70.645366669340689, -33.384075641889375 ], [ -70.645181988718932, -33.384086726576108 ], [ -70.645023293505915, -33.383743742733081 ], [ -70.645250980869491, -33.383714312922976 ], [ -70.645366669340689, -33.384075641889375 ] ], [ [ -70.651016479376636, -33.383880378051302 ], [ -70.65101296241852, -33.384000206335095 ], [ -70.650402197064651, -33.384027626985528 ], [ -70.65039542741053, -33.383902744569561 ], [ -70.651016479376636, -33.383880378051302 ] ], [ [ -70.650916870550574, -33.391201514642518 ], [ -70.6507164026646, -33.39121733876447 ], [ -70.650704882095496, -33.390793375622195 ], [ -70.650879807837271, -33.390795478929057 ], [ -70.650916870550574, -33.391201514642518 ] ], [ [ -70.656664386297408, -33.382880028826648 ], [ -70.656339372407089, -33.382904881588075 ], [ -70.656299210097586, -33.382647021042672 ], [ -70.656643001282319, -33.382636032293966 ], [ -70.656664386297408, -33.382880028826648 ] ], [ [ -70.649304352601575, -33.381170851375053 ], [ -70.649298168042776, -33.381138157323278 ], [ -70.64985654129616, -33.381111605880683 ], [ -70.649859077027642, -33.381143582757652 ], [ -70.649859165100438, -33.381143578881165 ], [ -70.649868376906937, -33.381266011108018 ], [ -70.649331825188725, -33.381290734957055 ], [ -70.64930336240856, -33.381170899707371 ], [ -70.649304352601575, -33.381170851375053 ] ], [ [ -70.645692961875483, -33.393907855503009 ], [ -70.645238840557425, -33.393922669449253 ], [ -70.645230654520702, -33.393826309835354 ], [ -70.645566493334996, -33.393808377998532 ], [ -70.645599158360682, -33.393796914423696 ], [ -70.64558185438139, -33.39359768645771 ], [ -70.645290050964689, -33.393172967557518 ], [ -70.645367104630012, -33.393146449090871 ], [ -70.645535427337848, -33.393403551415744 ], [ -70.645652396016231, -33.393582211452845 ], [ -70.645692961875483, -33.393907855503009 ] ], [ [ -70.648490590883156, -33.382058941582137 ], [ -70.648230743245904, -33.382077452147321 ], [ -70.648178869128529, -33.381682892567589 ], [ -70.648395310726059, -33.381656795338635 ], [ -70.648413859693576, -33.381654831842461 ], [ -70.648490590883156, -33.382058941582137 ] ], [ [ -70.6522333411978, -33.386000798174635 ], [ -70.651905176730821, -33.386019484082212 ], [ -70.651894955509505, -33.38570465414702 ], [ -70.652219055214587, -33.385696760533676 ], [ -70.6522333411978, -33.386000798174635 ] ], [ [ -70.647008101060877, -33.382107139636254 ], [ -70.646441176482313, -33.382153023449959 ], [ -70.646418991178635, -33.381952804870814 ], [ -70.646981299306319, -33.381944866703741 ], [ -70.647008101060877, -33.382107139636254 ] ], [ [ -70.650718490448668, -33.387190866619932 ], [ -70.650491045245488, -33.387196278533082 ], [ -70.650413555304809, -33.386708157796392 ], [ -70.650629889572286, -33.386695842423983 ], [ -70.650718490448668, -33.387190866619932 ] ], [ [ -70.646713788824869, -33.39386320990149 ], [ -70.645881009085528, -33.393900943823681 ], [ -70.645875033535674, -33.393588445127364 ], [ -70.64599583908344, -33.393584921564866 ], [ -70.645999860361272, -33.393780692194838 ], [ -70.646708473146745, -33.393755584498003 ], [ -70.646713788824869, -33.39386320990149 ] ], [ [ -70.652852067748114, -33.386584353908908 ], [ -70.652440586062099, -33.386581441145744 ], [ -70.652430835661747, -33.38629165885871 ], [ -70.652844448237289, -33.386279206728403 ], [ -70.652852067748114, -33.386584353908908 ] ], [ [ -70.644801667083783, -33.392250882324895 ], [ -70.644692480055937, -33.392306016807126 ], [ -70.644074655888261, -33.39140748479069 ], [ -70.644176533632759, -33.391368837640847 ], [ -70.644801667083783, -33.392250882324895 ] ], [ [ -70.649736761294022, -33.380916385757097 ], [ -70.649736760900538, -33.380916421835686 ], [ -70.649323206951706, -33.380927938914972 ], [ -70.649295054816179, -33.380930883315578 ], [ -70.649280645566463, -33.380440087555399 ], [ -70.649101584705576, -33.380123022335617 ], [ -70.649072550439826, -33.380074334875538 ], [ -70.64909638960242, -33.380064327865902 ], [ -70.649144864975455, -33.380043374351558 ], [ -70.649182950272717, -33.3801083449668 ], [ -70.64936571484364, -33.38041893527015 ], [ -70.649384559842872, -33.380790822066658 ], [ -70.649400284953856, -33.380790521966681 ], [ -70.649400292779063, -33.38079065172677 ], [ -70.6495109746037, -33.380789450160115 ], [ -70.64973895600744, -33.380783198103238 ], [ -70.649738952428478, -33.380783634638419 ], [ -70.649750004989926, -33.380783461545647 ], [ -70.649756624200606, -33.380915816866612 ], [ -70.649736761294022, -33.380916385757097 ] ], [ [ -70.654268842135835, -33.380716390281457 ], [ -70.65332401564585, -33.380761194827741 ], [ -70.653315140071257, -33.380620886822918 ], [ -70.654265559618167, -33.380573898421126 ], [ -70.654268842135835, -33.380716390281457 ] ], [ [ -70.644837528076778, -33.393287028952663 ], [ -70.644997846554887, -33.393536434579737 ], [ -70.643876534255938, -33.393580798504857 ], [ -70.644837528076778, -33.393287028952663 ] ], [ [ -70.646441021806012, -33.394624325228563 ], [ -70.646437522510425, -33.395036755362796 ], [ -70.645972245420978, -33.39505271035074 ], [ -70.645939837940503, -33.394640735818967 ], [ -70.646441021806012, -33.394624325228563 ] ], [ [ -70.654550911750121, -33.383330289676323 ], [ -70.653282305160573, -33.383400885649912 ], [ -70.653275290882334, -33.38323745696048 ], [ -70.654544768923785, -33.383156186208879 ], [ -70.654550911750121, -33.383330289676323 ] ], [ [ -70.646795407380111, -33.392714827589216 ], [ -70.646840488861514, -33.392627433208688 ], [ -70.647005247926629, -33.392531689127189 ], [ -70.64771226021449, -33.392321458980838 ], [ -70.647717671537606, -33.392426860958167 ], [ -70.647730749454425, -33.392681621842506 ], [ -70.647415481429078, -33.392698150012379 ], [ -70.646787015649338, -33.392731095308868 ], [ -70.646795407380111, -33.392714827589216 ] ], [ [ -70.650201460389241, -33.386818007366884 ], [ -70.650218657414939, -33.386914990837937 ], [ -70.650256749612851, -33.387201388843145 ], [ -70.650256721486599, -33.387202687856636 ], [ -70.650268470934051, -33.387289516078674 ], [ -70.650133743108839, -33.387312950991785 ], [ -70.64994344460726, -33.387324367395109 ], [ -70.649916659396581, -33.387331204140729 ], [ -70.649915557154543, -33.387335168825977 ], [ -70.649827810103915, -33.387357810942106 ], [ -70.649824433537745, -33.387354743613251 ], [ -70.649749132968054, -33.387373963659343 ], [ -70.649523089779223, -33.387055153395551 ], [ -70.649683403227627, -33.386975967653321 ], [ -70.649690614575164, -33.386985019970268 ], [ -70.650190909595352, -33.386758761082248 ], [ -70.650172369138417, -33.386767145798814 ], [ -70.650192756419415, -33.386757563235854 ], [ -70.650201460389241, -33.386818007366884 ] ], [ [ -70.64929089901095, -33.390913457284888 ], [ -70.649280987318093, -33.391379180849519 ], [ -70.647759791817251, -33.39142059121928 ], [ -70.64929089901095, -33.390913457284888 ] ], [ [ -70.653146231596082, -33.379882152996153 ], [ -70.652738579238331, -33.3798884974766 ], [ -70.652433594375111, -33.379238774833688 ], [ -70.653107522553583, -33.378976558723274 ], [ -70.653146231596082, -33.379882152996153 ] ] ], [ [ [ -70.647585610420577, -33.380601511198385 ], [ -70.647582241895108, -33.380603296463029 ], [ -70.647717602963368, -33.380551425734289 ], [ -70.647585610420577, -33.380601511198385 ] ] ], [ [ [ -70.647582525429783, -33.380604365881297 ], [ -70.647582241895108, -33.380603296463029 ], [ -70.64758217270446, -33.380603332553221 ], [ -70.647582165882241, -33.380603312803444 ], [ -70.647582525429783, -33.380604365881297 ] ] ] ] } },
{ "type": "Feature", "properties": { "OBJECTID": 3, "NOMBRE": "ZONAS ESPECIALES", "NOMBRE_ZON": "ZONA PARQUE SANTA MONICA", "ZONA": "Z-AV-2", "Shape_STAr": 104480.988587, "Shape_STLe": 1555.93687604 }, "geometry": { "type": "MultiPolygon", "coordinates": [ [ [ [ -70.655216358772989, -33.390051770731141 ], [ -70.656349170069007, -33.389970741947785 ], [ -70.656422033327587, -33.391040371123694 ], [ -70.656521897455406, -33.391046243479707 ], [ -70.657287217714227, -33.391014591980436 ], [ -70.657319216723025, -33.390551010212853 ], [ -70.657409501812538, -33.38925496295689 ], [ -70.657364779778092, -33.388562532668246 ], [ -70.657222213475222, -33.387476149892706 ], [ -70.657122505885269, -33.386658571488191 ], [ -70.657141157355298, -33.386310468739225 ], [ -70.656931899184357, -33.386291869123497 ], [ -70.656940702866294, -33.386242204018401 ], [ -70.656939288903828, -33.386241337301179 ], [ -70.65606309678509, -33.385703925329743 ], [ -70.655079944428095, -33.385787141638154 ], [ -70.655235377328026, -33.386986374518706 ], [ -70.654827688869943, -33.387031291066187 ], [ -70.654974211299361, -33.388321724332499 ], [ -70.655066402419152, -33.38913241384634 ], [ -70.655079847060776, -33.389346682888686 ], [ -70.65508460789907, -33.389422081958692 ], [ -70.655126686925456, -33.389622919510423 ], [ -70.655216358772989, -33.390051770731141 ] ] ] ] } },
{ "type": "Feature", "properties": { "OBJECTID": 61, "NOMBRE": "AREAS DE EDIFICACIÓN MEDIA", "NOMBRE_ZON": "MEXICO CENTRO Y PONIENTE, DORSAL SUR Y AV. GUANACO", "ZONA": "E-M1", "Shape_STAr": 1650304.43187, "Shape_STLe": 11394.667788500001 }, "geometry": { "type": "MultiPolygon", "coordinates": [ [ [ [ -70.655414340861185, -33.3909169113834 ], [ -70.655342214758065, -33.391125028898365 ], [ -70.656026221450915, -33.391094022699242 ], [ -70.656140443888802, -33.392216007597042 ], [ -70.656070257829995, -33.392294100621505 ], [ -70.655943339639151, -33.392395397397443 ], [ -70.655882357066318, -33.392463909074792 ], [ -70.655750364974452, -33.392612193851697 ], [ -70.655704355877987, -33.392663976854074 ], [ -70.65565507433746, -33.392719341393445 ], [ -70.655595629584823, -33.392786028750237 ], [ -70.65543854576579, -33.392962594879613 ], [ -70.655318177219456, -33.393097725123212 ], [ -70.655232096869767, -33.393194773409384 ], [ -70.655034020521612, -33.393430960385814 ], [ -70.654869138489417, -33.393624464327097 ], [ -70.654723794622669, -33.393794084001122 ], [ -70.654566327657093, -33.393969396116951 ], [ -70.654452912333952, -33.394095731049021 ], [ -70.65433886708783, -33.394222768690348 ], [ -70.654202935763635, -33.394374277042672 ], [ -70.654080401732799, -33.394510675014544 ], [ -70.653906960440708, -33.394703870677077 ], [ -70.653820704907318, -33.394799950881904 ], [ -70.653771905078671, -33.394854308144801 ], [ -70.653727906037162, -33.394903410456138 ], [ -70.653550577328701, -33.394929548115527 ], [ -70.653284532377498, -33.39496877917319 ], [ -70.653073772506389, -33.394999857282734 ], [ -70.652742407843888, -33.395048730521502 ], [ -70.652381726004634, -33.395101902790707 ], [ -70.652098441313768, -33.395143684950021 ], [ -70.651928358291372, -33.395168763367167 ], [ -70.651679175306001, -33.395205503788141 ], [ -70.651388417959623, -33.395248374932699 ], [ -70.651190083797019, -33.395277451041828 ], [ -70.650854209829163, -33.395321427324568 ], [ -70.650559594373249, -33.395359992028197 ], [ -70.650364885973673, -33.395384742101754 ], [ -70.650141522808767, -33.39541311328523 ], [ -70.649913642253011, -33.395442077127605 ], [ -70.649514833940572, -33.395492748650952 ], [ -70.649181665452616, -33.395535079197181 ], [ -70.649036440467341, -33.395553530248328 ], [ -70.648847808007901, -33.395577495567281 ], [ -70.648616219556914, -33.395606918455009 ], [ -70.648441494710568, -33.395629117436293 ], [ -70.648148026855679, -33.395666400433335 ], [ -70.647705060934655, -33.395722666066007 ], [ -70.647558122130022, -33.39574069355362 ], [ -70.647384059906315, -33.395758896154888 ], [ -70.646970861058747, -33.395802103087824 ], [ -70.64663596410287, -33.39583712238904 ], [ -70.64629560514706, -33.395872710179312 ], [ -70.645779370547316, -33.395926686492807 ], [ -70.645343432564729, -33.395972264791361 ], [ -70.644893354863711, -33.39601932046115 ], [ -70.644465842713799, -33.396093999749198 ], [ -70.644003742405104, -33.396174719166844 ], [ -70.643467753310887, -33.396268342447158 ], [ -70.643366421558369, -33.396271718386743 ], [ -70.643375314730861, -33.396569854772558 ], [ -70.644236063068462, -33.396416357221817 ], [ -70.644873466426688, -33.396302684765551 ], [ -70.645021459695116, -33.396276288269036 ], [ -70.644921789130123, -33.396300204335652 ], [ -70.644830991411467, -33.396322339707076 ], [ -70.644754549366539, -33.396343072630742 ], [ -70.64472099006403, -33.396356430879457 ], [ -70.644613534706764, -33.396399203516452 ], [ -70.644483516552867, -33.396455284979133 ], [ -70.644411000829123, -33.396489264074951 ], [ -70.644364313135796, -33.396511140899406 ], [ -70.644331049576081, -33.396540947259275 ], [ -70.644287416045017, -33.396580046457743 ], [ -70.643378250261321, -33.396740853006037 ], [ -70.6433782519982, -33.396740888154518 ], [ -70.643380323420985, -33.396740525233703 ], [ -70.643381969875762, -33.396796625386237 ], [ -70.643388699102118, -33.396988724046061 ], [ -70.643398036955418, -33.397218012195573 ], [ -70.643409488890413, -33.397500249596014 ], [ -70.643424674797885, -33.397874585885432 ], [ -70.643471564753469, -33.398592581070801 ], [ -70.643488030365489, -33.399045692540398 ], [ -70.643507030259144, -33.399541617363894 ], [ -70.64353287758837, -33.400216440811057 ], [ -70.643562389128959, -33.400623742086665 ], [ -70.643575415784298, -33.400790092838527 ], [ -70.643590297597655, -33.400897144274104 ], [ -70.643602213399248, -33.4011100668233 ], [ -70.643625627658352, -33.401608680853741 ], [ -70.643658097619735, -33.402281808328112 ], [ -70.643686156962303, -33.402943134166868 ], [ -70.64438236443128, -33.402515477205192 ], [ -70.644440496177992, -33.403948772539323 ], [ -70.64572423452077, -33.403701885700137 ], [ -70.646160470766759, -33.405082911239724 ], [ -70.647128309115232, -33.408496181470618 ], [ -70.648561771481326, -33.408197455389789 ], [ -70.65142787106042, -33.40760011915819 ], [ -70.653072041423101, -33.407257807520836 ], [ -70.652887033840258, -33.40652492358867 ], [ -70.652865616284032, -33.406445373584759 ], [ -70.653658375018779, -33.406275041291266 ], [ -70.653824732610403, -33.406239400716963 ], [ -70.655245482620643, -33.405850984318036 ], [ -70.655986759768396, -33.40563493233639 ], [ -70.656485310683081, -33.405486169978666 ], [ -70.656488676501596, -33.405485165485473 ], [ -70.657225822593347, -33.405265203225923 ], [ -70.657585546493351, -33.403412793890219 ], [ -70.657697375677571, -33.402897673396524 ], [ -70.657916553726793, -33.401842494121802 ], [ -70.658000684810958, -33.401457000011007 ], [ -70.658053648909302, -33.40121431228981 ], [ -70.658175057918825, -33.40059707713754 ], [ -70.658229212806177, -33.400358540766575 ], [ -70.658256381303786, -33.400166572152457 ], [ -70.658270332072007, -33.400041751895891 ], [ -70.658255069967367, -33.399867294023572 ], [ -70.658109840897467, -33.399370217591773 ], [ -70.657864169747157, -33.398427975471613 ], [ -70.657829111894259, -33.398289572956607 ], [ -70.657791510285747, -33.398049274168763 ], [ -70.657773010631104, -33.397870479236808 ], [ -70.657766532244764, -33.397655844553348 ], [ -70.657642133748809, -33.396673984226595 ], [ -70.657447139349003, -33.394675570096737 ], [ -70.657191243511249, -33.393103917560893 ], [ -70.657236641059086, -33.391747305501163 ], [ -70.657285107056353, -33.391045159783431 ], [ -70.657286442723901, -33.391025812995345 ], [ -70.657287217714227, -33.391014591980436 ], [ -70.656521897455406, -33.391046243479707 ], [ -70.656422033327587, -33.391040371123694 ], [ -70.656349170069007, -33.389970741947785 ], [ -70.655216358772989, -33.390051770731141 ], [ -70.655250294107105, -33.390214064349948 ], [ -70.655414340861185, -33.3909169113834 ] ], [ [ -70.65681272282248, -33.395804011229011 ], [ -70.656733223194337, -33.395766955214221 ], [ -70.656416735524928, -33.395728231483368 ], [ -70.655400617824242, -33.395607218187962 ], [ -70.654537559311848, -33.395502050414343 ], [ -70.653574478575152, -33.395387472566973 ], [ -70.653573638085476, -33.395343102850418 ], [ -70.653603280734586, -33.395307422709365 ], [ -70.653806038886671, -33.395165623416347 ], [ -70.653807472495686, -33.395164626720963 ], [ -70.653807496858562, -33.395164607457751 ], [ -70.653807988380336, -33.395164163517506 ], [ -70.654023694123921, -33.395191312587642 ], [ -70.65454123293884, -33.395256889150367 ], [ -70.654900512714647, -33.395302205652058 ], [ -70.655233080183933, -33.39534519274698 ], [ -70.655597731457831, -33.395392523287626 ], [ -70.656117788947725, -33.395459551241373 ], [ -70.656473875984574, -33.395505203376146 ], [ -70.656574916340091, -33.395564401372098 ], [ -70.656579199414423, -33.395565238797751 ], [ -70.656846124986188, -33.395652943209143 ], [ -70.657140235492207, -33.395730440442584 ], [ -70.657337500677599, -33.395782387760889 ], [ -70.657242286196137, -33.395786642031105 ], [ -70.65681272282248, -33.395804011229011 ] ], [ [ -70.646313129951508, -33.403385243917974 ], [ -70.645692540791572, -33.403484870971987 ], [ -70.645578010129682, -33.40262741913201 ], [ -70.646174798652979, -33.402538155888124 ], [ -70.646313129951508, -33.403385243917974 ] ], [ [ -70.653541847774974, -33.395161653347685 ], [ -70.65357000206123, -33.395175389957387 ], [ -70.653534479955212, -33.395236573781226 ], [ -70.653351448852931, -33.395368505243219 ], [ -70.653231749594269, -33.395366853775947 ], [ -70.65301700262485, -33.395363890299265 ], [ -70.652740231294331, -33.395377887398659 ], [ -70.652519067917268, -33.395399229925012 ], [ -70.652320862268454, -33.395421232164473 ], [ -70.652197889412065, -33.395436350468707 ], [ -70.652094364951736, -33.395454163167329 ], [ -70.651895028451435, -33.395486187413155 ], [ -70.651722030448951, -33.395511799476651 ], [ -70.651504088337546, -33.395554040550515 ], [ -70.651405610124542, -33.395577018832888 ], [ -70.651149299352085, -33.395641360756713 ], [ -70.651056664468243, -33.395660654571742 ], [ -70.651037929991389, -33.39546162885285 ], [ -70.6511752707206, -33.39542102589887 ], [ -70.651269871888985, -33.395400774236457 ], [ -70.651863012806018, -33.395274695905663 ], [ -70.652099948347001, -33.395226664946428 ], [ -70.652330874410708, -33.395184693619406 ], [ -70.652440249982149, -33.395164814258571 ], [ -70.652480717118394, -33.395162742148479 ], [ -70.65259526479386, -33.395156876761639 ], [ -70.65272507621799, -33.395150228958371 ], [ -70.652780823144937, -33.395150947280207 ], [ -70.653373320939693, -33.395159090808924 ], [ -70.653541847774974, -33.395161653347685 ] ], [ [ -70.647605391734075, -33.395798072559742 ], [ -70.647621722135995, -33.395962529350975 ], [ -70.64707673102707, -33.396009139907235 ], [ -70.646409962540446, -33.396066161588898 ], [ -70.645938539158863, -33.396105457271545 ], [ -70.645123059823987, -33.396170838901774 ], [ -70.645106526139742, -33.396052396805665 ], [ -70.645237261410614, -33.396036698278117 ], [ -70.64555725010807, -33.395998273145388 ], [ -70.645794641191543, -33.395969766469022 ], [ -70.646166321691567, -33.395934526499168 ], [ -70.64661921734529, -33.395891584468977 ], [ -70.647605391734075, -33.395798072559742 ] ], [ [ -70.649595117208236, -33.395596816771381 ], [ -70.64959966064049, -33.395778812775617 ], [ -70.648216966435044, -33.395909594302807 ], [ -70.648195430302025, -33.395742124304412 ], [ -70.649595117208236, -33.395596816771381 ] ], [ [ -70.65585446667761, -33.394630792473357 ], [ -70.655916395095019, -33.395272064091408 ], [ -70.655476755337205, -33.395219232927509 ], [ -70.65559469426131, -33.394642380276075 ], [ -70.65585446667761, -33.394630792473357 ] ], [ [ -70.65465795791097, -33.399982707539962 ], [ -70.654664358312445, -33.400051490451105 ], [ -70.654882131934883, -33.40004704163816 ], [ -70.654914708833914, -33.400471684795065 ], [ -70.654505697213111, -33.400488463804159 ], [ -70.654474050592711, -33.399981714473149 ], [ -70.65465795791097, -33.399982707539962 ] ], [ [ -70.644627513923794, -33.397935624629575 ], [ -70.644715829814984, -33.39845748327302 ], [ -70.644374641246799, -33.398474849126416 ], [ -70.6442716131791, -33.397992395076528 ], [ -70.644627513923794, -33.397935624629575 ] ], [ [ -70.653807095364954, -33.395556031898863 ], [ -70.653811606827219, -33.395790070894456 ], [ -70.653260018252155, -33.3957911476151 ], [ -70.653220635705708, -33.395750816757179 ], [ -70.65322002977031, -33.395662111690875 ], [ -70.653445939308469, -33.395482752518497 ], [ -70.653797494197761, -33.395524862735869 ], [ -70.653807095364954, -33.395556031898863 ] ], [ [ -70.650976302067861, -33.395629976839722 ], [ -70.650038231791598, -33.395723421310009 ], [ -70.650037018757189, -33.395552432089829 ], [ -70.650703802640692, -33.395502609059193 ], [ -70.650865676862523, -33.395490540436263 ], [ -70.650958061395315, -33.395476321097007 ], [ -70.650976302067861, -33.395629976839722 ] ], [ [ -70.645068072186064, -33.396365275387154 ], [ -70.645103474082759, -33.3965905373624 ], [ -70.644332499156235, -33.39671977410287 ], [ -70.644249811004983, -33.39667942901616 ], [ -70.644325267751526, -33.396665612084497 ], [ -70.644401026650925, -33.396610307699085 ], [ -70.644469174641856, -33.396573214757474 ], [ -70.644522425353742, -33.396531782132342 ], [ -70.644626821085851, -33.396476114243143 ], [ -70.64473016554976, -33.396434045412427 ], [ -70.644847076914218, -33.396396245365565 ], [ -70.644931998238889, -33.396372525818343 ], [ -70.645020913094456, -33.396353283166469 ], [ -70.645068072186064, -33.396365275387154 ] ], [ [ -70.650361435378329, -33.401396532384702 ], [ -70.650179632518388, -33.401422785389194 ], [ -70.650037985064742, -33.400722530881829 ], [ -70.650247889101308, -33.40069583755561 ], [ -70.650361435378329, -33.401396532384702 ] ], [ [ -70.648677938558976, -33.400894616345674 ], [ -70.648853976973385, -33.401569223715804 ], [ -70.648647880846156, -33.401587036088728 ], [ -70.64851045007309, -33.400908223265596 ], [ -70.648677938558976, -33.400894616345674 ] ], [ [ -70.65206017203198, -33.398725966373753 ], [ -70.651972316230015, -33.398272617032767 ], [ -70.652237540993383, -33.398294456218686 ], [ -70.652309177733144, -33.398722052240217 ], [ -70.65206017203198, -33.398725966373753 ] ], [ [ -70.655364453810236, -33.397065942167636 ], [ -70.655352897696531, -33.39665126685734 ], [ -70.655683892313746, -33.396821849299343 ], [ -70.655700598176836, -33.397059073846542 ], [ -70.655364453810236, -33.397065942167636 ] ], [ [ -70.64814231199847, -33.395910542798227 ], [ -70.647683067523928, -33.395952694512538 ], [ -70.647666111978197, -33.395792318707954 ], [ -70.648121697776475, -33.395749128965953 ], [ -70.64814231199847, -33.395910542798227 ] ], [ [ -70.649188435652732, -33.396766590397093 ], [ -70.64916649602516, -33.39663136918324 ], [ -70.649152503960693, -33.396632271234722 ], [ -70.649128325800191, -33.396517640631771 ], [ -70.649360195992443, -33.396493679911174 ], [ -70.649400886995764, -33.396742787625548 ], [ -70.649188435652732, -33.396766590397093 ] ], [ [ -70.649959638953931, -33.395558940739569 ], [ -70.6499674128316, -33.395746965789201 ], [ -70.649690266900492, -33.395768604114537 ], [ -70.649682819052131, -33.395587729836933 ], [ -70.649959638953931, -33.395558940739569 ] ], [ [ -70.651589665267153, -33.396930917881392 ], [ -70.651594088679516, -33.397164696653675 ], [ -70.651253705131353, -33.397216352836445 ], [ -70.651589665267153, -33.396930917881392 ] ], [ [ -70.655146935107638, -33.394211435486035 ], [ -70.655452159717981, -33.394046539623112 ], [ -70.655461467028331, -33.394262659189778 ], [ -70.655146935107638, -33.394211435486035 ] ], [ [ -70.655197941340049, -33.393932558146048 ], [ -70.654908943379212, -33.394163813726315 ], [ -70.654908939146253, -33.394163760574749 ], [ -70.654908931393834, -33.394163068071826 ], [ -70.654907875346794, -33.393936713515444 ], [ -70.655197941340049, -33.393932558146048 ] ], [ [ -70.646068534297783, -33.402022906622619 ], [ -70.645817977292324, -33.40206219880789 ], [ -70.645983693308281, -33.401893927805581 ], [ -70.646068534297783, -33.402022906622619 ] ] ] ] } }
]
}
